Method,Modality,Type,Subject,Volume,Dice,IoU,n_comp_2d,max_comp_slice,n_slices_multi,n_slices_fg,frac_slices_multi
AttUNet,otherscanners,ses-01,anat,sub-chuv008_ses-01_acq-haste_run-1_echo-1_T2w,0.901555597782135,0.820756733417511,71,8,17,30,0.5666666666666667
AttUNet,otherscanners,ses-01,anat,sub-chuv008_ses-01_acq-haste_run-1_echo-2_T2w,0.8499436378479004,0.739045262336731,108,18,19,32,0.59375
AttUNet,otherscanners,ses-01,anat,sub-chuv008_ses-01_acq-haste_run-1_echo-3_T2w,0.8117423057556152,0.6831366419792175,122,17,17,33,0.5151515151515151
AttUNet,otherscanners,ses-01,anat,sub-chuv008_ses-01_acq-haste_run-1_echo-4_T2w,0.5365360975265503,0.36662065982818604,75,9,15,22,0.6818181818181818
AttUNet,otherscanners,ses-01,anat,sub-chuv008_ses-01_acq-haste_run-1_echo-5_T2w,0.1236267164349556,0.065885990858078,38,7,8,12,0.6666666666666666
AttUNet,otherscanners,ses-01,anat,sub-chuv008_ses-01_acq-haste_run-1_echo-6_T2w,0.09589947015047073,0.05036471039056778,11,4,3,5,0.6
AttUNet,otherscanners,ses-01,anat,sub-chuv008_ses-01_acq-haste_run-2_echo-1_T2w,0.9540591239929199,0.9121540188789368,42,6,7,24,0.2916666666666667
AttUNet,otherscanners,ses-01,anat,sub-chuv008_ses-01_acq-haste_run-2_echo-2_T2w,0.9560185670852661,0.9157429337501526,26,3,4,21,0.19047619047619047
AttUNet,otherscanners,ses-01,anat,sub-chuv008_ses-01_acq-haste_run-2_echo-3_T2w,0.9402751922607422,0.8872823715209961,31,6,5,20,0.25
AttUNet,otherscanners,ses-01,anat,sub-chuv008_ses-01_acq-haste_run-2_echo-4_T2w,0.8160384297370911,0.6892440319061279,49,12,7,16,0.4375
AttUNet,otherscanners,ses-01,anat,sub-chuv008_ses-01_acq-haste_run-2_echo-5_T2w,0.5372074842453003,0.36724787950515747,29,6,7,13,0.5384615384615384
AttUNet,otherscanners,ses-01,anat,sub-chuv008_ses-01_acq-haste_run-2_echo-6_T2w,0.40950509905815125,0.2574702501296997,24,9,4,10,0.4
AttUNet,otherscanners,ses-01,anat,sub-chuv008_ses-01_acq-haste_run-3_echo-1_T2w,0.9716362357139587,0.9448370337486267,29,5,2,24,0.08333333333333333
AttUNet,otherscanners,ses-01,anat,sub-chuv008_ses-01_acq-haste_run-3_echo-2_T2w,0.951953649520874,0.9083124995231628,27,2,3,24,0.125
AttUNet,otherscanners,ses-01,anat,sub-chuv008_ses-01_acq-haste_run-3_echo-3_T2w,0.9419143795967102,0.8902062177658081,30,3,5,24,0.20833333333333334
AttUNet,otherscanners,ses-01,anat,sub-chuv008_ses-01_acq-haste_run-3_echo-4_T2w,0.8055480122566223,0.6744080185890198,49,6,10,21,0.47619047619047616
AttUNet,otherscanners,ses-01,anat,sub-chuv008_ses-01_acq-haste_run-3_echo-5_T2w,0.32916679978370667,0.19700758159160614,25,6,5,13,0.38461538461538464
AttUNet,otherscanners,ses-01,anat,sub-chuv008_ses-01_acq-haste_run-3_echo-6_T2w,0.15220582485198975,0.08237163722515106,27,7,6,10,0.6
AttUNet,otherscanners,ses-01,anat,sub-chuv016_ses-01_acq-haste_run-10_echo-1_T2w,0.9842650294303894,0.9690175652503967,23,2,1,22,0.045454545454545456
AttUNet,otherscanners,ses-01,anat,sub-chuv016_ses-01_acq-haste_run-10_echo-2_T2w,0.9820526242256165,0.964738130569458,26,3,3,22,0.13636363636363635
AttUNet,otherscanners,ses-01,anat,sub-chuv016_ses-01_acq-haste_run-10_echo-3_T2w,0.9697349071502686,0.9412479996681213,31,3,7,22,0.3181818181818182
AttUNet,otherscanners,ses-01,anat,sub-chuv016_ses-01_acq-haste_run-10_echo-4_T2w,0.6809296607971191,0.5162193775177002,95,25,16,20,0.8
AttUNet,otherscanners,ses-01,anat,sub-chuv016_ses-01_acq-haste_run-10_echo-5_T2w,0.08807935565710068,0.046068523079156876,38,7,7,14,0.5
AttUNet,otherscanners,ses-01,anat,sub-chuv016_ses-01_acq-haste_run-10_echo-6_T2w,0.029330791905522346,0.014883670955896378,23,5,5,13,0.38461538461538464
AttUNet,otherscanners,ses-01,anat,sub-chuv016_ses-01_acq-haste_run-1_echo-1_T2w,0.986900806427002,0.9741404056549072,22,1,0,22,0.0
AttUNet,otherscanners,ses-01,anat,sub-chuv016_ses-01_acq-haste_run-1_echo-2_T2w,0.984563946723938,0.9695971608161926,30,6,3,22,0.13636363636363635
AttUNet,otherscanners,ses-01,anat,sub-chuv016_ses-01_acq-haste_run-1_echo-3_T2w,0.9804938435554504,0.9617340564727783,25,2,3,22,0.13636363636363635
AttUNet,otherscanners,ses-01,anat,sub-chuv016_ses-01_acq-haste_run-1_echo-4_T2w,0.7535629272460938,0.6045736074447632,71,11,13,20,0.65
AttUNet,otherscanners,ses-01,anat,sub-chuv016_ses-01_acq-haste_run-1_echo-5_T2w,0.04615546390414238,0.023622894659638405,51,11,9,13,0.6923076923076923
AttUNet,otherscanners,ses-01,anat,sub-chuv016_ses-01_acq-haste_run-1_echo-6_T2w,0.018759936094284058,0.009468785487115383,24,9,5,9,0.5555555555555556
AttUNet,otherscanners,ses-01,anat,sub-chuv016_ses-01_acq-haste_run-2_echo-1_T2w,0.9837847352027893,0.9680868983268738,23,1,0,23,0.0
AttUNet,otherscanners,ses-01,anat,sub-chuv016_ses-01_acq-haste_run-2_echo-2_T2w,0.9786336421966553,0.9581611752510071,28,3,3,23,0.13043478260869565
AttUNet,otherscanners,ses-01,anat,sub-chuv016_ses-01_acq-haste_run-2_echo-3_T2w,0.9737290143966675,0.9488030076026917,31,4,6,23,0.2608695652173913
AttUNet,otherscanners,ses-01,anat,sub-chuv016_ses-01_acq-haste_run-2_echo-4_T2w,0.9329184293746948,0.8742709755897522,45,5,11,21,0.5238095238095238
AttUNet,otherscanners,ses-01,anat,sub-chuv016_ses-01_acq-haste_run-2_echo-5_T2w,0.4248217046260834,0.26969754695892334,72,14,9,17,0.5294117647058824
AttUNet,otherscanners,ses-01,anat,sub-chuv016_ses-01_acq-haste_run-2_echo-6_T2w,0.0008283288334496319,0.00041433601290918887,3,1,0,3,0.0
AttUNet,otherscanners,ses-01,anat,sub-chuv016_ses-01_acq-haste_run-3_echo-1_T2w,0.9604656100273132,0.9239383339881897,29,4,4,22,0.18181818181818182
AttUNet,otherscanners,ses-01,anat,sub-chuv016_ses-01_acq-haste_run-3_echo-2_T2w,0.9584256410598755,0.9201701879501343,27,3,3,22,0.13636363636363635
AttUNet,otherscanners,ses-01,anat,sub-chuv016_ses-01_acq-haste_run-3_echo-3_T2w,0.9465741515159607,0.8985673785209656,26,3,4,21,0.19047619047619047
AttUNet,otherscanners,ses-01,anat,sub-chuv016_ses-01_acq-haste_run-3_echo-4_T2w,0.8967915773391724,0.8128941059112549,25,3,5,19,0.2631578947368421
AttUNet,otherscanners,ses-01,anat,sub-chuv016_ses-01_acq-haste_run-3_echo-5_T2w,0.8815183639526367,0.7881383895874023,23,2,4,19,0.21052631578947367
AttUNet,otherscanners,ses-01,anat,sub-chuv016_ses-01_acq-haste_run-3_echo-6_T2w,0.8597791194915771,0.7540460824966431,26,5,4,19,0.21052631578947367
AttUNet,otherscanners,ses-01,anat,sub-chuv016_ses-01_acq-haste_run-4_echo-1_T2w,0.980522632598877,0.9617895483970642,24,3,1,22,0.045454545454545456
AttUNet,otherscanners,ses-01,anat,sub-chuv016_ses-01_acq-haste_run-4_echo-2_T2w,0.9789943099021912,0.9588528871536255,24,3,1,22,0.045454545454545456
AttUNet,otherscanners,ses-01,anat,sub-chuv016_ses-01_acq-haste_run-4_echo-3_T2w,0.977853536605835,0.9566667079925537,24,3,1,22,0.045454545454545456
AttUNet,otherscanners,ses-01,anat,sub-chuv016_ses-01_acq-haste_run-4_echo-4_T2w,0.9729799032211304,0.9473814964294434,28,5,2,22,0.09090909090909091
AttUNet,otherscanners,ses-01,anat,sub-chuv016_ses-01_acq-haste_run-4_echo-5_T2w,0.9657675623893738,0.9338012933731079,33,7,3,22,0.13636363636363635
AttUNet,otherscanners,ses-01,anat,sub-chuv016_ses-01_acq-haste_run-4_echo-6_T2w,0.9622824192047119,0.9273067116737366,30,6,3,21,0.14285714285714285
AttUNet,otherscanners,ses-01,anat,sub-chuv016_ses-01_acq-haste_run-5_echo-1_T2w,0.9791430830955505,0.9591383934020996,25,4,2,21,0.09523809523809523
AttUNet,otherscanners,ses-01,anat,sub-chuv016_ses-01_acq-haste_run-5_echo-2_T2w,0.9702472686767578,0.9422138333320618,25,3,4,20,0.2
AttUNet,otherscanners,ses-01,anat,sub-chuv016_ses-01_acq-haste_run-5_echo-3_T2w,0.9623163938522339,0.9273697733879089,24,3,3,20,0.15
AttUNet,otherscanners,ses-01,anat,sub-chuv016_ses-01_acq-haste_run-5_echo-4_T2w,0.943920910358429,0.8937975168228149,28,4,5,18,0.2777777777777778
AttUNet,otherscanners,ses-01,anat,sub-chuv016_ses-01_acq-haste_run-5_echo-5_T2w,0.6786289811134338,0.5135794878005981,106,19,16,18,0.8888888888888888
AttUNet,otherscanners,ses-01,anat,sub-chuv016_ses-01_acq-haste_run-5_echo-6_T2w,0.0,0.0,1,1,0,1,0.0
AttUNet,otherscanners,ses-01,anat,sub-chuv016_ses-01_acq-haste_run-7_echo-5_T2w,0.8957327008247375,0.8111556768417358,23,9,3,10,0.3
AttUNet,otherscanners,ses-01,anat,sub-chuv016_ses-01_acq-haste_run-7_echo-6_T2w,0.5609734058380127,0.3898284137248993,15,6,4,6,0.6666666666666666
AttUNet,otherscanners,ses-01,anat,sub-chuv016_ses-01_acq-haste_run-8_echo-1_T2w,0.9823586344718933,0.9653289318084717,23,1,0,23,0.0
AttUNet,otherscanners,ses-01,anat,sub-chuv016_ses-01_acq-haste_run-8_echo-2_T2w,0.9769286513328552,0.954897940158844,24,2,1,23,0.043478260869565216
AttUNet,otherscanners,ses-01,anat,sub-chuv016_ses-01_acq-haste_run-8_echo-3_T2w,0.971679151058197,0.9449182748794556,30,5,3,23,0.13043478260869565
AttUNet,otherscanners,ses-01,anat,sub-chuv016_ses-01_acq-haste_run-8_echo-4_T2w,0.9141212105751038,0.8418262600898743,66,9,14,23,0.6086956521739131
AttUNet,otherscanners,ses-01,anat,sub-chuv016_ses-01_acq-haste_run-8_echo-5_T2w,0.17911721765995026,0.098368339240551,44,10,9,12,0.75
AttUNet,otherscanners,ses-01,anat,sub-chuv016_ses-01_acq-haste_run-8_echo-6_T2w,0.010943861678242683,0.005502037238329649,6,2,2,4,0.5
AttUNet,otherscanners,ses-01,anat,sub-chuv016_ses-01_acq-haste_run-9_echo-5_T2w,0.6267576217651367,0.4564071297645569,81,28,8,9,0.8888888888888888
AttUNet,otherscanners,ses-01,anat,sub-chuv016_ses-01_acq-haste_run-9_echo-6_T2w,0.4094145894050598,0.25739866495132446,20,7,4,6,0.6666666666666666
AttUNet,otherscanners,ses-01,anat,sub-chuv021_ses-01_acq-haste_run-1_echo-1_T2w,0.9274100661277771,0.8646454811096191,45,5,11,25,0.44
AttUNet,otherscanners,ses-01,anat,sub-chuv021_ses-01_acq-haste_run-1_echo-2_T2w,0.8471224904060364,0.7347896695137024,93,12,17,25,0.68
AttUNet,otherscanners,ses-01,anat,sub-chuv021_ses-01_acq-haste_run-1_echo-3_T2w,0.7494585514068604,0.5993072390556335,97,13,21,25,0.84
AttUNet,otherscanners,ses-01,anat,sub-chuv021_ses-01_acq-haste_run-1_echo-4_T2w,0.4125972092151642,0.259919673204422,55,15,10,18,0.5555555555555556
AttUNet,otherscanners,ses-01,anat,sub-chuv021_ses-01_acq-haste_run-1_echo-5_T2w,0.13644012808799744,0.07321477681398392,21,10,2,7,0.2857142857142857
AttUNet,otherscanners,ses-01,anat,sub-chuv021_ses-01_acq-haste_run-1_echo-6_T2w,0.00043345667654648423,0.00021677531185559928,9,4,3,4,0.75
AttUNet,otherscanners,ses-01,anat,sub-chuv021_ses-01_acq-haste_run-2_echo-1_T2w,0.027802320197224617,0.014097127132117748,43,9,13,14,0.9285714285714286
AttUNet,otherscanners,ses-01,anat,sub-chuv021_ses-01_acq-haste_run-2_echo-2_T2w,0.025082165375351906,0.012700359337031841,55,7,11,17,0.6470588235294118
AttUNet,otherscanners,ses-01,anat,sub-chuv021_ses-01_acq-haste_run-2_echo-3_T2w,0.020939383655786514,0.010580466128885746,68,8,14,21,0.6666666666666666
AttUNet,otherscanners,ses-01,anat,sub-chuv021_ses-01_acq-haste_run-2_echo-4_T2w,0.011851130053400993,0.005960886832326651,83,15,12,16,0.75
AttUNet,otherscanners,ses-01,anat,sub-chuv021_ses-01_acq-haste_run-2_echo-5_T2w,0.0,0.0,6,3,2,2,1.0
AttUNet,otherscanners,ses-01,anat,sub-chuv021_ses-01_acq-haste_run-2_echo-6_T2w,0.0,0.0,1,1,0,1,0.0
AttUNet,otherscanners,ses-01,anat,sub-chuv021_ses-01_acq-haste_run-3_echo-1_T2w,0.975966215133667,0.9530605673789978,27,1,0,27,0.0
AttUNet,otherscanners,ses-01,anat,sub-chuv021_ses-01_acq-haste_run-3_echo-2_T2w,0.9633396863937378,0.9292722940444946,55,11,6,27,0.2222222222222222
AttUNet,otherscanners,ses-01,anat,sub-chuv021_ses-01_acq-haste_run-3_echo-3_T2w,0.9497365355491638,0.9042840600013733,51,11,7,26,0.2692307692307692
AttUNet,otherscanners,ses-01,anat,sub-chuv021_ses-01_acq-haste_run-3_echo-4_T2w,0.8906875252723694,0.802918553352356,45,7,11,23,0.4782608695652174
AttUNet,otherscanners,ses-01,anat,sub-chuv021_ses-01_acq-haste_run-3_echo-5_T2w,0.6794131994247437,0.5144782662391663,49,10,11,16,0.6875
AttUNet,otherscanners,ses-01,anat,sub-chuv021_ses-01_acq-haste_run-3_echo-6_T2w,0.19208291172981262,0.10624542087316513,18,8,4,7,0.5714285714285714
AttUNet,otherscanners,ses-01,anat,sub-chuv021_ses-01_acq-haste_run-4_echo-1_T2w,0.9548129439353943,0.913533091545105,51,6,11,25,0.44
AttUNet,otherscanners,ses-01,anat,sub-chuv021_ses-01_acq-haste_run-4_echo-2_T2w,0.9188550710678101,0.8498907089233398,66,8,17,28,0.6071428571428571
AttUNet,otherscanners,ses-01,anat,sub-chuv021_ses-01_acq-haste_run-4_echo-3_T2w,0.8612295389175415,0.7562801837921143,75,9,21,27,0.7777777777777778
AttUNet,otherscanners,ses-01,anat,sub-chuv021_ses-01_acq-haste_run-4_echo-4_T2w,0.8570285439491272,0.7498250007629395,72,10,17,23,0.7391304347826086
AttUNet,otherscanners,ses-01,anat,sub-chuv021_ses-01_acq-haste_run-4_echo-5_T2w,0.733262836933136,0.5788595080375671,99,25,15,18,0.8333333333333334
AttUNet,otherscanners,ses-01,anat,sub-chuv021_ses-01_acq-haste_run-4_echo-6_T2w,0.5226358771324158,0.3537623882293701,83,13,11,13,0.8461538461538461
AttUNet,otherscanners,ses-01,anat,sub-chuv021_ses-01_acq-haste_run-5_echo-1_T2w,0.9410704970359802,0.8886998891830444,53,7,11,26,0.4230769230769231
AttUNet,otherscanners,ses-01,anat,sub-chuv021_ses-01_acq-haste_run-5_echo-2_T2w,0.9196124076843262,0.8511874675750732,52,6,14,25,0.56
AttUNet,otherscanners,ses-01,anat,sub-chuv021_ses-01_acq-haste_run-5_echo-3_T2w,0.879723310470581,0.7852732539176941,67,7,19,27,0.7037037037037037
AttUNet,otherscanners,ses-01,anat,sub-chuv021_ses-01_acq-haste_run-5_echo-4_T2w,0.8069801926612854,0.6764180660247803,58,8,17,24,0.7083333333333334
AttUNet,otherscanners,ses-01,anat,sub-chuv021_ses-01_acq-haste_run-5_echo-5_T2w,0.7483213543891907,0.5978542566299438,47,7,10,21,0.47619047619047616
AttUNet,otherscanners,ses-01,anat,sub-chuv021_ses-01_acq-haste_run-5_echo-6_T2w,0.6956060528755188,0.5332791209220886,53,12,13,17,0.7647058823529411
AttUNet,otherscanners,ses-01,anat,sub-chuv021_ses-01_acq-haste_run-6_echo-1_T2w,0.9296112060546875,0.8684799075126648,51,14,9,24,0.375
AttUNet,otherscanners,ses-01,anat,sub-chuv021_ses-01_acq-haste_run-6_echo-2_T2w,0.8675550222396851,0.7660902738571167,81,9,19,25,0.76
AttUNet,otherscanners,ses-01,anat,sub-chuv021_ses-01_acq-haste_run-6_echo-3_T2w,0.7469972372055054,0.596165657043457,84,9,21,25,0.84
AttUNet,otherscanners,ses-01,anat,sub-chuv021_ses-01_acq-haste_run-6_echo-4_T2w,0.5087270736694336,0.34113609790802,49,6,12,16,0.75
AttUNet,otherscanners,ses-01,anat,sub-chuv021_ses-01_acq-haste_run-6_echo-5_T2w,0.15118926763534546,0.08177649974822998,25,8,5,8,0.625
AttUNet,otherscanners,ses-01,anat,sub-chuv021_ses-01_acq-haste_run-6_echo-6_T2w,0.0,0.0,6,3,1,4,0.25
AttUNet,otherscanners,ses-01,anat,sub-chuv021_ses-01_acq-haste_run-7_echo-1_T2w,0.9610691070556641,0.9250559210777283,26,2,1,25,0.04
AttUNet,otherscanners,ses-01,anat,sub-chuv021_ses-01_acq-haste_run-7_echo-2_T2w,0.9396167993545532,0.8861105442047119,34,5,4,26,0.15384615384615385
AttUNet,otherscanners,ses-01,anat,sub-chuv021_ses-01_acq-haste_run-7_echo-3_T2w,0.9419738054275513,0.8903123140335083,42,5,7,27,0.25925925925925924
AttUNet,otherscanners,ses-01,anat,sub-chuv021_ses-01_acq-haste_run-7_echo-4_T2w,0.8835987448692322,0.7914705872535706,40,7,7,21,0.3333333333333333
AttUNet,otherscanners,ses-01,anat,sub-chuv021_ses-01_acq-haste_run-7_echo-5_T2w,0.6064353585243225,0.43516844511032104,59,10,11,16,0.6875
AttUNet,otherscanners,ses-01,anat,sub-chuv021_ses-01_acq-haste_run-7_echo-6_T2w,0.17351669073104858,0.09500043094158173,11,6,3,3,1.0
AttUNet,otherscanners,ses-01,anat,sub-chuv024_ses-01_acq-haste_run-1_echo-1_T2w,0.9831133484840393,0.9667875170707703,28,1,0,28,0.0
AttUNet,otherscanners,ses-01,anat,sub-chuv024_ses-01_acq-haste_run-1_echo-2_T2w,0.981833279132843,0.964314877986908,28,1,0,28,0.0
AttUNet,otherscanners,ses-01,anat,sub-chuv024_ses-01_acq-haste_run-1_echo-3_T2w,0.9810267090797424,0.9627600312232971,28,1,0,28,0.0
AttUNet,otherscanners,ses-01,anat,sub-chuv024_ses-01_acq-haste_run-1_echo-4_T2w,0.9603736996650696,0.9237682223320007,39,4,6,28,0.21428571428571427
AttUNet,otherscanners,ses-01,anat,sub-chuv024_ses-01_acq-haste_run-1_echo-5_T2w,0.43593308329582214,0.27871766686439514,72,13,11,20,0.55
AttUNet,otherscanners,ses-01,anat,sub-chuv024_ses-01_acq-haste_run-1_echo-6_T2w,0.058283984661102295,0.030016740784049034,6,1,0,6,0.0
AttUNet,otherscanners,ses-01,anat,sub-chuv024_ses-01_acq-haste_run-2_echo-1_T2w,0.9827271699905396,0.966040849685669,22,1,0,22,0.0
AttUNet,otherscanners,ses-01,anat,sub-chuv024_ses-01_acq-haste_run-2_echo-2_T2w,0.9814119935035706,0.9635023474693298,22,1,0,22,0.0
AttUNet,otherscanners,ses-01,anat,sub-chuv024_ses-01_acq-haste_run-2_echo-3_T2w,0.9807197451591492,0.9621688723564148,23,2,1,22,0.045454545454545456
AttUNet,otherscanners,ses-01,anat,sub-chuv024_ses-01_acq-haste_run-2_echo-4_T2w,0.8473918437957764,0.7351950407028198,82,13,11,22,0.5
AttUNet,otherscanners,ses-01,anat,sub-chuv024_ses-01_acq-haste_run-2_echo-5_T2w,0.32006967067718506,0.19052556157112122,58,19,8,10,0.8
AttUNet,otherscanners,ses-01,anat,sub-chuv024_ses-01_acq-haste_run-2_echo-6_T2w,0.10978734493255615,0.05808200687170029,5,3,1,3,0.3333333333333333
AttUNet,otherscanners,ses-01,anat,sub-chuv024_ses-01_acq-haste_run-3_echo-1_T2w,0.49762803316116333,0.33122822642326355,36,6,8,18,0.4444444444444444
AttUNet,otherscanners,ses-01,anat,sub-chuv024_ses-01_acq-haste_run-3_echo-2_T2w,0.5179989337921143,0.34952667355537415,31,6,6,18,0.3333333333333333
AttUNet,otherscanners,ses-01,anat,sub-chuv024_ses-01_acq-haste_run-3_echo-3_T2w,0.49528926610946655,0.32915911078453064,54,22,6,17,0.35294117647058826
AttUNet,otherscanners,ses-01,anat,sub-chuv024_ses-01_acq-haste_run-3_echo-4_T2w,0.49817654490470886,0.3317144513130188,32,5,6,17,0.35294117647058826
AttUNet,otherscanners,ses-01,anat,sub-chuv024_ses-01_acq-haste_run-3_echo-5_T2w,0.5306982398033142,0.3611907958984375,28,9,4,14,0.2857142857142857
AttUNet,otherscanners,ses-01,anat,sub-chuv024_ses-01_acq-haste_run-3_echo-6_T2w,0.5505869388580322,0.37986892461776733,37,17,4,14,0.2857142857142857
AttUNet,otherscanners,ses-01,anat,sub-chuv024_ses-01_acq-haste_run-4_echo-1_T2w,0.8746932148933411,0.7772930860519409,29,4,4,22,0.18181818181818182
AttUNet,otherscanners,ses-01,anat,sub-chuv024_ses-01_acq-haste_run-4_echo-2_T2w,0.8800686001777649,0.78582364320755,31,5,3,21,0.14285714285714285
AttUNet,otherscanners,ses-01,anat,sub-chuv024_ses-01_acq-haste_run-4_echo-3_T2w,0.8540802001953125,0.7453228831291199,46,18,5,21,0.23809523809523808
AttUNet,otherscanners,ses-01,anat,sub-chuv024_ses-01_acq-haste_run-4_echo-4_T2w,0.7807552218437195,0.6403596997261047,33,5,6,19,0.3157894736842105
AttUNet,otherscanners,ses-01,anat,sub-chuv024_ses-01_acq-haste_run-4_echo-5_T2w,0.6131183505058289,0.44208410382270813,62,17,10,17,0.5882352941176471
AttUNet,otherscanners,ses-01,anat,sub-chuv024_ses-01_acq-haste_run-4_echo-6_T2w,0.3688845932483673,0.22615480422973633,47,16,7,12,0.5833333333333334
AttUNet,otherscanners,ses-01,anat,sub-chuv024_ses-01_acq-haste_run-5_echo-1_T2w,0.9563837647438049,0.9164132475852966,60,6,16,19,0.8421052631578947
AttUNet,otherscanners,ses-01,anat,sub-chuv024_ses-01_acq-haste_run-5_echo-2_T2w,0.8952984809875488,0.8104438185691833,79,11,17,19,0.8947368421052632
AttUNet,otherscanners,ses-01,anat,sub-chuv024_ses-01_acq-haste_run-5_echo-3_T2w,0.8462865948677063,0.733532726764679,80,8,18,18,1.0
AttUNet,otherscanners,ses-01,anat,sub-chuv024_ses-01_acq-haste_run-5_echo-4_T2w,0.740073561668396,0.5873942375183105,129,38,18,18,1.0
AttUNet,otherscanners,ses-01,anat,sub-chuv024_ses-01_acq-haste_run-5_echo-5_T2w,0.47642746567726135,0.3127041459083557,111,21,13,15,0.8666666666666667
AttUNet,otherscanners,ses-01,anat,sub-chuv024_ses-01_acq-haste_run-5_echo-6_T2w,0.1517564356327057,0.08210846036672592,74,42,5,7,0.7142857142857143
AttUNet,otherscanners,ses-01,anat,sub-chuv024_ses-01_acq-haste_run-6_echo-1_T2w,0.9300177097320557,0.8691897988319397,16,2,2,14,0.14285714285714285
AttUNet,otherscanners,ses-01,anat,sub-chuv024_ses-01_acq-haste_run-6_echo-2_T2w,0.9243301749229431,0.8593065738677979,26,7,3,14,0.21428571428571427
AttUNet,otherscanners,ses-01,anat,sub-chuv024_ses-01_acq-haste_run-6_echo-3_T2w,0.8892949223518372,0.8006580471992493,43,18,5,15,0.3333333333333333
AttUNet,otherscanners,ses-01,anat,sub-chuv024_ses-01_acq-haste_run-6_echo-4_T2w,0.7405291795730591,0.5879685282707214,20,6,3,13,0.23076923076923078
AttUNet,otherscanners,ses-01,anat,sub-chuv024_ses-01_acq-haste_run-6_echo-5_T2w,0.5654056668281555,0.39412233233451843,65,34,6,11,0.5454545454545454
AttUNet,otherscanners,ses-01,anat,sub-chuv024_ses-01_acq-haste_run-6_echo-6_T2w,0.2260839194059372,0.12744905054569244,21,11,4,7,0.5714285714285714
AttUNet,otherscanners,ses-01,anat,sub-chuv024_ses-01_acq-haste_run-7_echo-1_T2w,0.7294690012931824,0.5741450190544128,85,14,18,21,0.8571428571428571
AttUNet,otherscanners,ses-01,anat,sub-chuv024_ses-01_acq-haste_run-7_echo-2_T2w,0.6972188353538513,0.5351772308349609,94,12,17,21,0.8095238095238095
AttUNet,otherscanners,ses-01,anat,sub-chuv024_ses-01_acq-haste_run-7_echo-3_T2w,0.6598292589187622,0.4923471510410309,104,16,19,21,0.9047619047619048
AttUNet,otherscanners,ses-01,anat,sub-chuv024_ses-01_acq-haste_run-7_echo-4_T2w,0.3878321945667267,0.24056565761566162,101,13,16,19,0.8421052631578947
AttUNet,otherscanners,ses-01,anat,sub-chuv024_ses-01_acq-haste_run-7_echo-5_T2w,0.029570698738098145,0.01500723697245121,20,5,5,9,0.5555555555555556
AttUNet,otherscanners,ses-01,anat,sub-chuv024_ses-01_acq-haste_run-7_echo-6_T2w,0.011650885455310345,0.0058595770969986916,14,7,2,5,0.4
AttUNet,otherscanners,ses-01,anat,sub-chuv024_ses-01_acq-haste_run-8_echo-1_T2w,0.7383425235748291,0.5852162837982178,18,4,2,14,0.14285714285714285
AttUNet,otherscanners,ses-01,anat,sub-chuv024_ses-01_acq-haste_run-8_echo-2_T2w,0.7373836040496826,0.5840123295783997,18,4,2,14,0.14285714285714285
AttUNet,otherscanners,ses-01,anat,sub-chuv024_ses-01_acq-haste_run-8_echo-3_T2w,0.7367213368415833,0.5831819176673889,26,9,3,14,0.21428571428571427
AttUNet,otherscanners,ses-01,anat,sub-chuv024_ses-01_acq-haste_run-8_echo-4_T2w,0.7222460508346558,0.56524658203125,39,13,4,14,0.2857142857142857
AttUNet,otherscanners,ses-01,anat,sub-chuv024_ses-01_acq-haste_run-8_echo-5_T2w,0.7022501826286316,0.5411291122436523,33,12,6,11,0.5454545454545454
AttUNet,otherscanners,ses-01,anat,sub-chuv024_ses-01_acq-haste_run-8_echo-6_T2w,0.48400646448135376,0.31926682591438293,45,13,5,9,0.5555555555555556
AttUNet,otherscanners,ses-01,anat,sub-chuv024_ses-01_acq-haste_run-9_echo-1_T2w,0.8103470206260681,0.6811624765396118,24,5,1,20,0.05
AttUNet,otherscanners,ses-01,anat,sub-chuv024_ses-01_acq-haste_run-9_echo-2_T2w,0.8121129274368286,0.6836617588996887,28,6,3,20,0.15
AttUNet,otherscanners,ses-01,anat,sub-chuv024_ses-01_acq-haste_run-9_echo-3_T2w,0.777168333530426,0.6355481147766113,47,18,5,20,0.25
AttUNet,otherscanners,ses-01,anat,sub-chuv024_ses-01_acq-haste_run-9_echo-4_T2w,0.721903920173645,0.564827561378479,25,3,3,20,0.15
AttUNet,otherscanners,ses-01,anat,sub-chuv024_ses-01_acq-haste_run-9_echo-5_T2w,0.5262040495872498,0.3570399880409241,54,11,7,18,0.3888888888888889
AttUNet,otherscanners,ses-01,anat,sub-chuv024_ses-01_acq-haste_run-9_echo-6_T2w,0.42122703790664673,0.26680660247802734,47,12,6,15,0.4
AttUNet,otherscanners,ses-01,anat,sub-chuv038_ses-01_acq-haste_run-2_echo-1_T2w,0.9838792085647583,0.968269944190979,28,2,4,24,0.16666666666666666
AttUNet,otherscanners,ses-01,anat,sub-chuv038_ses-01_acq-haste_run-2_echo-2_T2w,0.9757715463638306,0.9526893496513367,35,4,6,26,0.23076923076923078
AttUNet,otherscanners,ses-01,anat,sub-chuv038_ses-01_acq-haste_run-2_echo-3_T2w,0.9630773067474365,0.9287841320037842,33,3,7,25,0.28
AttUNet,otherscanners,ses-01,anat,sub-chuv038_ses-01_acq-haste_run-2_echo-4_T2w,0.6124082803726196,0.4413461685180664,76,24,11,17,0.6470588235294118
AttUNet,otherscanners,ses-01,anat,sub-chuv038_ses-01_acq-haste_run-2_echo-5_T2w,0.0,0.0,2,2,1,1,1.0
AttUNet,otherscanners,ses-01,anat,sub-chuv038_ses-01_acq-haste_run-2_echo-6_T2w,0.0,0.0,0,0,0,0,
AttUNet,otherscanners,ses-01,anat,sub-chuv038_ses-01_acq-haste_run-3_echo-1_T2w,0.9842761158943176,0.9690390229225159,26,1,0,26,0.0
AttUNet,otherscanners,ses-01,anat,sub-chuv038_ses-01_acq-haste_run-3_echo-2_T2w,0.9682318568229675,0.9384199380874634,28,4,1,25,0.04
AttUNet,otherscanners,ses-01,anat,sub-chuv038_ses-01_acq-haste_run-3_echo-3_T2w,0.9505559206008911,0.9057708978652954,32,5,5,23,0.21739130434782608
AttUNet,otherscanners,ses-01,anat,sub-chuv038_ses-01_acq-haste_run-3_echo-4_T2w,0.7234352827072144,0.5667047500610352,88,22,12,21,0.5714285714285714
AttUNet,otherscanners,ses-01,anat,sub-chuv038_ses-01_acq-haste_run-3_echo-5_T2w,0.16671854257583618,0.090939961373806,8,4,1,5,0.2
AttUNet,otherscanners,ses-01,anat,sub-chuv038_ses-01_acq-haste_run-3_echo-6_T2w,0.09281862527132034,0.04866795986890793,3,2,1,2,0.5
AttUNet,otherscanners,ses-01,anat,sub-chuv038_ses-01_acq-haste_run-4_echo-1_T2w,0.7560474872589111,0.6077784299850464,26,2,1,25,0.04
AttUNet,otherscanners,ses-01,anat,sub-chuv038_ses-01_acq-haste_run-4_echo-2_T2w,0.7455648183822632,0.5943430066108704,54,13,7,29,0.2413793103448276
AttUNet,otherscanners,ses-01,anat,sub-chuv038_ses-01_acq-haste_run-4_echo-3_T2w,0.7455742359161377,0.594355046749115,90,8,16,29,0.5517241379310345
AttUNet,otherscanners,ses-01,anat,sub-chuv038_ses-01_acq-haste_run-4_echo-4_T2w,0.6040048003196716,0.4326696991920471,144,17,20,24,0.8333333333333334
AttUNet,otherscanners,ses-01,anat,sub-chuv038_ses-01_acq-haste_run-4_echo-5_T2w,0.002561403438448906,0.0012823441065847874,35,15,7,9,0.7777777777777778
AttUNet,otherscanners,ses-01,anat,sub-chuv038_ses-01_acq-haste_run-4_echo-6_T2w,0.0,0.0,8,4,2,4,0.5
AttUNet,otherscanners,ses-01,anat,sub-chuv038_ses-01_acq-haste_run-5_echo-1_T2w,0.9820169806480408,0.9646692872047424,34,2,1,33,0.030303030303030304
AttUNet,otherscanners,ses-01,anat,sub-chuv038_ses-01_acq-haste_run-5_echo-2_T2w,0.9755131602287292,0.9521968364715576,41,3,5,34,0.14705882352941177
AttUNet,otherscanners,ses-01,anat,sub-chuv038_ses-01_acq-haste_run-5_echo-3_T2w,0.9621526598930359,0.9270657300949097,47,5,7,33,0.21212121212121213
AttUNet,otherscanners,ses-01,anat,sub-chuv038_ses-01_acq-haste_run-5_echo-4_T2w,0.8601689338684082,0.7546459436416626,68,9,15,32,0.46875
AttUNet,otherscanners,ses-01,anat,sub-chuv038_ses-01_acq-haste_run-5_echo-5_T2w,0.39038681983947754,0.2425345629453659,83,14,17,22,0.7727272727272727
AttUNet,otherscanners,ses-01,anat,sub-chuv038_ses-01_acq-haste_run-5_echo-6_T2w,0.010993732139468193,0.005527248606085777,18,4,6,9,0.6666666666666666
AttUNet,otherscanners,ses-01,anat,sub-chuv038_ses-01_acq-haste_run-6_echo-1_T2w,0.9826257228851318,0.9658448696136475,24,1,0,24,0.0
AttUNet,otherscanners,ses-01,anat,sub-chuv038_ses-01_acq-haste_run-6_echo-2_T2w,0.979414701461792,0.9596598148345947,24,1,0,24,0.0
AttUNet,otherscanners,ses-01,anat,sub-chuv038_ses-01_acq-haste_run-6_echo-3_T2w,0.9672518372535706,0.93658047914505,39,6,7,23,0.30434782608695654
AttUNet,otherscanners,ses-01,anat,sub-chuv038_ses-01_acq-haste_run-6_echo-4_T2w,0.7623986005783081,0.6160292029380798,92,20,13,20,0.65
AttUNet,otherscanners,ses-01,anat,sub-chuv038_ses-01_acq-haste_run-6_echo-5_T2w,0.07511737197637558,0.039024390280246735,61,18,5,8,0.625
AttUNet,otherscanners,ses-01,anat,sub-chuv038_ses-01_acq-haste_run-6_echo-6_T2w,0.0,0.0,0,0,0,0,
AttUNet,otherscanners,ses-01,anat,sub-chuv038_ses-01_acq-haste_run-7_echo-1_T2w,0.9826275110244751,0.9658482670783997,32,3,2,29,0.06896551724137931
AttUNet,otherscanners,ses-01,anat,sub-chuv038_ses-01_acq-haste_run-7_echo-2_T2w,0.9787876009941101,0.9584565162658691,34,4,3,29,0.10344827586206896
AttUNet,otherscanners,ses-01,anat,sub-chuv038_ses-01_acq-haste_run-7_echo-3_T2w,0.9741658568382263,0.9496328830718994,35,3,4,29,0.13793103448275862
AttUNet,otherscanners,ses-01,anat,sub-chuv038_ses-01_acq-haste_run-7_echo-4_T2w,0.9081854820251465,0.8318129777908325,61,10,10,31,0.3225806451612903
AttUNet,otherscanners,ses-01,anat,sub-chuv038_ses-01_acq-haste_run-7_echo-5_T2w,0.6441530585289001,0.4750927686691284,109,24,20,30,0.6666666666666666
AttUNet,otherscanners,ses-01,anat,sub-chuv038_ses-01_acq-haste_run-7_echo-6_T2w,0.1735275536775589,0.09500693529844284,100,15,12,21,0.5714285714285714
AttUNet,otherscanners,ses-01,anat,sub-chuv038_ses-01_acq-haste_run-8_echo-1_T2w,0.9807935953140259,0.9623110890388489,26,1,0,26,0.0
AttUNet,otherscanners,ses-01,anat,sub-chuv038_ses-01_acq-haste_run-8_echo-2_T2w,0.9574909806251526,0.9184485673904419,41,6,6,30,0.2
AttUNet,otherscanners,ses-01,anat,sub-chuv038_ses-01_acq-haste_run-8_echo-3_T2w,0.9264770150184631,0.863024890422821,72,8,19,30,0.6333333333333333
AttUNet,otherscanners,ses-01,anat,sub-chuv038_ses-01_acq-haste_run-8_echo-4_T2w,0.7682116627693176,0.6236555576324463,121,16,21,29,0.7241379310344828
AttUNet,otherscanners,ses-01,anat,sub-chuv038_ses-01_acq-haste_run-8_echo-5_T2w,0.0064375814981758595,0.0032291847746819258,16,7,3,7,0.42857142857142855
AttUNet,otherscanners,ses-01,anat,sub-chuv038_ses-01_acq-haste_run-8_echo-6_T2w,0.0,0.0,11,9,2,2,1.0
AttUNet,otherscanners,ses-01,anat,sub-chuv043_ses-01_acq-haste_run-1_echo-1_T2w,0.9777002334594727,0.9563732743263245,29,3,4,24,0.16666666666666666
AttUNet,otherscanners,ses-01,anat,sub-chuv043_ses-01_acq-haste_run-1_echo-2_T2w,0.9749978184700012,0.9512153267860413,29,3,4,24,0.16666666666666666
AttUNet,otherscanners,ses-01,anat,sub-chuv043_ses-01_acq-haste_run-1_echo-3_T2w,0.9730713367462158,0.9475549459457397,30,3,5,24,0.20833333333333334
AttUNet,otherscanners,ses-01,anat,sub-chuv043_ses-01_acq-haste_run-1_echo-4_T2w,0.9696667790412903,0.9411195516586304,28,3,5,22,0.22727272727272727
AttUNet,otherscanners,ses-01,anat,sub-chuv043_ses-01_acq-haste_run-1_echo-5_T2w,0.9379666447639465,0.8831800222396851,41,12,7,22,0.3181818181818182
AttUNet,otherscanners,ses-01,anat,sub-chuv043_ses-01_acq-haste_run-1_echo-6_T2w,0.8448508977890015,0.7313782572746277,66,13,12,21,0.5714285714285714
AttUNet,otherscanners,ses-01,anat,sub-chuv043_ses-01_acq-haste_run-2_echo-1_T2w,0.9807915091514587,0.9623070955276489,33,2,2,31,0.06451612903225806
AttUNet,otherscanners,ses-01,anat,sub-chuv043_ses-01_acq-haste_run-2_echo-2_T2w,0.9790381789207458,0.9589371085166931,31,2,1,30,0.03333333333333333
AttUNet,otherscanners,ses-01,anat,sub-chuv043_ses-01_acq-haste_run-2_echo-3_T2w,0.9781352877616882,0.9572062492370605,31,2,1,30,0.03333333333333333
AttUNet,otherscanners,ses-01,anat,sub-chuv043_ses-01_acq-haste_run-2_echo-4_T2w,0.9756749272346497,0.9525051116943359,30,1,0,30,0.0
AttUNet,otherscanners,ses-01,anat,sub-chuv043_ses-01_acq-haste_run-2_echo-5_T2w,0.9348897337913513,0.8777397871017456,45,7,5,30,0.16666666666666666
AttUNet,otherscanners,ses-01,anat,sub-chuv043_ses-01_acq-haste_run-2_echo-6_T2w,0.8820376992225647,0.788969099521637,44,4,8,29,0.27586206896551724
AttUNet,otherscanners,ses-01,anat,sub-chuv043_ses-01_acq-haste_run-3_echo-1_T2w,0.9841904640197754,0.9688730835914612,26,1,0,26,0.0
AttUNet,otherscanners,ses-01,anat,sub-chuv043_ses-01_acq-haste_run-3_echo-2_T2w,0.9813689589500427,0.9634194374084473,26,1,0,26,0.0
AttUNet,otherscanners,ses-01,anat,sub-chuv043_ses-01_acq-haste_run-3_echo-3_T2w,0.979025661945343,0.9589131474494934,26,1,0,26,0.0
AttUNet,otherscanners,ses-01,anat,sub-chuv043_ses-01_acq-haste_run-3_echo-4_T2w,0.9595955014228821,0.9223291873931885,35,5,3,26,0.11538461538461539
AttUNet,otherscanners,ses-01,anat,sub-chuv043_ses-01_acq-haste_run-3_echo-5_T2w,0.810728907585144,0.6817023754119873,66,13,14,24,0.5833333333333334
AttUNet,otherscanners,ses-01,anat,sub-chuv043_ses-01_acq-haste_run-3_echo-6_T2w,0.5008220076560974,0.33406439423561096,80,14,14,19,0.7368421052631579
AttUNet,otherscanners,ses-01,anat,sub-chuv043_ses-01_acq-haste_run-4_echo-1_T2w,0.9767712354660034,0.9545971155166626,29,3,5,22,0.22727272727272727
AttUNet,otherscanners,ses-01,anat,sub-chuv043_ses-01_acq-haste_run-4_echo-2_T2w,0.9735909104347229,0.9485407471656799,29,3,6,22,0.2727272727272727
AttUNet,otherscanners,ses-01,anat,sub-chuv043_ses-01_acq-haste_run-4_echo-3_T2w,0.9713707566261292,0.9443352222442627,29,3,6,22,0.2727272727272727
AttUNet,otherscanners,ses-01,anat,sub-chuv043_ses-01_acq-haste_run-4_echo-4_T2w,0.9686907529830933,0.9392825365066528,28,3,6,21,0.2857142857142857
AttUNet,otherscanners,ses-01,anat,sub-chuv043_ses-01_acq-haste_run-4_echo-5_T2w,0.952066957950592,0.9085188508033752,36,5,8,20,0.4
AttUNet,otherscanners,ses-01,anat,sub-chuv043_ses-01_acq-haste_run-4_echo-6_T2w,0.7687739133834839,0.6243970394134521,70,13,13,20,0.65
AttUNet,otherscanners,ses-01,anat,sub-chuv043_ses-01_acq-haste_run-6_echo-1_T2w,0.9854793548583984,0.9713743925094604,25,1,0,25,0.0
AttUNet,otherscanners,ses-01,anat,sub-chuv043_ses-01_acq-haste_run-6_echo-2_T2w,0.9830131530761719,0.9665937423706055,25,1,0,25,0.0
AttUNet,otherscanners,ses-01,anat,sub-chuv043_ses-01_acq-haste_run-6_echo-3_T2w,0.9803950190544128,0.9615439772605896,26,2,1,25,0.04
AttUNet,otherscanners,ses-01,anat,sub-chuv043_ses-01_acq-haste_run-6_echo-4_T2w,0.9480343461036682,0.9012027382850647,50,16,5,26,0.19230769230769232
AttUNet,otherscanners,ses-01,anat,sub-chuv043_ses-01_acq-haste_run-6_echo-5_T2w,0.786399245262146,0.6479883790016174,72,20,11,25,0.44
AttUNet,otherscanners,ses-01,anat,sub-chuv043_ses-01_acq-haste_run-6_echo-6_T2w,0.28265076875686646,0.16458550095558167,110,19,13,17,0.7647058823529411
AttUNet,otherscanners,ses-01,anat,sub-chuv043_ses-01_acq-haste_run-7_echo-1_T2w,0.9771825075149536,0.9553830623626709,28,3,5,22,0.22727272727272727
AttUNet,otherscanners,ses-01,anat,sub-chuv043_ses-01_acq-haste_run-7_echo-2_T2w,0.9746675491333008,0.9505868554115295,27,3,4,22,0.18181818181818182
AttUNet,otherscanners,ses-01,anat,sub-chuv043_ses-01_acq-haste_run-7_echo-3_T2w,0.9727342128753662,0.946915864944458,28,3,5,22,0.22727272727272727
AttUNet,otherscanners,ses-01,anat,sub-chuv043_ses-01_acq-haste_run-7_echo-4_T2w,0.9699389338493347,0.9416325092315674,27,3,4,22,0.18181818181818182
AttUNet,otherscanners,ses-01,anat,sub-chuv043_ses-01_acq-haste_run-7_echo-5_T2w,0.9592546224594116,0.921699583530426,30,3,7,22,0.3181818181818182
AttUNet,otherscanners,ses-01,anat,sub-chuv043_ses-01_acq-haste_run-7_echo-6_T2w,0.7880175709724426,0.6501889824867249,57,7,12,21,0.5714285714285714
AttUNet,otherscanners,ses-01,anat,sub-chuv043_ses-01_acq-haste_run-8_echo-1_T2w,0.9827103614807129,0.9660084247589111,30,1,0,30,0.0
AttUNet,otherscanners,ses-01,anat,sub-chuv043_ses-01_acq-haste_run-8_echo-2_T2w,0.9813967943191528,0.9634730815887451,30,1,0,30,0.0
AttUNet,otherscanners,ses-01,anat,sub-chuv043_ses-01_acq-haste_run-8_echo-3_T2w,0.9803520441055298,0.9614612460136414,30,1,0,30,0.0
AttUNet,otherscanners,ses-01,anat,sub-chuv043_ses-01_acq-haste_run-8_echo-4_T2w,0.9766613841056824,0.954387366771698,47,16,2,31,0.06451612903225806
AttUNet,otherscanners,ses-01,anat,sub-chuv043_ses-01_acq-haste_run-8_echo-5_T2w,0.9613015651702881,0.9254867434501648,40,4,7,30,0.23333333333333334
AttUNet,otherscanners,ses-01,anat,sub-chuv043_ses-01_acq-haste_run-8_echo-6_T2w,0.8650210499763489,0.7621472477912903,62,9,9,27,0.3333333333333333
AttUNet,otherscanners,ses-01,anat,sub-chuv050_ses-01_acq-haste_run-1_echo-1_T2w,0.9712748527526855,0.944153904914856,26,2,2,24,0.08333333333333333
AttUNet,otherscanners,ses-01,anat,sub-chuv050_ses-01_acq-haste_run-1_echo-2_T2w,0.9714751839637756,0.9445325136184692,26,2,2,24,0.08333333333333333
AttUNet,otherscanners,ses-01,anat,sub-chuv050_ses-01_acq-haste_run-1_echo-3_T2w,0.9698237180709839,0.9414153099060059,31,3,5,24,0.20833333333333334
AttUNet,otherscanners,ses-01,anat,sub-chuv050_ses-01_acq-haste_run-1_echo-4_T2w,0.9639060497283936,0.9303268194198608,37,4,7,24,0.2916666666666667
AttUNet,otherscanners,ses-01,anat,sub-chuv050_ses-01_acq-haste_run-1_echo-5_T2w,0.9347559809684753,0.8775041103363037,44,5,12,24,0.5
AttUNet,otherscanners,ses-01,anat,sub-chuv050_ses-01_acq-haste_run-1_echo-6_T2w,0.9160760641098022,0.8451479077339172,62,7,15,24,0.625
AttUNet,otherscanners,ses-01,anat,sub-chuv050_ses-01_acq-haste_run-2_echo-1_T2w,0.9849550127983093,0.9703559875488281,22,1,0,22,0.0
AttUNet,otherscanners,ses-01,anat,sub-chuv050_ses-01_acq-haste_run-2_echo-2_T2w,0.9813756942749023,0.9634324312210083,22,1,0,22,0.0
AttUNet,otherscanners,ses-01,anat,sub-chuv050_ses-01_acq-haste_run-2_echo-3_T2w,0.9788678288459778,0.9586102962493896,29,5,3,22,0.13636363636363635
AttUNet,otherscanners,ses-01,anat,sub-chuv050_ses-01_acq-haste_run-2_echo-4_T2w,0.952147901058197,0.9086663722991943,53,9,13,22,0.5909090909090909
AttUNet,otherscanners,ses-01,anat,sub-chuv050_ses-01_acq-haste_run-2_echo-5_T2w,0.8622652888298035,0.7578790783882141,91,12,16,22,0.7272727272727273
AttUNet,otherscanners,ses-01,anat,sub-chuv050_ses-01_acq-haste_run-2_echo-6_T2w,0.6142461895942688,0.44325780868530273,177,23,19,22,0.8636363636363636
AttUNet,otherscanners,ses-01,anat,sub-chuv050_ses-01_acq-haste_run-3_echo-1_T2w,0.9817937612533569,0.9642385840415955,25,2,3,22,0.13636363636363635
AttUNet,otherscanners,ses-01,anat,sub-chuv050_ses-01_acq-haste_run-3_echo-2_T2w,0.9803190231323242,0.9613977074623108,25,2,3,22,0.13636363636363635
AttUNet,otherscanners,ses-01,anat,sub-chuv050_ses-01_acq-haste_run-3_echo-3_T2w,0.9787015318870544,0.9582914113998413,25,2,4,21,0.19047619047619047
AttUNet,otherscanners,ses-01,anat,sub-chuv050_ses-01_acq-haste_run-3_echo-4_T2w,0.9739522337913513,0.9492270350456238,27,2,5,22,0.22727272727272727
AttUNet,otherscanners,ses-01,anat,sub-chuv050_ses-01_acq-haste_run-3_echo-5_T2w,0.9620348215103149,0.9268468618392944,30,4,5,21,0.23809523809523808
AttUNet,otherscanners,ses-01,anat,sub-chuv050_ses-01_acq-haste_run-3_echo-6_T2w,0.9299204349517822,0.8690199255943298,40,8,9,20,0.45
AttUNet,otherscanners,ses-01,anat,sub-chuv050_ses-01_acq-haste_run-4_echo-1_T2w,0.9655908346176147,0.9334708452224731,5,3,1,3,0.3333333333333333
AttUNet,otherscanners,ses-01,anat,sub-chuv050_ses-01_acq-haste_run-4_echo-2_T2w,0.9563114643096924,0.9162805080413818,8,6,1,3,0.3333333333333333
AttUNet,otherscanners,ses-01,anat,sub-chuv050_ses-01_acq-haste_run-4_echo-3_T2w,0.9485940933227539,0.9022149443626404,5,3,1,3,0.3333333333333333
AttUNet,otherscanners,ses-01,anat,sub-chuv050_ses-01_acq-haste_run-4_echo-4_T2w,0.9222918152809143,0.8557898998260498,4,2,1,3,0.3333333333333333
AttUNet,otherscanners,ses-01,anat,sub-chuv050_ses-01_acq-haste_run-4_echo-5_T2w,0.9125295281410217,0.8391304612159729,9,6,2,3,0.6666666666666666
AttUNet,otherscanners,ses-01,anat,sub-chuv050_ses-01_acq-haste_run-4_echo-6_T2w,0.808476448059082,0.6785233020782471,8,5,2,3,0.6666666666666666
AttUNet,otherscanners,ses-01,anat,sub-chuv050_ses-01_acq-haste_run-5_echo-1_T2w,0.9802943468093872,0.9613503217697144,28,3,5,22,0.22727272727272727
AttUNet,otherscanners,ses-01,anat,sub-chuv050_ses-01_acq-haste_run-5_echo-2_T2w,0.9788561463356018,0.9585879445075989,25,2,3,22,0.13636363636363635
AttUNet,otherscanners,ses-01,anat,sub-chuv050_ses-01_acq-haste_run-5_echo-3_T2w,0.9778791069984436,0.9567157030105591,27,2,5,22,0.22727272727272727
AttUNet,otherscanners,ses-01,anat,sub-chuv050_ses-01_acq-haste_run-5_echo-4_T2w,0.9738892316818237,0.94910728931427,25,2,4,21,0.19047619047619047
AttUNet,otherscanners,ses-01,anat,sub-chuv050_ses-01_acq-haste_run-5_echo-5_T2w,0.9549272656440735,0.9137423634529114,30,3,7,21,0.3333333333333333
AttUNet,otherscanners,ses-01,anat,sub-chuv050_ses-01_acq-haste_run-5_echo-6_T2w,0.9162417054176331,0.8454298973083496,50,6,15,21,0.7142857142857143
AttUNet,otherscanners,ses-01,anat,sub-chuv050_ses-01_acq-haste_run-6_echo-1_T2w,0.9839882254600525,0.9684811234474182,25,3,2,22,0.09090909090909091
AttUNet,otherscanners,ses-01,anat,sub-chuv050_ses-01_acq-haste_run-6_echo-2_T2w,0.9828964471817017,0.9663680791854858,24,2,2,22,0.09090909090909091
AttUNet,otherscanners,ses-01,anat,sub-chuv050_ses-01_acq-haste_run-6_echo-3_T2w,0.9820611476898193,0.964754581451416,27,2,5,22,0.22727272727272727
AttUNet,otherscanners,ses-01,anat,sub-chuv050_ses-01_acq-haste_run-6_echo-4_T2w,0.9583015441894531,0.9199413657188416,33,5,5,22,0.22727272727272727
AttUNet,otherscanners,ses-01,anat,sub-chuv050_ses-01_acq-haste_run-6_echo-5_T2w,0.9250274896621704,0.8605126738548279,46,4,12,22,0.5454545454545454
AttUNet,otherscanners,ses-01,anat,sub-chuv050_ses-01_acq-haste_run-6_echo-6_T2w,0.8982958793640137,0.8153694868087769,82,11,14,22,0.6363636363636364
AttUNet,otherscanners,ses-01,anat,sub-chuv050_ses-01_acq-haste_run-7_echo-1_T2w,0.98477703332901,0.9700105786323547,22,1,0,22,0.0
AttUNet,otherscanners,ses-01,anat,sub-chuv050_ses-01_acq-haste_run-7_echo-2_T2w,0.9817200899124146,0.9640964269638062,22,1,0,22,0.0
AttUNet,otherscanners,ses-01,anat,sub-chuv050_ses-01_acq-haste_run-7_echo-3_T2w,0.9797057509422302,0.9602188467979431,26,3,2,22,0.09090909090909091
AttUNet,otherscanners,ses-01,anat,sub-chuv050_ses-01_acq-haste_run-7_echo-4_T2w,0.9658247232437134,0.9339081048965454,49,10,10,22,0.45454545454545453
AttUNet,otherscanners,ses-01,anat,sub-chuv050_ses-01_acq-haste_run-7_echo-5_T2w,0.9097351431846619,0.8344165682792664,73,8,16,22,0.7272727272727273
AttUNet,otherscanners,ses-01,anat,sub-chuv050_ses-01_acq-haste_run-7_echo-6_T2w,0.8419537544250488,0.7270467877388,101,9,21,22,0.9545454545454546
AttUNet,otherscanners,ses-01,anat,sub-chuv050_ses-01_acq-haste_run-8_echo-1_T2w,0.981579601764679,0.963825523853302,25,2,1,24,0.041666666666666664
AttUNet,otherscanners,ses-01,anat,sub-chuv050_ses-01_acq-haste_run-8_echo-2_T2w,0.9802098870277405,0.9611878991127014,24,1,0,24,0.0
AttUNet,otherscanners,ses-01,anat,sub-chuv050_ses-01_acq-haste_run-8_echo-3_T2w,0.9790074825286865,0.9588781595230103,27,2,3,24,0.125
AttUNet,otherscanners,ses-01,anat,sub-chuv050_ses-01_acq-haste_run-8_echo-4_T2w,0.9690842628479004,0.9400227665901184,43,8,6,24,0.25
AttUNet,otherscanners,ses-01,anat,sub-chuv050_ses-01_acq-haste_run-8_echo-5_T2w,0.9373446106910706,0.882077693939209,49,5,11,24,0.4583333333333333
AttUNet,otherscanners,ses-01,anat,sub-chuv050_ses-01_acq-haste_run-8_echo-6_T2w,0.9079204201698303,0.8313683867454529,70,13,13,24,0.5416666666666666
AttUNet,otherscanners,ses-01,anat,sub-chuv068_ses-01_acq-haste_run-1_echo-1_T2w,0.9563892483711243,0.9164233803749084,18,1,0,18,0.0
AttUNet,otherscanners,ses-01,anat,sub-chuv068_ses-01_acq-haste_run-1_echo-2_T2w,0.9616067409515381,0.9260525107383728,17,1,0,17,0.0
AttUNet,otherscanners,ses-01,anat,sub-chuv068_ses-01_acq-haste_run-1_echo-3_T2w,0.9604973196983337,0.9239969849586487,17,1,0,17,0.0
AttUNet,otherscanners,ses-01,anat,sub-chuv068_ses-01_acq-haste_run-1_echo-4_T2w,0.9600303173065186,0.9231329560279846,17,1,0,17,0.0
AttUNet,otherscanners,ses-01,anat,sub-chuv068_ses-01_acq-haste_run-1_echo-5_T2w,0.9475283026695251,0.9002886414527893,25,10,1,16,0.0625
AttUNet,otherscanners,ses-01,anat,sub-chuv068_ses-01_acq-haste_run-1_echo-6_T2w,0.9331547021865845,0.8746860027313232,19,4,1,16,0.0625
AttUNet,otherscanners,ses-01,anat,sub-chuv068_ses-01_acq-haste_run-2_echo-1_T2w,0.9672461748123169,0.9365699887275696,21,4,2,16,0.125
AttUNet,otherscanners,ses-01,anat,sub-chuv068_ses-01_acq-haste_run-2_echo-2_T2w,0.9672359228134155,0.9365507364273071,20,4,2,16,0.125
AttUNet,otherscanners,ses-01,anat,sub-chuv068_ses-01_acq-haste_run-2_echo-3_T2w,0.9656113982200623,0.933509349822998,20,3,3,16,0.1875
AttUNet,otherscanners,ses-01,anat,sub-chuv068_ses-01_acq-haste_run-2_echo-4_T2w,0.9616714715957642,0.9261726140975952,20,3,3,16,0.1875
AttUNet,otherscanners,ses-01,anat,sub-chuv068_ses-01_acq-haste_run-2_echo-5_T2w,0.9561684131622314,0.9160178899765015,20,3,3,16,0.1875
AttUNet,otherscanners,ses-01,anat,sub-chuv068_ses-01_acq-haste_run-2_echo-6_T2w,0.9485072493553162,0.9020578265190125,20,3,3,16,0.1875
AttUNet,otherscanners,ses-01,anat,sub-chuv068_ses-01_acq-haste_run-3_echo-1_T2w,0.977567732334137,0.9561198353767395,22,1,0,22,0.0
AttUNet,otherscanners,ses-01,anat,sub-chuv068_ses-01_acq-haste_run-3_echo-2_T2w,0.9761187434196472,0.9533514976501465,22,1,0,22,0.0
AttUNet,otherscanners,ses-01,anat,sub-chuv068_ses-01_acq-haste_run-3_echo-3_T2w,0.9752267003059387,0.9516511559486389,22,1,0,22,0.0
AttUNet,otherscanners,ses-01,anat,sub-chuv068_ses-01_acq-haste_run-3_echo-4_T2w,0.9726937413215637,0.9468390941619873,22,1,0,22,0.0
AttUNet,otherscanners,ses-01,anat,sub-chuv068_ses-01_acq-haste_run-3_echo-5_T2w,0.9703759551048279,0.9424566030502319,22,1,0,22,0.0
AttUNet,otherscanners,ses-01,anat,sub-chuv068_ses-01_acq-haste_run-3_echo-6_T2w,0.9680456519126892,0.9380702376365662,22,1,0,22,0.0
AttUNet,otherscanners,ses-01,anat,sub-chuv068_ses-01_acq-haste_run-4_echo-1_T2w,0.9636766910552979,0.9298996329307556,17,1,0,17,0.0
AttUNet,otherscanners,ses-01,anat,sub-chuv068_ses-01_acq-haste_run-4_echo-2_T2w,0.9632681608200073,0.9291391372680664,17,1,0,17,0.0
AttUNet,otherscanners,ses-01,anat,sub-chuv068_ses-01_acq-haste_run-4_echo-3_T2w,0.9633949398994446,0.9293750524520874,17,1,0,17,0.0
AttUNet,otherscanners,ses-01,anat,sub-chuv068_ses-01_acq-haste_run-4_echo-4_T2w,0.9639120101928711,0.9303379058837891,17,1,0,17,0.0
AttUNet,otherscanners,ses-01,anat,sub-chuv068_ses-01_acq-haste_run-4_echo-5_T2w,0.9642889499664307,0.9310405850410461,20,3,2,17,0.11764705882352941
AttUNet,otherscanners,ses-01,anat,sub-chuv068_ses-01_acq-haste_run-4_echo-6_T2w,0.9608834981918335,0.9247120022773743,20,3,2,17,0.11764705882352941
AttUNet,otherscanners,ses-01,anat,sub-chuv068_ses-01_acq-haste_run-5_echo-1_T2w,0.9755055904388428,0.9521824717521667,23,3,2,20,0.1
AttUNet,otherscanners,ses-01,anat,sub-chuv068_ses-01_acq-haste_run-5_echo-2_T2w,0.9737721681594849,0.9488850235939026,22,3,2,19,0.10526315789473684
AttUNet,otherscanners,ses-01,anat,sub-chuv068_ses-01_acq-haste_run-5_echo-3_T2w,0.9723429679870605,0.9461746215820312,22,3,2,19,0.10526315789473684
AttUNet,otherscanners,ses-01,anat,sub-chuv068_ses-01_acq-haste_run-5_echo-4_T2w,0.9690918922424316,0.9400371313095093,21,3,1,19,0.05263157894736842
AttUNet,otherscanners,ses-01,anat,sub-chuv068_ses-01_acq-haste_run-5_echo-5_T2w,0.9657636880874634,0.9337940216064453,21,3,1,19,0.05263157894736842
AttUNet,otherscanners,ses-01,anat,sub-chuv068_ses-01_acq-haste_run-5_echo-6_T2w,0.9623868465423584,0.9275006055831909,21,3,1,19,0.05263157894736842
AttUNet,otherscanners,ses-01,anat,sub-chuv068_ses-01_acq-haste_run-6_echo-1_T2w,0.9735138416290283,0.9483944773674011,22,1,0,22,0.0
AttUNet,otherscanners,ses-01,anat,sub-chuv068_ses-01_acq-haste_run-6_echo-2_T2w,0.9717515707015991,0.9450552463531494,22,1,0,22,0.0
AttUNet,otherscanners,ses-01,anat,sub-chuv068_ses-01_acq-haste_run-6_echo-3_T2w,0.9703200459480286,0.9423511028289795,22,1,0,22,0.0
AttUNet,otherscanners,ses-01,anat,sub-chuv068_ses-01_acq-haste_run-6_echo-4_T2w,0.9652887582778931,0.932906448841095,22,1,0,22,0.0
AttUNet,otherscanners,ses-01,anat,sub-chuv068_ses-01_acq-haste_run-6_echo-5_T2w,0.9450135231018066,0.895758867263794,26,3,3,22,0.13636363636363635
AttUNet,otherscanners,ses-01,anat,sub-chuv068_ses-01_acq-haste_run-6_echo-6_T2w,0.9334471821784973,0.8752002120018005,26,4,3,21,0.14285714285714285
AttUNet,otherscanners,ses-01,anat,sub-chuv068_ses-01_acq-haste_run-7_echo-1_T2w,0.9554974436759949,0.9147871136665344,20,1,0,20,0.0
AttUNet,otherscanners,ses-01,anat,sub-chuv068_ses-01_acq-haste_run-7_echo-2_T2w,0.9565368890762329,0.9166945219039917,20,1,0,20,0.0
AttUNet,otherscanners,ses-01,anat,sub-chuv068_ses-01_acq-haste_run-7_echo-3_T2w,0.9558173418045044,0.9153737425804138,20,1,0,20,0.0
AttUNet,otherscanners,ses-01,anat,sub-chuv068_ses-01_acq-haste_run-7_echo-4_T2w,0.9511576890945435,0.9068644046783447,22,3,1,20,0.05
AttUNet,otherscanners,ses-01,anat,sub-chuv068_ses-01_acq-haste_run-7_echo-5_T2w,0.9438884258270264,0.8937393426895142,20,1,0,20,0.0
AttUNet,otherscanners,ses-01,anat,sub-chuv068_ses-01_acq-haste_run-7_echo-6_T2w,0.9343438148498535,0.8767778873443604,19,1,0,19,0.0
AttUNet,otherscanners,ses-01,anat,sub-chuv104_ses-01_acq-haste_run-1_echo-1_T2w,0.9687469005584717,0.9393881559371948,30,5,6,18,0.3333333333333333
AttUNet,otherscanners,ses-01,anat,sub-chuv104_ses-01_acq-haste_run-1_echo-2_T2w,0.9633221626281738,0.9292396306991577,33,8,6,18,0.3333333333333333
AttUNet,otherscanners,ses-01,anat,sub-chuv104_ses-01_acq-haste_run-1_echo-3_T2w,0.956139862537384,0.9159654974937439,33,7,7,18,0.3888888888888889
AttUNet,otherscanners,ses-01,anat,sub-chuv104_ses-01_acq-haste_run-1_echo-4_T2w,0.9302695989608765,0.869629979133606,46,9,8,18,0.4444444444444444
AttUNet,otherscanners,ses-01,anat,sub-chuv104_ses-01_acq-haste_run-1_echo-5_T2w,0.8258140683174133,0.7033078074455261,78,14,11,18,0.6111111111111112
AttUNet,otherscanners,ses-01,anat,sub-chuv104_ses-01_acq-haste_run-1_echo-6_T2w,0.7119950652122498,0.5527890920639038,35,10,6,14,0.42857142857142855
AttUNet,otherscanners,ses-01,anat,sub-chuv104_ses-01_acq-haste_run-2_echo-1_T2w,0.9813145399093628,0.9633145928382874,20,2,1,19,0.05263157894736842
AttUNet,otherscanners,ses-01,anat,sub-chuv104_ses-01_acq-haste_run-2_echo-2_T2w,0.9780710339546204,0.9570832252502441,24,3,3,19,0.15789473684210525
AttUNet,otherscanners,ses-01,anat,sub-chuv104_ses-01_acq-haste_run-2_echo-3_T2w,0.9721366167068481,0.9457838535308838,25,5,3,19,0.15789473684210525
AttUNet,otherscanners,ses-01,anat,sub-chuv104_ses-01_acq-haste_run-2_echo-4_T2w,0.9538541436195374,0.9117793440818787,22,2,3,19,0.15789473684210525
AttUNet,otherscanners,ses-01,anat,sub-chuv104_ses-01_acq-haste_run-2_echo-5_T2w,0.9108125567436218,0.8362311720848083,39,6,7,17,0.4117647058823529
AttUNet,otherscanners,ses-01,anat,sub-chuv104_ses-01_acq-haste_run-2_echo-6_T2w,0.7017568945884705,0.5405435562133789,43,8,9,18,0.5
AttUNet,otherscanners,ses-01,anat,sub-chuv104_ses-01_acq-haste_run-3_echo-1_T2w,0.9811543822288513,0.9630059599876404,21,1,0,21,0.0
AttUNet,otherscanners,ses-01,anat,sub-chuv104_ses-01_acq-haste_run-3_echo-2_T2w,0.9804077744483948,0.9615685343742371,22,2,1,21,0.047619047619047616
AttUNet,otherscanners,ses-01,anat,sub-chuv104_ses-01_acq-haste_run-3_echo-3_T2w,0.979164183139801,0.9591789245605469,21,1,0,21,0.0
AttUNet,otherscanners,ses-01,anat,sub-chuv104_ses-01_acq-haste_run-3_echo-4_T2w,0.9679833054542542,0.9379531741142273,27,2,6,21,0.2857142857142857
AttUNet,otherscanners,ses-01,anat,sub-chuv104_ses-01_acq-haste_run-3_echo-5_T2w,0.8701345324516296,0.7701222896575928,39,4,11,20,0.55
AttUNet,otherscanners,ses-01,anat,sub-chuv104_ses-01_acq-haste_run-3_echo-6_T2w,0.6983112692832947,0.5364656448364258,49,6,12,21,0.5714285714285714
AttUNet,otherscanners,ses-01,anat,sub-chuv104_ses-01_acq-haste_run-4_echo-1_T2w,0.9855700135231018,0.9715505838394165,23,1,0,23,0.0
AttUNet,otherscanners,ses-01,anat,sub-chuv104_ses-01_acq-haste_run-4_echo-2_T2w,0.984308123588562,0.969101071357727,27,3,2,23,0.08695652173913043
AttUNet,otherscanners,ses-01,anat,sub-chuv104_ses-01_acq-haste_run-4_echo-3_T2w,0.9815950989723206,0.9638554453849792,26,3,2,23,0.08695652173913043
AttUNet,otherscanners,ses-01,anat,sub-chuv104_ses-01_acq-haste_run-4_echo-4_T2w,0.9683318734169006,0.938607931137085,23,1,0,23,0.0
AttUNet,otherscanners,ses-01,anat,sub-chuv104_ses-01_acq-haste_run-4_echo-5_T2w,0.8981226682662964,0.8150840401649475,28,6,1,23,0.043478260869565216
AttUNet,otherscanners,ses-01,anat,sub-chuv104_ses-01_acq-haste_run-4_echo-6_T2w,0.7002394199371338,0.5387449264526367,35,4,5,23,0.21739130434782608
AttUNet,otherscanners,ses-01,anat,sub-chuv104_ses-01_acq-haste_run-5_echo-1_T2w,0.9723471999168396,0.9461826086044312,22,3,3,18,0.16666666666666666
AttUNet,otherscanners,ses-01,anat,sub-chuv104_ses-01_acq-haste_run-5_echo-2_T2w,0.9703685641288757,0.9424426555633545,26,5,3,18,0.16666666666666666
AttUNet,otherscanners,ses-01,anat,sub-chuv104_ses-01_acq-haste_run-5_echo-3_T2w,0.9655975699424744,0.9334834814071655,28,4,5,18,0.2777777777777778
AttUNet,otherscanners,ses-01,anat,sub-chuv104_ses-01_acq-haste_run-5_echo-4_T2w,0.9251692891120911,0.8607581257820129,33,4,9,18,0.5
AttUNet,otherscanners,ses-01,anat,sub-chuv104_ses-01_acq-haste_run-5_echo-5_T2w,0.7460876107215881,0.5950077772140503,69,13,15,18,0.8333333333333334
AttUNet,otherscanners,ses-01,anat,sub-chuv104_ses-01_acq-haste_run-5_echo-6_T2w,0.33972299098968506,0.20461826026439667,61,7,16,19,0.8421052631578947
AttUNet,otherscanners,ses-01,anat,sub-chuv104_ses-01_acq-haste_run-6_echo-1_T2w,0.8476243615150452,0.7355451583862305,29,4,7,17,0.4117647058823529
AttUNet,otherscanners,ses-01,anat,sub-chuv104_ses-01_acq-haste_run-6_echo-2_T2w,0.8434305191040039,0.7292519211769104,25,3,6,16,0.375
AttUNet,otherscanners,ses-01,anat,sub-chuv104_ses-01_acq-haste_run-6_echo-3_T2w,0.8402901887893677,0.7245693802833557,25,3,6,16,0.375
AttUNet,otherscanners,ses-01,anat,sub-chuv104_ses-01_acq-haste_run-6_echo-4_T2w,0.8192615509033203,0.6938552856445312,37,6,10,17,0.5882352941176471
AttUNet,otherscanners,ses-01,anat,sub-chuv104_ses-01_acq-haste_run-6_echo-5_T2w,0.7299907207489014,0.574791669845581,50,11,9,16,0.5625
AttUNet,otherscanners,ses-01,anat,sub-chuv104_ses-01_acq-haste_run-6_echo-6_T2w,0.6054447293281555,0.43414896726608276,52,11,9,14,0.6428571428571429
AttUNet,otherscanners,ses-01,anat,sub-chuv104_ses-01_acq-haste_run-7_echo-1_T2w,0.9785169959068298,0.9579376578330994,23,4,1,20,0.05
AttUNet,otherscanners,ses-01,anat,sub-chuv104_ses-01_acq-haste_run-7_echo-2_T2w,0.9784845113754272,0.9578753113746643,21,2,1,20,0.05
AttUNet,otherscanners,ses-01,anat,sub-chuv104_ses-01_acq-haste_run-7_echo-3_T2w,0.9783797860145569,0.9576746225357056,22,2,2,20,0.1
AttUNet,otherscanners,ses-01,anat,sub-chuv104_ses-01_acq-haste_run-7_echo-4_T2w,0.9706053137779236,0.942889392375946,28,4,5,20,0.25
AttUNet,otherscanners,ses-01,anat,sub-chuv104_ses-01_acq-haste_run-7_echo-5_T2w,0.8541807532310486,0.7454759478569031,33,4,8,20,0.4
AttUNet,otherscanners,ses-01,anat,sub-chuv104_ses-01_acq-haste_run-7_echo-6_T2w,0.7133856415748596,0.5544673204421997,34,6,5,20,0.25
AttUNet,otherscanners,ses-01,anat,sub-chuv104_ses-01_acq-haste_run-8_echo-1_T2w,0.9831470847129822,0.9668528437614441,19,2,2,17,0.11764705882352941
AttUNet,otherscanners,ses-01,anat,sub-chuv104_ses-01_acq-haste_run-8_echo-2_T2w,0.9814156293869019,0.9635093808174133,26,6,3,18,0.16666666666666666
AttUNet,otherscanners,ses-01,anat,sub-chuv104_ses-01_acq-haste_run-8_echo-3_T2w,0.9737873077392578,0.9489137530326843,26,4,5,19,0.2631578947368421
AttUNet,otherscanners,ses-01,anat,sub-chuv104_ses-01_acq-haste_run-8_echo-4_T2w,0.9445238709449768,0.8948794007301331,31,3,8,20,0.4
AttUNet,otherscanners,ses-01,anat,sub-chuv104_ses-01_acq-haste_run-8_echo-5_T2w,0.8555086851119995,0.7475012540817261,53,5,17,19,0.8947368421052632
AttUNet,otherscanners,ses-01,anat,sub-chuv104_ses-01_acq-haste_run-8_echo-6_T2w,0.6515592932701111,0.48319458961486816,66,9,18,19,0.9473684210526315
AttUNet,otherscanners,ses-01,anat,sub-chuv104_ses-01_acq-haste_run-9_echo-1_T2w,0.9818785786628723,0.9644021987915039,23,2,1,22,0.045454545454545456
AttUNet,otherscanners,ses-01,anat,sub-chuv104_ses-01_acq-haste_run-9_echo-2_T2w,0.9821188449859619,0.9648659229278564,21,1,0,21,0.0
AttUNet,otherscanners,ses-01,anat,sub-chuv104_ses-01_acq-haste_run-9_echo-3_T2w,0.9812701344490051,0.9632290601730347,21,1,0,21,0.0
AttUNet,otherscanners,ses-01,anat,sub-chuv104_ses-01_acq-haste_run-9_echo-4_T2w,0.9610724449157715,0.9250620603561401,25,3,2,22,0.09090909090909091
AttUNet,otherscanners,ses-01,anat,sub-chuv104_ses-01_acq-haste_run-9_echo-5_T2w,0.8881525993347168,0.7988079786300659,46,6,9,24,0.375
AttUNet,otherscanners,ses-01,anat,sub-chuv104_ses-01_acq-haste_run-9_echo-6_T2w,0.708457350730896,0.5485357642173767,60,8,12,23,0.5217391304347826
AttUNet,otherscanners,ses-01,anat,sub-chuv109_ses-01_acq-haste_run-1_echo-1_T2w,0.6695969104766846,0.5033037662506104,44,8,8,18,0.4444444444444444
AttUNet,otherscanners,ses-01,anat,sub-chuv109_ses-01_acq-haste_run-1_echo-2_T2w,0.6543223857879639,0.48624008893966675,26,5,5,16,0.3125
AttUNet,otherscanners,ses-01,anat,sub-chuv109_ses-01_acq-haste_run-1_echo-3_T2w,0.6292046904563904,0.45900699496269226,43,14,5,16,0.3125
AttUNet,otherscanners,ses-01,anat,sub-chuv109_ses-01_acq-haste_run-1_echo-4_T2w,0.4681943356990814,0.30564865469932556,91,29,9,21,0.42857142857142855
AttUNet,otherscanners,ses-01,anat,sub-chuv109_ses-01_acq-haste_run-1_echo-5_T2w,0.37326306104660034,0.22945506870746613,54,15,9,16,0.5625
AttUNet,otherscanners,ses-01,anat,sub-chuv109_ses-01_acq-haste_run-1_echo-6_T2w,0.2570531368255615,0.14748191833496094,59,23,9,17,0.5294117647058824
AttUNet,otherscanners,ses-01,anat,sub-chuv109_ses-01_acq-haste_run-2_echo-1_T2w,0.830940842628479,0.7107774615287781,76,14,13,30,0.43333333333333335
AttUNet,otherscanners,ses-01,anat,sub-chuv109_ses-01_acq-haste_run-2_echo-2_T2w,0.802206814289093,0.6697373390197754,47,4,14,28,0.5
AttUNet,otherscanners,ses-01,anat,sub-chuv109_ses-01_acq-haste_run-2_echo-3_T2w,0.7836260795593262,0.6442312598228455,46,5,13,27,0.48148148148148145
AttUNet,otherscanners,ses-01,anat,sub-chuv109_ses-01_acq-haste_run-2_echo-4_T2w,0.6577101349830627,0.489991158246994,74,19,14,27,0.5185185185185185
AttUNet,otherscanners,ses-01,anat,sub-chuv109_ses-01_acq-haste_run-2_echo-5_T2w,0.2964014708995819,0.1739855259656906,90,25,10,20,0.5
AttUNet,otherscanners,ses-01,anat,sub-chuv109_ses-01_acq-haste_run-2_echo-6_T2w,0.18027707934379578,0.09906842559576035,20,8,4,10,0.4
AttUNet,otherscanners,ses-01,anat,sub-chuv109_ses-01_acq-haste_run-3_echo-1_T2w,0.7189049124717712,0.561164379119873,91,20,10,23,0.43478260869565216
AttUNet,otherscanners,ses-01,anat,sub-chuv109_ses-01_acq-haste_run-3_echo-2_T2w,0.6700412034988403,0.5038059949874878,93,25,8,22,0.36363636363636365
AttUNet,otherscanners,ses-01,anat,sub-chuv109_ses-01_acq-haste_run-3_echo-3_T2w,0.602191150188446,0.430810809135437,87,27,9,19,0.47368421052631576
AttUNet,otherscanners,ses-01,anat,sub-chuv109_ses-01_acq-haste_run-3_echo-4_T2w,0.4565441906452179,0.29579347372055054,92,24,11,16,0.6875
AttUNet,otherscanners,ses-01,anat,sub-chuv109_ses-01_acq-haste_run-3_echo-5_T2w,0.24134153127670288,0.13723047077655792,49,17,8,14,0.5714285714285714
AttUNet,otherscanners,ses-01,anat,sub-chuv109_ses-01_acq-haste_run-3_echo-6_T2w,0.02133755013346672,0.010783825069665909,30,7,5,10,0.5
AttUNet,otherscanners,ses-01,anat,sub-chuv109_ses-01_acq-haste_run-4_echo-1_T2w,0.6331503391265869,0.46321871876716614,27,5,7,15,0.4666666666666667
AttUNet,otherscanners,ses-01,anat,sub-chuv109_ses-01_acq-haste_run-4_echo-2_T2w,0.6286759376525879,0.4584445059299469,23,4,5,14,0.35714285714285715
AttUNet,otherscanners,ses-01,anat,sub-chuv109_ses-01_acq-haste_run-4_echo-3_T2w,0.6113554239273071,0.440253347158432,27,5,6,13,0.46153846153846156
AttUNet,otherscanners,ses-01,anat,sub-chuv109_ses-01_acq-haste_run-4_echo-4_T2w,0.45407339930534363,0.2937224805355072,47,8,8,12,0.6666666666666666
AttUNet,otherscanners,ses-01,anat,sub-chuv109_ses-01_acq-haste_run-4_echo-5_T2w,0.31253835558891296,0.1852121204137802,57,22,7,11,0.6363636363636364
AttUNet,otherscanners,ses-01,anat,sub-chuv109_ses-01_acq-haste_run-4_echo-6_T2w,0.21882836520671844,0.12285641580820084,74,20,10,10,1.0
AttUNet,otherscanners,ses-01,anat,sub-chuv117_ses-01_acq-haste_run-1_echo-1_T2w,0.8832370042800903,0.7908902764320374,57,5,12,31,0.3870967741935484
AttUNet,otherscanners,ses-01,anat,sub-chuv117_ses-01_acq-haste_run-1_echo-2_T2w,0.722786009311676,0.5659083127975464,97,12,17,31,0.5483870967741935
AttUNet,otherscanners,ses-01,anat,sub-chuv117_ses-01_acq-haste_run-1_echo-3_T2w,0.546977698802948,0.3764413893222809,75,16,14,27,0.5185185185185185
AttUNet,otherscanners,ses-01,anat,sub-chuv117_ses-01_acq-haste_run-1_echo-4_T2w,0.11930286139249802,0.06343545019626617,26,5,6,14,0.42857142857142855
AttUNet,otherscanners,ses-01,anat,sub-chuv117_ses-01_acq-haste_run-1_echo-5_T2w,0.00010884797666221857,5.4426953283837065e-05,6,2,2,4,0.5
AttUNet,otherscanners,ses-01,anat,sub-chuv117_ses-01_acq-haste_run-1_echo-6_T2w,0.0,0.0,0,0,0,0,
AttUNet,otherscanners,ses-01,anat,sub-chuv117_ses-01_acq-haste_run-2_echo-1_T2w,0.8208677768707275,0.6961625814437866,79,16,15,27,0.5555555555555556
AttUNet,otherscanners,ses-01,anat,sub-chuv117_ses-01_acq-haste_run-2_echo-2_T2w,0.6138931512832642,0.4428902268409729,99,10,16,26,0.6153846153846154
AttUNet,otherscanners,ses-01,anat,sub-chuv117_ses-01_acq-haste_run-2_echo-3_T2w,0.27540019154548645,0.15968933701515198,82,11,17,27,0.6296296296296297
AttUNet,otherscanners,ses-01,anat,sub-chuv117_ses-01_acq-haste_run-2_echo-4_T2w,0.10486217588186264,0.05533221736550331,23,5,6,13,0.46153846153846156
AttUNet,otherscanners,ses-01,anat,sub-chuv117_ses-01_acq-haste_run-2_echo-5_T2w,0.061786752194166183,0.03187819942831993,26,7,5,16,0.3125
AttUNet,otherscanners,ses-01,anat,sub-chuv117_ses-01_acq-haste_run-2_echo-6_T2w,0.05403768643736839,0.02776913344860077,15,4,3,9,0.3333333333333333
AttUNet,otherscanners,ses-01,anat,sub-chuv117_ses-01_acq-haste_run-3_echo-1_T2w,0.8848889470100403,0.79354327917099,103,30,15,21,0.7142857142857143
AttUNet,otherscanners,ses-01,anat,sub-chuv117_ses-01_acq-haste_run-3_echo-2_T2w,0.7444730401039124,0.5929566025733948,124,16,15,19,0.7894736842105263
AttUNet,otherscanners,ses-01,anat,sub-chuv117_ses-01_acq-haste_run-3_echo-3_T2w,0.5731366276741028,0.40167590975761414,101,24,17,19,0.8947368421052632
AttUNet,otherscanners,ses-01,anat,sub-chuv117_ses-01_acq-haste_run-3_echo-4_T2w,0.44772103428840637,0.2884282171726227,84,11,16,20,0.8
AttUNet,otherscanners,ses-01,anat,sub-chuv117_ses-01_acq-haste_run-3_echo-5_T2w,0.19135399162769318,0.10579957813024521,47,12,11,16,0.6875
AttUNet,otherscanners,ses-01,anat,sub-chuv117_ses-01_acq-haste_run-3_echo-6_T2w,0.08690017461776733,0.045423753559589386,24,8,4,7,0.5714285714285714
AttUNet,otherscanners,ses-01,anat,sub-chuv117_ses-01_acq-haste_run-4_echo-1_T2w,0.893674373626709,0.8077859878540039,74,9,13,27,0.48148148148148145
AttUNet,otherscanners,ses-01,anat,sub-chuv117_ses-01_acq-haste_run-4_echo-2_T2w,0.7144621014595032,0.5557689666748047,119,21,18,26,0.6923076923076923
AttUNet,otherscanners,ses-01,anat,sub-chuv117_ses-01_acq-haste_run-4_echo-3_T2w,0.2820572257041931,0.1641831398010254,64,14,12,22,0.5454545454545454
AttUNet,otherscanners,ses-01,anat,sub-chuv117_ses-01_acq-haste_run-4_echo-4_T2w,0.06967101246118546,0.03609281778335571,26,3,6,17,0.35294117647058826
AttUNet,otherscanners,ses-01,anat,sub-chuv117_ses-01_acq-haste_run-4_echo-5_T2w,0.01830054074525833,0.009234771132469177,22,8,4,9,0.4444444444444444
AttUNet,otherscanners,ses-01,anat,sub-chuv117_ses-01_acq-haste_run-4_echo-6_T2w,0.0009241289808414876,0.00046227811253629625,21,11,3,6,0.5
AttUNet,otherscanners,ses-01,anat,sub-chuv117_ses-01_acq-haste_run-5_echo-1_T2w,0.830847978591919,0.7106415629386902,79,12,12,18,0.6666666666666666
AttUNet,otherscanners,ses-01,anat,sub-chuv117_ses-01_acq-haste_run-5_echo-2_T2w,0.7125160098075867,0.5534173846244812,84,14,13,15,0.8666666666666667
AttUNet,otherscanners,ses-01,anat,sub-chuv117_ses-01_acq-haste_run-5_echo-3_T2w,0.6397609710693359,0.47032982110977173,72,11,14,17,0.8235294117647058
AttUNet,otherscanners,ses-01,anat,sub-chuv117_ses-01_acq-haste_run-5_echo-4_T2w,0.45781275629997253,0.29685938358306885,87,17,14,18,0.7777777777777778
AttUNet,otherscanners,ses-01,anat,sub-chuv117_ses-01_acq-haste_run-5_echo-5_T2w,0.1749991625547409,0.09588990360498428,43,10,9,13,0.6923076923076923
AttUNet,otherscanners,ses-01,anat,sub-chuv117_ses-01_acq-haste_run-5_echo-6_T2w,0.16476327180862427,0.08977767080068588,36,8,8,10,0.8
AttUNet,otherscanners,ses-01,anat,sub-chuv117_ses-01_acq-haste_run-6_echo-1_T2w,0.9162073731422424,0.845371425151825,68,9,12,32,0.375
AttUNet,otherscanners,ses-01,anat,sub-chuv117_ses-01_acq-haste_run-6_echo-2_T2w,0.7381706237792969,0.5850003957748413,113,10,21,33,0.6363636363636364
AttUNet,otherscanners,ses-01,anat,sub-chuv117_ses-01_acq-haste_run-6_echo-3_T2w,0.5209023356437683,0.352175772190094,61,6,14,30,0.4666666666666667
AttUNet,otherscanners,ses-01,anat,sub-chuv117_ses-01_acq-haste_run-6_echo-4_T2w,0.11796996742486954,0.06268230080604553,19,6,2,13,0.15384615384615385
AttUNet,otherscanners,ses-01,anat,sub-chuv117_ses-01_acq-haste_run-6_echo-5_T2w,0.012603601440787315,0.00634176516905427,3,1,0,3,0.0
AttUNet,otherscanners,ses-01,anat,sub-chuv117_ses-01_acq-haste_run-6_echo-6_T2w,0.005497446749359369,0.0027562996838241816,1,1,0,1,0.0
AttUNet,otherscanners,ses-01,anat,sub-chuv120_ses-01_acq-haste_run-10_echo-1_T2w,0.8814564347267151,0.7880393862724304,41,12,7,22,0.3181818181818182
AttUNet,otherscanners,ses-01,anat,sub-chuv120_ses-01_acq-haste_run-10_echo-2_T2w,0.7803751230239868,0.6398484706878662,51,7,11,21,0.5238095238095238
AttUNet,otherscanners,ses-01,anat,sub-chuv120_ses-01_acq-haste_run-10_echo-3_T2w,0.6519060730934143,0.48357611894607544,50,7,11,20,0.55
AttUNet,otherscanners,ses-01,anat,sub-chuv120_ses-01_acq-haste_run-10_echo-4_T2w,0.276696115732193,0.1605614274740219,15,2,2,13,0.15384615384615385
AttUNet,otherscanners,ses-01,anat,sub-chuv120_ses-01_acq-haste_run-10_echo-5_T2w,0.1136329397559166,0.0602390356361866,6,1,0,6,0.0
AttUNet,otherscanners,ses-01,anat,sub-chuv120_ses-01_acq-haste_run-10_echo-6_T2w,0.0,0.0,2,1,0,2,0.0
AttUNet,otherscanners,ses-01,anat,sub-chuv120_ses-01_acq-haste_run-1_echo-1_T2w,0.919270396232605,0.8506016731262207,27,4,4,19,0.21052631578947367
AttUNet,otherscanners,ses-01,anat,sub-chuv120_ses-01_acq-haste_run-1_echo-2_T2w,0.8554056882858276,0.7473440170288086,33,6,5,21,0.23809523809523808
AttUNet,otherscanners,ses-01,anat,sub-chuv120_ses-01_acq-haste_run-1_echo-3_T2w,0.8019687533378601,0.6694055199623108,39,5,9,22,0.4090909090909091
AttUNet,otherscanners,ses-01,anat,sub-chuv120_ses-01_acq-haste_run-1_echo-4_T2w,0.6540701985359192,0.4859616160392761,49,8,10,20,0.5
AttUNet,otherscanners,ses-01,anat,sub-chuv120_ses-01_acq-haste_run-1_echo-5_T2w,0.22920052707195282,0.12943336367607117,69,16,8,10,0.8
AttUNet,otherscanners,ses-01,anat,sub-chuv120_ses-01_acq-haste_run-1_echo-6_T2w,0.014091064222157001,0.007095524109899998,41,15,5,6,0.8333333333333334
AttUNet,otherscanners,ses-01,anat,sub-chuv120_ses-01_acq-haste_run-2_echo-1_T2w,0.9055741429328918,0.8274422287940979,21,3,2,18,0.1111111111111111
AttUNet,otherscanners,ses-01,anat,sub-chuv120_ses-01_acq-haste_run-2_echo-2_T2w,0.8510644435882568,0.7407417297363281,33,5,5,21,0.23809523809523808
AttUNet,otherscanners,ses-01,anat,sub-chuv120_ses-01_acq-haste_run-2_echo-3_T2w,0.8322534561157227,0.7127004265785217,44,5,10,21,0.47619047619047616
AttUNet,otherscanners,ses-01,anat,sub-chuv120_ses-01_acq-haste_run-2_echo-4_T2w,0.832037627696991,0.7123839855194092,33,5,6,20,0.3
AttUNet,otherscanners,ses-01,anat,sub-chuv120_ses-01_acq-haste_run-2_echo-5_T2w,0.32457420229911804,0.19372639060020447,108,16,9,15,0.6
AttUNet,otherscanners,ses-01,anat,sub-chuv120_ses-01_acq-haste_run-2_echo-6_T2w,0.22406135499477386,0.12616503238677979,62,15,8,8,1.0
AttUNet,otherscanners,ses-01,anat,sub-chuv120_ses-01_acq-haste_run-3_echo-1_T2w,0.882961094379425,0.7904479503631592,30,5,4,22,0.18181818181818182
AttUNet,otherscanners,ses-01,anat,sub-chuv120_ses-01_acq-haste_run-3_echo-2_T2w,0.7458699941635132,0.5947309732437134,60,7,15,22,0.6818181818181818
AttUNet,otherscanners,ses-01,anat,sub-chuv120_ses-01_acq-haste_run-3_echo-3_T2w,0.5537933111190796,0.3829282224178314,75,9,18,22,0.8181818181818182
AttUNet,otherscanners,ses-01,anat,sub-chuv120_ses-01_acq-haste_run-3_echo-4_T2w,0.19334852695465088,0.10702037811279297,38,13,7,14,0.5
AttUNet,otherscanners,ses-01,anat,sub-chuv120_ses-01_acq-haste_run-3_echo-5_T2w,0.04893149435520172,0.025079332292079926,3,1,0,3,0.0
AttUNet,otherscanners,ses-01,anat,sub-chuv120_ses-01_acq-haste_run-3_echo-6_T2w,0.04789368808269501,0.02453436516225338,1,1,0,1,0.0
AttUNet,otherscanners,ses-01,anat,sub-chuv120_ses-01_acq-haste_run-4_echo-1_T2w,0.9265127778053284,0.8630869388580322,32,10,2,21,0.09523809523809523
AttUNet,otherscanners,ses-01,anat,sub-chuv120_ses-01_acq-haste_run-4_echo-2_T2w,0.8159294128417969,0.6890885233879089,54,10,9,21,0.42857142857142855
AttUNet,otherscanners,ses-01,anat,sub-chuv120_ses-01_acq-haste_run-4_echo-3_T2w,0.6342490315437317,0.46439579129219055,78,12,17,21,0.8095238095238095
AttUNet,otherscanners,ses-01,anat,sub-chuv120_ses-01_acq-haste_run-4_echo-4_T2w,0.2054165154695511,0.11446473002433777,31,6,9,12,0.75
AttUNet,otherscanners,ses-01,anat,sub-chuv120_ses-01_acq-haste_run-4_echo-5_T2w,6.770939216949046e-05,3.385584204806946e-05,10,3,2,7,0.2857142857142857
AttUNet,otherscanners,ses-01,anat,sub-chuv120_ses-01_acq-haste_run-4_echo-6_T2w,0.0,0.0,5,3,1,3,0.3333333333333333
AttUNet,otherscanners,ses-01,anat,sub-chuv120_ses-01_acq-haste_run-6_echo-1_T2w,0.8330986499786377,0.7139409184455872,33,4,6,22,0.2727272727272727
AttUNet,otherscanners,ses-01,anat,sub-chuv120_ses-01_acq-haste_run-6_echo-2_T2w,0.7060519456863403,0.5456570982933044,45,6,12,20,0.6
AttUNet,otherscanners,ses-01,anat,sub-chuv120_ses-01_acq-haste_run-6_echo-3_T2w,0.6326356530189514,0.46266794204711914,36,4,12,19,0.631578947368421
AttUNet,otherscanners,ses-01,anat,sub-chuv120_ses-01_acq-haste_run-6_echo-4_T2w,0.16123639047145844,0.08768739551305771,15,4,3,10,0.3
AttUNet,otherscanners,ses-01,anat,sub-chuv120_ses-01_acq-haste_run-6_echo-5_T2w,0.052936021238565445,0.027187611907720566,8,2,2,6,0.3333333333333333
AttUNet,otherscanners,ses-01,anat,sub-chuv120_ses-01_acq-haste_run-6_echo-6_T2w,0.0,0.0,1,1,0,1,0.0
AttUNet,otherscanners,ses-01,anat,sub-chuv120_ses-01_acq-haste_run-7_echo-1_T2w,0.9578962326049805,0.9191946387290955,20,2,2,18,0.1111111111111111
AttUNet,otherscanners,ses-01,anat,sub-chuv120_ses-01_acq-haste_run-7_echo-2_T2w,0.8301362991333008,0.7096008658409119,52,8,13,20,0.65
AttUNet,otherscanners,ses-01,anat,sub-chuv120_ses-01_acq-haste_run-7_echo-3_T2w,0.7703903913497925,0.6265325546264648,40,5,9,18,0.5
AttUNet,otherscanners,ses-01,anat,sub-chuv120_ses-01_acq-haste_run-7_echo-4_T2w,0.32927635312080383,0.19708606600761414,33,13,4,13,0.3076923076923077
AttUNet,otherscanners,ses-01,anat,sub-chuv120_ses-01_acq-haste_run-7_echo-5_T2w,0.02879837155342102,0.01460955198854208,3,2,1,2,0.5
AttUNet,otherscanners,ses-01,anat,sub-chuv120_ses-01_acq-haste_run-7_echo-6_T2w,0.0,0.0,0,0,0,0,
AttUNet,otherscanners,ses-01,anat,sub-chuv120_ses-01_acq-haste_run-8_echo-1_T2w,0.95525062084198,0.9143346548080444,27,2,6,21,0.2857142857142857
AttUNet,otherscanners,ses-01,anat,sub-chuv120_ses-01_acq-haste_run-8_echo-2_T2w,0.8957093954086304,0.81111741065979,38,6,7,20,0.35
AttUNet,otherscanners,ses-01,anat,sub-chuv120_ses-01_acq-haste_run-8_echo-3_T2w,0.8330849409103394,0.7139208316802979,31,4,6,19,0.3157894736842105
AttUNet,otherscanners,ses-01,anat,sub-chuv120_ses-01_acq-haste_run-8_echo-4_T2w,0.45403751730918884,0.2936924695968628,35,15,7,13,0.5384615384615384
AttUNet,otherscanners,ses-01,anat,sub-chuv120_ses-01_acq-haste_run-8_echo-5_T2w,0.07195013016462326,0.03731757029891014,13,5,2,8,0.25
AttUNet,otherscanners,ses-01,anat,sub-chuv120_ses-01_acq-haste_run-8_echo-6_T2w,0.0,0.0,2,1,0,2,0.0
AttUNet,otherscanners,ses-01,anat,sub-chuv120_ses-01_acq-haste_run-9_echo-1_T2w,0.9387487173080444,0.8845678567886353,31,3,7,21,0.3333333333333333
AttUNet,otherscanners,ses-01,anat,sub-chuv120_ses-01_acq-haste_run-9_echo-2_T2w,0.8124191164970398,0.6840957999229431,46,6,13,22,0.5909090909090909
AttUNet,otherscanners,ses-01,anat,sub-chuv120_ses-01_acq-haste_run-9_echo-3_T2w,0.7190548777580261,0.5613471269607544,54,14,13,20,0.65
AttUNet,otherscanners,ses-01,anat,sub-chuv120_ses-01_acq-haste_run-9_echo-4_T2w,0.3297699987888336,0.19743987917900085,28,10,5,11,0.45454545454545453
AttUNet,otherscanners,ses-01,anat,sub-chuv120_ses-01_acq-haste_run-9_echo-5_T2w,0.0011935548391193151,0.0005971337668597698,3,2,1,2,0.5
AttUNet,otherscanners,ses-01,anat,sub-chuv120_ses-01_acq-haste_run-9_echo-6_T2w,0.0,0.0,0,0,0,0,
AttUNet,otherscanners,ses-01,anat,sub-chuv146_ses-01_acq-haste_run-10_echo-1_T2w,0.9732539057731628,0.9479012489318848,18,1,0,18,0.0
AttUNet,otherscanners,ses-01,anat,sub-chuv146_ses-01_acq-haste_run-10_echo-2_T2w,0.9699882864952087,0.941725492477417,18,1,0,18,0.0
AttUNet,otherscanners,ses-01,anat,sub-chuv146_ses-01_acq-haste_run-10_echo-3_T2w,0.9675323367118835,0.9371066689491272,20,2,2,18,0.1111111111111111
AttUNet,otherscanners,ses-01,anat,sub-chuv146_ses-01_acq-haste_run-10_echo-4_T2w,0.9497770071029663,0.9043574929237366,29,4,8,18,0.4444444444444444
AttUNet,otherscanners,ses-01,anat,sub-chuv146_ses-01_acq-haste_run-10_echo-5_T2w,0.8745184540748596,0.7770171165466309,35,6,7,20,0.35
AttUNet,otherscanners,ses-01,anat,sub-chuv146_ses-01_acq-haste_run-10_echo-6_T2w,0.7527052164077759,0.6034701466560364,40,8,7,19,0.3684210526315789
AttUNet,otherscanners,ses-01,anat,sub-chuv146_ses-01_acq-haste_run-11_echo-1_T2w,0.9758708477020264,0.9528787136077881,20,1,0,20,0.0
AttUNet,otherscanners,ses-01,anat,sub-chuv146_ses-01_acq-haste_run-11_echo-2_T2w,0.9747608304023743,0.9507642984390259,20,1,0,20,0.0
AttUNet,otherscanners,ses-01,anat,sub-chuv146_ses-01_acq-haste_run-11_echo-3_T2w,0.9746096730232239,0.9504767060279846,20,1,0,20,0.0
AttUNet,otherscanners,ses-01,anat,sub-chuv146_ses-01_acq-haste_run-11_echo-4_T2w,0.9716115593910217,0.9447904825210571,23,2,2,21,0.09523809523809523
AttUNet,otherscanners,ses-01,anat,sub-chuv146_ses-01_acq-haste_run-11_echo-5_T2w,0.9551010727882385,0.914060652256012,24,3,3,20,0.15
AttUNet,otherscanners,ses-01,anat,sub-chuv146_ses-01_acq-haste_run-11_echo-6_T2w,0.9031983017921448,0.8234837055206299,30,4,6,20,0.3
AttUNet,otherscanners,ses-01,anat,sub-chuv146_ses-01_acq-haste_run-12_echo-1_T2w,0.9763181209564209,0.9537319540977478,19,3,1,17,0.058823529411764705
AttUNet,otherscanners,ses-01,anat,sub-chuv146_ses-01_acq-haste_run-12_echo-2_T2w,0.9722678661346436,0.9460323452949524,23,5,2,17,0.11764705882352941
AttUNet,otherscanners,ses-01,anat,sub-chuv146_ses-01_acq-haste_run-12_echo-3_T2w,0.9672475457191467,0.9365724921226501,24,6,2,17,0.11764705882352941
AttUNet,otherscanners,ses-01,anat,sub-chuv146_ses-01_acq-haste_run-12_echo-4_T2w,0.9521642923355103,0.9086961150169373,33,7,4,18,0.2222222222222222
AttUNet,otherscanners,ses-01,anat,sub-chuv146_ses-01_acq-haste_run-12_echo-5_T2w,0.9349439740180969,0.8778354525566101,38,8,6,19,0.3157894736842105
AttUNet,otherscanners,ses-01,anat,sub-chuv146_ses-01_acq-haste_run-12_echo-6_T2w,0.8773534893989563,0.7815046906471252,41,9,7,18,0.3888888888888889
AttUNet,otherscanners,ses-01,anat,sub-chuv146_ses-01_acq-haste_run-13_echo-1_T2w,0.9720042943954468,0.9455334544181824,21,1,0,21,0.0
AttUNet,otherscanners,ses-01,anat,sub-chuv146_ses-01_acq-haste_run-13_echo-2_T2w,0.9696739912033081,0.9411331415176392,21,1,0,21,0.0
AttUNet,otherscanners,ses-01,anat,sub-chuv146_ses-01_acq-haste_run-13_echo-3_T2w,0.9664636254310608,0.9351035952568054,26,6,1,21,0.047619047619047616
AttUNet,otherscanners,ses-01,anat,sub-chuv146_ses-01_acq-haste_run-13_echo-4_T2w,0.9039061665534973,0.8246613144874573,25,2,4,21,0.19047619047619047
AttUNet,otherscanners,ses-01,anat,sub-chuv146_ses-01_acq-haste_run-13_echo-5_T2w,0.8628813624382019,0.7588313817977905,36,5,9,21,0.42857142857142855
AttUNet,otherscanners,ses-01,anat,sub-chuv146_ses-01_acq-haste_run-13_echo-6_T2w,0.7669363021850586,0.6219761967658997,50,7,11,22,0.5
AttUNet,otherscanners,ses-01,anat,sub-chuv146_ses-01_acq-haste_run-14_echo-1_T2w,0.794850766658783,0.6595454812049866,26,5,4,15,0.26666666666666666
AttUNet,otherscanners,ses-01,anat,sub-chuv146_ses-01_acq-haste_run-14_echo-2_T2w,0.8239011168479919,0.7005373239517212,29,13,4,12,0.3333333333333333
AttUNet,otherscanners,ses-01,anat,sub-chuv146_ses-01_acq-haste_run-14_echo-3_T2w,0.7973875403404236,0.66304612159729,22,5,4,12,0.3333333333333333
AttUNet,otherscanners,ses-01,anat,sub-chuv146_ses-01_acq-haste_run-14_echo-4_T2w,0.7563571333885193,0.6081787347793579,21,7,6,10,0.6
AttUNet,otherscanners,ses-01,anat,sub-chuv146_ses-01_acq-haste_run-14_echo-5_T2w,0.7378402948379517,0.5845854878425598,23,6,5,10,0.5
AttUNet,otherscanners,ses-01,anat,sub-chuv146_ses-01_acq-haste_run-14_echo-6_T2w,0.7181205153465271,0.5602090954780579,19,5,4,9,0.4444444444444444
AttUNet,otherscanners,ses-01,anat,sub-chuv146_ses-01_acq-haste_run-15_echo-1_T2w,0.9724034070968628,0.9462890625,20,1,0,20,0.0
AttUNet,otherscanners,ses-01,anat,sub-chuv146_ses-01_acq-haste_run-15_echo-2_T2w,0.9690281748771667,0.9399172067642212,20,1,0,20,0.0
AttUNet,otherscanners,ses-01,anat,sub-chuv146_ses-01_acq-haste_run-15_echo-3_T2w,0.9556524753570557,0.9150713086128235,27,5,2,20,0.1
AttUNet,otherscanners,ses-01,anat,sub-chuv146_ses-01_acq-haste_run-15_echo-4_T2w,0.8870889544487,0.7970888018608093,26,3,4,21,0.19047619047619047
AttUNet,otherscanners,ses-01,anat,sub-chuv146_ses-01_acq-haste_run-15_echo-5_T2w,0.8551470637321472,0.7469492554664612,30,3,7,21,0.3333333333333333
AttUNet,otherscanners,ses-01,anat,sub-chuv146_ses-01_acq-haste_run-15_echo-6_T2w,0.7626702189445496,0.6163839101791382,41,5,13,21,0.6190476190476191
AttUNet,otherscanners,ses-01,anat,sub-chuv146_ses-01_acq-haste_run-16_echo-1_T2w,0.9754575490951538,0.952090859413147,17,1,0,17,0.0
AttUNet,otherscanners,ses-01,anat,sub-chuv146_ses-01_acq-haste_run-16_echo-2_T2w,0.9722586870193481,0.9460150003433228,17,1,0,17,0.0
AttUNet,otherscanners,ses-01,anat,sub-chuv146_ses-01_acq-haste_run-16_echo-3_T2w,0.9692426323890686,0.9403207898139954,16,1,0,16,0.0
AttUNet,otherscanners,ses-01,anat,sub-chuv146_ses-01_acq-haste_run-16_echo-4_T2w,0.9660407900810242,0.9343122839927673,21,5,2,16,0.125
AttUNet,otherscanners,ses-01,anat,sub-chuv146_ses-01_acq-haste_run-16_echo-5_T2w,0.91888028383255,0.849933922290802,30,6,4,16,0.25
AttUNet,otherscanners,ses-01,anat,sub-chuv146_ses-01_acq-haste_run-16_echo-6_T2w,0.8380788564682007,0.721287190914154,23,7,2,16,0.125
AttUNet,otherscanners,ses-01,anat,sub-chuv146_ses-01_acq-haste_run-17_echo-1_T2w,0.9807057976722717,0.9621420502662659,17,1,0,17,0.0
AttUNet,otherscanners,ses-01,anat,sub-chuv146_ses-01_acq-haste_run-17_echo-2_T2w,0.9782251119613647,0.9573783278465271,17,1,0,17,0.0
AttUNet,otherscanners,ses-01,anat,sub-chuv146_ses-01_acq-haste_run-17_echo-3_T2w,0.9768438339233398,0.9547358751296997,17,1,0,17,0.0
AttUNet,otherscanners,ses-01,anat,sub-chuv146_ses-01_acq-haste_run-17_echo-4_T2w,0.9603439569473267,0.9237131476402283,20,2,1,19,0.05263157894736842
AttUNet,otherscanners,ses-01,anat,sub-chuv146_ses-01_acq-haste_run-17_echo-5_T2w,0.828511118888855,0.7072291970252991,32,3,11,18,0.6111111111111112
AttUNet,otherscanners,ses-01,anat,sub-chuv146_ses-01_acq-haste_run-17_echo-6_T2w,0.6876788139343262,0.5240171551704407,27,3,7,17,0.4117647058823529
AttUNet,otherscanners,ses-01,anat,sub-chuv146_ses-01_acq-haste_run-18_echo-1_T2w,0.9751827120780945,0.9515673518180847,17,1,0,17,0.0
AttUNet,otherscanners,ses-01,anat,sub-chuv146_ses-01_acq-haste_run-18_echo-2_T2w,0.9715170860290527,0.9446117877960205,17,1,0,17,0.0
AttUNet,otherscanners,ses-01,anat,sub-chuv146_ses-01_acq-haste_run-18_echo-3_T2w,0.9652792811393738,0.9328886866569519,18,3,1,16,0.0625
AttUNet,otherscanners,ses-01,anat,sub-chuv146_ses-01_acq-haste_run-18_echo-4_T2w,0.9556723237037659,0.9151077270507812,40,15,5,16,0.3125
AttUNet,otherscanners,ses-01,anat,sub-chuv146_ses-01_acq-haste_run-18_echo-5_T2w,0.9212815165519714,0.8540518283843994,49,14,6,16,0.375
AttUNet,otherscanners,ses-01,anat,sub-chuv146_ses-01_acq-haste_run-18_echo-6_T2w,0.8695870041847229,0.7692648768424988,31,6,6,15,0.4
AttUNet,otherscanners,ses-01,anat,sub-chuv146_ses-01_acq-haste_run-19_echo-1_T2w,0.9661694765090942,0.9345530271530151,20,2,3,17,0.17647058823529413
AttUNet,otherscanners,ses-01,anat,sub-chuv146_ses-01_acq-haste_run-19_echo-2_T2w,0.9599274396896362,0.9229426980018616,20,2,3,17,0.17647058823529413
AttUNet,otherscanners,ses-01,anat,sub-chuv146_ses-01_acq-haste_run-19_echo-3_T2w,0.9559897184371948,0.9156898856163025,20,2,3,17,0.17647058823529413
AttUNet,otherscanners,ses-01,anat,sub-chuv146_ses-01_acq-haste_run-19_echo-4_T2w,0.950020432472229,0.9047989845275879,20,2,2,18,0.1111111111111111
AttUNet,otherscanners,ses-01,anat,sub-chuv146_ses-01_acq-haste_run-19_echo-5_T2w,0.8817328810691833,0.7884814739227295,25,5,4,16,0.25
AttUNet,otherscanners,ses-01,anat,sub-chuv146_ses-01_acq-haste_run-19_echo-6_T2w,0.7742819786071777,0.6316967010498047,36,9,6,14,0.42857142857142855
AttUNet,otherscanners,ses-01,anat,sub-chuv146_ses-01_acq-haste_run-1_echo-1_T2w,0.9807722568511963,0.9622699618339539,23,2,3,20,0.15
AttUNet,otherscanners,ses-01,anat,sub-chuv146_ses-01_acq-haste_run-1_echo-2_T2w,0.9794890880584717,0.9598026871681213,23,2,3,20,0.15
AttUNet,otherscanners,ses-01,anat,sub-chuv146_ses-01_acq-haste_run-1_echo-3_T2w,0.9782666563987732,0.9574579000473022,23,2,3,20,0.15
AttUNet,otherscanners,ses-01,anat,sub-chuv146_ses-01_acq-haste_run-1_echo-4_T2w,0.9748595356941223,0.9509521722793579,21,2,1,20,0.05
AttUNet,otherscanners,ses-01,anat,sub-chuv146_ses-01_acq-haste_run-1_echo-5_T2w,0.9640890955924988,0.9306679964065552,25,3,4,20,0.2
AttUNet,otherscanners,ses-01,anat,sub-chuv146_ses-01_acq-haste_run-1_echo-6_T2w,0.9078013896942139,0.8311688303947449,75,12,13,20,0.65
AttUNet,otherscanners,ses-01,anat,sub-chuv146_ses-01_acq-haste_run-2_echo-1_T2w,0.9741623401641846,0.9496262073516846,26,3,3,22,0.13636363636363635
AttUNet,otherscanners,ses-01,anat,sub-chuv146_ses-01_acq-haste_run-2_echo-2_T2w,0.9706252813339233,0.9429270029067993,24,3,3,20,0.15
AttUNet,otherscanners,ses-01,anat,sub-chuv146_ses-01_acq-haste_run-2_echo-3_T2w,0.9650218486785889,0.9324079155921936,23,2,3,20,0.15
AttUNet,otherscanners,ses-01,anat,sub-chuv146_ses-01_acq-haste_run-2_echo-4_T2w,0.950633704662323,0.9059121608734131,24,2,3,21,0.14285714285714285
AttUNet,otherscanners,ses-01,anat,sub-chuv146_ses-01_acq-haste_run-2_echo-5_T2w,0.9122508764266968,0.8386592864990234,33,4,7,20,0.35
AttUNet,otherscanners,ses-01,anat,sub-chuv146_ses-01_acq-haste_run-2_echo-6_T2w,0.8334698677062988,0.714486300945282,59,8,16,20,0.8
AttUNet,otherscanners,ses-01,anat,sub-chuv146_ses-01_acq-haste_run-3_echo-1_T2w,0.9772053956985474,0.9554268717765808,23,3,3,19,0.15789473684210525
AttUNet,otherscanners,ses-01,anat,sub-chuv146_ses-01_acq-haste_run-3_echo-2_T2w,0.9750662446022034,0.9513456225395203,23,3,3,19,0.15789473684210525
AttUNet,otherscanners,ses-01,anat,sub-chuv146_ses-01_acq-haste_run-3_echo-3_T2w,0.9734257459640503,0.9482272863388062,22,2,3,19,0.15789473684210525
AttUNet,otherscanners,ses-01,anat,sub-chuv146_ses-01_acq-haste_run-3_echo-4_T2w,0.9639919400215149,0.9304869174957275,23,3,3,19,0.15789473684210525
AttUNet,otherscanners,ses-01,anat,sub-chuv146_ses-01_acq-haste_run-3_echo-5_T2w,0.9321760535240173,0.8729678988456726,38,5,7,21,0.3333333333333333
AttUNet,otherscanners,ses-01,anat,sub-chuv146_ses-01_acq-haste_run-3_echo-6_T2w,0.8315161466598511,0.7116196751594543,63,16,12,21,0.5714285714285714
AttUNet,otherscanners,ses-01,anat,sub-chuv146_ses-01_acq-haste_run-4_echo-1_T2w,0.9790914058685303,0.9590392112731934,22,3,2,19,0.10526315789473684
AttUNet,otherscanners,ses-01,anat,sub-chuv146_ses-01_acq-haste_run-4_echo-2_T2w,0.9752103686332703,0.9516200423240662,26,4,4,19,0.21052631578947367
AttUNet,otherscanners,ses-01,anat,sub-chuv146_ses-01_acq-haste_run-4_echo-3_T2w,0.9655768871307373,0.9334447979927063,24,2,5,19,0.2631578947368421
AttUNet,otherscanners,ses-01,anat,sub-chuv146_ses-01_acq-haste_run-4_echo-4_T2w,0.9421584010124207,0.8906421661376953,46,8,11,20,0.55
AttUNet,otherscanners,ses-01,anat,sub-chuv146_ses-01_acq-haste_run-4_echo-5_T2w,0.8876540064811707,0.7980017066001892,69,11,15,20,0.75
AttUNet,otherscanners,ses-01,anat,sub-chuv146_ses-01_acq-haste_run-4_echo-6_T2w,0.6446714997291565,0.47565698623657227,72,10,16,19,0.8421052631578947
AttUNet,otherscanners,ses-01,anat,sub-chuv146_ses-01_acq-haste_run-5_echo-1_T2w,0.9777670502662659,0.9565012454986572,22,2,3,19,0.15789473684210525
AttUNet,otherscanners,ses-01,anat,sub-chuv146_ses-01_acq-haste_run-5_echo-2_T2w,0.9755223393440247,0.9522143602371216,23,3,3,19,0.15789473684210525
AttUNet,otherscanners,ses-01,anat,sub-chuv146_ses-01_acq-haste_run-5_echo-3_T2w,0.9743558764457703,0.9499940872192383,20,2,1,19,0.05263157894736842
AttUNet,otherscanners,ses-01,anat,sub-chuv146_ses-01_acq-haste_run-5_echo-4_T2w,0.9720248579978943,0.9455723762512207,20,2,1,19,0.05263157894736842
AttUNet,otherscanners,ses-01,anat,sub-chuv146_ses-01_acq-haste_run-5_echo-5_T2w,0.9666507840156555,0.9354541301727295,26,4,4,19,0.21052631578947367
AttUNet,otherscanners,ses-01,anat,sub-chuv146_ses-01_acq-haste_run-5_echo-6_T2w,0.9155133366584778,0.8441904783248901,47,7,12,19,0.631578947368421
AttUNet,otherscanners,ses-01,anat,sub-chuv146_ses-01_acq-haste_run-6_echo-1_T2w,0.9868525266647339,0.9740462899208069,22,1,0,22,0.0
AttUNet,otherscanners,ses-01,anat,sub-chuv146_ses-01_acq-haste_run-6_echo-2_T2w,0.9857980608940125,0.9719938039779663,22,1,0,22,0.0
AttUNet,otherscanners,ses-01,anat,sub-chuv146_ses-01_acq-haste_run-6_echo-3_T2w,0.9850620031356812,0.9705636501312256,22,1,0,22,0.0
AttUNet,otherscanners,ses-01,anat,sub-chuv146_ses-01_acq-haste_run-6_echo-4_T2w,0.9830396771430969,0.9666451215744019,25,2,3,22,0.13636363636363635
AttUNet,otherscanners,ses-01,anat,sub-chuv146_ses-01_acq-haste_run-6_echo-5_T2w,0.9685602784156799,0.9390372633934021,39,6,7,22,0.3181818181818182
AttUNet,otherscanners,ses-01,anat,sub-chuv146_ses-01_acq-haste_run-6_echo-6_T2w,0.8720664978027344,0.7731541991233826,70,9,15,22,0.6818181818181818
AttUNet,otherscanners,ses-01,anat,sub-chuv146_ses-01_acq-haste_run-7_echo-1_T2w,0.9805895686149597,0.961918294429779,23,3,2,20,0.1
AttUNet,otherscanners,ses-01,anat,sub-chuv146_ses-01_acq-haste_run-7_echo-2_T2w,0.9761665463447571,0.9534427523612976,22,2,2,20,0.1
AttUNet,otherscanners,ses-01,anat,sub-chuv146_ses-01_acq-haste_run-7_echo-3_T2w,0.9741780757904053,0.9496561288833618,22,2,2,20,0.1
AttUNet,otherscanners,ses-01,anat,sub-chuv146_ses-01_acq-haste_run-7_echo-4_T2w,0.9515482783317566,0.9075747132301331,24,3,1,22,0.045454545454545456
AttUNet,otherscanners,ses-01,anat,sub-chuv146_ses-01_acq-haste_run-7_echo-5_T2w,0.9295423030853271,0.8683596849441528,36,6,6,21,0.2857142857142857
AttUNet,otherscanners,ses-01,anat,sub-chuv146_ses-01_acq-haste_run-7_echo-6_T2w,0.8173645734786987,0.6911382675170898,79,9,18,22,0.8181818181818182
AttUNet,otherscanners,ses-01,anat,sub-chuv146_ses-01_acq-haste_run-8_echo-1_T2w,0.9810230135917664,0.9627529382705688,22,1,0,22,0.0
AttUNet,otherscanners,ses-01,anat,sub-chuv146_ses-01_acq-haste_run-8_echo-2_T2w,0.9782764315605164,0.9574766159057617,24,2,2,22,0.09090909090909091
AttUNet,otherscanners,ses-01,anat,sub-chuv146_ses-01_acq-haste_run-8_echo-3_T2w,0.9707500338554382,0.9431626200675964,30,5,4,22,0.18181818181818182
AttUNet,otherscanners,ses-01,anat,sub-chuv146_ses-01_acq-haste_run-8_echo-4_T2w,0.9448032975196838,0.8953812122344971,25,2,3,22,0.13636363636363635
AttUNet,otherscanners,ses-01,anat,sub-chuv146_ses-01_acq-haste_run-8_echo-5_T2w,0.8949940800666809,0.8099450469017029,57,7,15,22,0.6818181818181818
AttUNet,otherscanners,ses-01,anat,sub-chuv146_ses-01_acq-haste_run-8_echo-6_T2w,0.7768231630325317,0.6350865364074707,65,8,17,22,0.7727272727272727
AttUNet,otherscanners,ses-01,anat,sub-chuv146_ses-01_acq-haste_run-9_echo-1_T2w,0.9666360020637512,0.9354264736175537,21,1,0,21,0.0
AttUNet,otherscanners,ses-01,anat,sub-chuv146_ses-01_acq-haste_run-9_echo-2_T2w,0.9634321331977844,0.9294443130493164,20,1,0,20,0.0
AttUNet,otherscanners,ses-01,anat,sub-chuv146_ses-01_acq-haste_run-9_echo-3_T2w,0.9621433019638062,0.9270483255386353,20,1,0,20,0.0
AttUNet,otherscanners,ses-01,anat,sub-chuv146_ses-01_acq-haste_run-9_echo-4_T2w,0.9425156712532043,0.891281008720398,27,3,4,21,0.19047619047619047
AttUNet,otherscanners,ses-01,anat,sub-chuv146_ses-01_acq-haste_run-9_echo-5_T2w,0.8766529560089111,0.7803937196731567,43,5,11,21,0.5238095238095238
AttUNet,otherscanners,ses-01,anat,sub-chuv146_ses-01_acq-haste_run-9_echo-6_T2w,0.7083981037139893,0.5484647750854492,57,10,15,20,0.75
AttUNet,otherscanners,ses-01,anat,sub-chuv151_ses-01_acq-haste_run-2_echo-1_T2w,0.9782148599624634,0.9573586583137512,26,5,1,22,0.045454545454545456
AttUNet,otherscanners,ses-01,anat,sub-chuv151_ses-01_acq-haste_run-2_echo-2_T2w,0.9668899178504944,0.9359021186828613,28,5,2,22,0.09090909090909091
AttUNet,otherscanners,ses-01,anat,sub-chuv151_ses-01_acq-haste_run-2_echo-3_T2w,0.9596791863441467,0.9224838614463806,37,14,2,23,0.08695652173913043
AttUNet,otherscanners,ses-01,anat,sub-chuv151_ses-01_acq-haste_run-2_echo-4_T2w,0.9404387474060059,0.887573778629303,33,3,6,23,0.2608695652173913
AttUNet,otherscanners,ses-01,anat,sub-chuv151_ses-01_acq-haste_run-2_echo-5_T2w,0.7980904579162598,0.6640187501907349,81,13,14,24,0.5833333333333334
AttUNet,otherscanners,ses-01,anat,sub-chuv151_ses-01_acq-haste_run-2_echo-6_T2w,0.28099754452705383,0.1634654700756073,87,12,15,20,0.75
AttUNet,otherscanners,ses-01,anat,sub-chuv151_ses-01_acq-haste_run-3_echo-1_T2w,0.971258819103241,0.9441235661506653,28,3,4,21,0.19047619047619047
AttUNet,otherscanners,ses-01,anat,sub-chuv151_ses-01_acq-haste_run-3_echo-2_T2w,0.9686020612716675,0.9391157031059265,28,3,4,21,0.19047619047619047
AttUNet,otherscanners,ses-01,anat,sub-chuv151_ses-01_acq-haste_run-3_echo-3_T2w,0.965763509273529,0.9337937235832214,26,3,3,21,0.14285714285714285
AttUNet,otherscanners,ses-01,anat,sub-chuv151_ses-01_acq-haste_run-3_echo-4_T2w,0.9597082138061523,0.9225375056266785,25,3,3,21,0.14285714285714285
AttUNet,otherscanners,ses-01,anat,sub-chuv151_ses-01_acq-haste_run-3_echo-5_T2w,0.9552088975906372,0.9142582416534424,23,2,3,20,0.15
AttUNet,otherscanners,ses-01,anat,sub-chuv151_ses-01_acq-haste_run-3_echo-6_T2w,0.944002628326416,0.8939440846443176,24,2,4,20,0.2
AttUNet,otherscanners,ses-01,anat,sub-chuv151_ses-01_acq-haste_run-4_echo-1_T2w,0.9794557094573975,0.9597386121749878,29,2,1,28,0.03571428571428571
AttUNet,otherscanners,ses-01,anat,sub-chuv151_ses-01_acq-haste_run-4_echo-2_T2w,0.9775077104568481,0.9560049772262573,30,2,2,28,0.07142857142857142
AttUNet,otherscanners,ses-01,anat,sub-chuv151_ses-01_acq-haste_run-4_echo-3_T2w,0.9753568172454834,0.9518989324569702,31,3,2,28,0.07142857142857142
AttUNet,otherscanners,ses-01,anat,sub-chuv151_ses-01_acq-haste_run-4_echo-4_T2w,0.9617668390274048,0.9263495802879333,37,5,5,28,0.17857142857142858
AttUNet,otherscanners,ses-01,anat,sub-chuv151_ses-01_acq-haste_run-4_echo-5_T2w,0.8048619031906128,0.673446774482727,63,7,12,26,0.46153846153846156
AttUNet,otherscanners,ses-01,anat,sub-chuv151_ses-01_acq-haste_run-4_echo-6_T2w,0.3229018747806549,0.19253605604171753,58,9,14,19,0.7368421052631579
AttUNet,otherscanners,ses-01,anat,sub-chuv152_ses-01_acq-haste_run-10_echo-1_T2w,0.9191984534263611,0.8504784107208252,34,13,3,18,0.16666666666666666
AttUNet,otherscanners,ses-01,anat,sub-chuv152_ses-01_acq-haste_run-10_echo-2_T2w,0.8955323100090027,0.8108270764350891,35,11,3,18,0.16666666666666666
AttUNet,otherscanners,ses-01,anat,sub-chuv152_ses-01_acq-haste_run-10_echo-3_T2w,0.8790687322616577,0.7842307090759277,31,7,3,18,0.16666666666666666
AttUNet,otherscanners,ses-01,anat,sub-chuv152_ses-01_acq-haste_run-10_echo-4_T2w,0.8682660460472107,0.7671998143196106,38,10,5,17,0.29411764705882354
AttUNet,otherscanners,ses-01,anat,sub-chuv152_ses-01_acq-haste_run-10_echo-5_T2w,0.8116396069526672,0.6829911470413208,41,9,7,16,0.4375
AttUNet,otherscanners,ses-01,anat,sub-chuv152_ses-01_acq-haste_run-10_echo-6_T2w,0.6974995136260986,0.5355080962181091,41,10,7,16,0.4375
AttUNet,otherscanners,ses-01,anat,sub-chuv152_ses-01_acq-haste_run-11_echo-1_T2w,0.6268923282623291,0.4565500319004059,27,4,5,17,0.29411764705882354
AttUNet,otherscanners,ses-01,anat,sub-chuv152_ses-01_acq-haste_run-11_echo-2_T2w,0.6219991445541382,0.4513779282569885,37,10,8,18,0.4444444444444444
AttUNet,otherscanners,ses-01,anat,sub-chuv152_ses-01_acq-haste_run-11_echo-3_T2w,0.6105995178222656,0.43946975469589233,62,18,11,17,0.6470588235294118
AttUNet,otherscanners,ses-01,anat,sub-chuv152_ses-01_acq-haste_run-11_echo-4_T2w,0.589380145072937,0.4178164601325989,64,19,11,18,0.6111111111111112
AttUNet,otherscanners,ses-01,anat,sub-chuv152_ses-01_acq-haste_run-11_echo-5_T2w,0.6278632283210754,0.45758065581321716,52,13,8,16,0.5
AttUNet,otherscanners,ses-01,anat,sub-chuv152_ses-01_acq-haste_run-11_echo-6_T2w,0.5068320631980896,0.33943408727645874,45,10,9,13,0.6923076923076923
AttUNet,otherscanners,ses-01,anat,sub-chuv152_ses-01_acq-haste_run-12_echo-1_T2w,0.9624261260032654,0.927573561668396,16,2,1,15,0.06666666666666667
AttUNet,otherscanners,ses-01,anat,sub-chuv152_ses-01_acq-haste_run-12_echo-2_T2w,0.9662843942642212,0.9347680807113647,17,3,1,15,0.06666666666666667
AttUNet,otherscanners,ses-01,anat,sub-chuv152_ses-01_acq-haste_run-12_echo-3_T2w,0.9696338176727295,0.9410575032234192,16,2,1,15,0.06666666666666667
AttUNet,otherscanners,ses-01,anat,sub-chuv152_ses-01_acq-haste_run-12_echo-4_T2w,0.964870810508728,0.932125985622406,15,2,1,14,0.07142857142857142
AttUNet,otherscanners,ses-01,anat,sub-chuv152_ses-01_acq-haste_run-12_echo-5_T2w,0.9457074403762817,0.8970066905021667,16,2,2,14,0.14285714285714285
AttUNet,otherscanners,ses-01,anat,sub-chuv152_ses-01_acq-haste_run-12_echo-6_T2w,0.6159726977348328,0.4450581669807434,36,8,9,13,0.6923076923076923
AttUNet,otherscanners,ses-01,anat,sub-chuv152_ses-01_acq-haste_run-13_echo-1_T2w,0.9183427691459656,0.8490145802497864,27,3,4,22,0.18181818181818182
AttUNet,otherscanners,ses-01,anat,sub-chuv152_ses-01_acq-haste_run-13_echo-2_T2w,0.9098784327507019,0.8346577882766724,27,4,3,22,0.13636363636363635
AttUNet,otherscanners,ses-01,anat,sub-chuv152_ses-01_acq-haste_run-13_echo-3_T2w,0.9006167054176331,0.8192017078399658,31,4,4,22,0.18181818181818182
AttUNet,otherscanners,ses-01,anat,sub-chuv152_ses-01_acq-haste_run-13_echo-4_T2w,0.8885726928710938,0.7994878888130188,28,5,2,21,0.09523809523809523
AttUNet,otherscanners,ses-01,anat,sub-chuv152_ses-01_acq-haste_run-13_echo-5_T2w,0.7993602752685547,0.665778636932373,28,3,5,19,0.2631578947368421
AttUNet,otherscanners,ses-01,anat,sub-chuv152_ses-01_acq-haste_run-13_echo-6_T2w,0.7292781472206116,0.5739085674285889,24,5,3,17,0.17647058823529413
AttUNet,otherscanners,ses-01,anat,sub-chuv152_ses-01_acq-haste_run-14_echo-1_T2w,0.44510704278945923,0.2862621545791626,24,4,4,17,0.23529411764705882
AttUNet,otherscanners,ses-01,anat,sub-chuv152_ses-01_acq-haste_run-14_echo-2_T2w,0.406851202249527,0.25537553429603577,25,4,4,18,0.2222222222222222
AttUNet,otherscanners,ses-01,anat,sub-chuv152_ses-01_acq-haste_run-14_echo-3_T2w,0.40538036823272705,0.25421759486198425,24,5,4,17,0.23529411764705882
AttUNet,otherscanners,ses-01,anat,sub-chuv152_ses-01_acq-haste_run-14_echo-4_T2w,0.33920589089393616,0.20424319803714752,33,10,5,15,0.3333333333333333
AttUNet,otherscanners,ses-01,anat,sub-chuv152_ses-01_acq-haste_run-14_echo-5_T2w,0.35668373107910156,0.2170511931180954,22,4,6,11,0.5454545454545454
AttUNet,otherscanners,ses-01,anat,sub-chuv152_ses-01_acq-haste_run-14_echo-6_T2w,0.31161928176879883,0.1845669448375702,26,6,5,8,0.625
AttUNet,otherscanners,ses-01,anat,sub-chuv152_ses-01_acq-haste_run-15_echo-1_T2w,0.7368016839027405,0.5832826495170593,25,3,3,21,0.14285714285714285
AttUNet,otherscanners,ses-01,anat,sub-chuv152_ses-01_acq-haste_run-15_echo-2_T2w,0.7421051263809204,0.5899580121040344,27,4,3,21,0.14285714285714285
AttUNet,otherscanners,ses-01,anat,sub-chuv152_ses-01_acq-haste_run-15_echo-3_T2w,0.7577865123748779,0.6100292205810547,26,3,3,21,0.14285714285714285
AttUNet,otherscanners,ses-01,anat,sub-chuv152_ses-01_acq-haste_run-15_echo-4_T2w,0.6717294454574585,0.5057173371315002,22,4,3,17,0.17647058823529413
AttUNet,otherscanners,ses-01,anat,sub-chuv152_ses-01_acq-haste_run-15_echo-5_T2w,0.3910672962665558,0.24306006729602814,28,7,6,15,0.4
AttUNet,otherscanners,ses-01,anat,sub-chuv152_ses-01_acq-haste_run-15_echo-6_T2w,0.061447255313396454,0.03169748932123184,9,1,0,9,0.0
AttUNet,otherscanners,ses-01,anat,sub-chuv152_ses-01_acq-haste_run-16_echo-1_T2w,0.6843236088752747,0.5201306343078613,30,7,6,17,0.35294117647058826
AttUNet,otherscanners,ses-01,anat,sub-chuv152_ses-01_acq-haste_run-16_echo-2_T2w,0.6906982064247131,0.5275316834449768,30,8,5,17,0.29411764705882354
AttUNet,otherscanners,ses-01,anat,sub-chuv152_ses-01_acq-haste_run-16_echo-3_T2w,0.7150784730911255,0.5565152764320374,33,6,8,17,0.47058823529411764
AttUNet,otherscanners,ses-01,anat,sub-chuv152_ses-01_acq-haste_run-16_echo-4_T2w,0.7450823187828064,0.5937300324440002,34,6,7,17,0.4117647058823529
AttUNet,otherscanners,ses-01,anat,sub-chuv152_ses-01_acq-haste_run-16_echo-5_T2w,0.7224382758140564,0.5654820799827576,22,4,4,15,0.26666666666666666
AttUNet,otherscanners,ses-01,anat,sub-chuv152_ses-01_acq-haste_run-16_echo-6_T2w,0.6634221076965332,0.4963587522506714,27,5,7,15,0.4666666666666667
AttUNet,otherscanners,ses-01,anat,sub-chuv152_ses-01_acq-haste_run-1_echo-1_T2w,0.943230390548706,0.8925601243972778,22,3,2,19,0.10526315789473684
AttUNet,otherscanners,ses-01,anat,sub-chuv152_ses-01_acq-haste_run-1_echo-2_T2w,0.9325816035270691,0.8736795783042908,25,3,4,19,0.21052631578947367
AttUNet,otherscanners,ses-01,anat,sub-chuv152_ses-01_acq-haste_run-1_echo-3_T2w,0.9243680834770203,0.8593721985816956,35,11,4,19,0.21052631578947367
AttUNet,otherscanners,ses-01,anat,sub-chuv152_ses-01_acq-haste_run-1_echo-4_T2w,0.9008328318595886,0.8195593953132629,38,8,6,20,0.3
AttUNet,otherscanners,ses-01,anat,sub-chuv152_ses-01_acq-haste_run-1_echo-5_T2w,0.7828779220581055,0.6432205438613892,48,6,9,20,0.45
AttUNet,otherscanners,ses-01,anat,sub-chuv152_ses-01_acq-haste_run-1_echo-6_T2w,0.460903525352478,0.29946368932724,41,5,10,18,0.5555555555555556
AttUNet,otherscanners,ses-01,anat,sub-chuv152_ses-01_acq-haste_run-2_echo-1_T2w,0.6370733976364136,0.46743044257164,20,2,2,18,0.1111111111111111
AttUNet,otherscanners,ses-01,anat,sub-chuv152_ses-01_acq-haste_run-2_echo-2_T2w,0.6330551505088806,0.463116854429245,23,3,3,18,0.16666666666666666
AttUNet,otherscanners,ses-01,anat,sub-chuv152_ses-01_acq-haste_run-2_echo-3_T2w,0.6280627250671387,0.4577925503253937,21,3,2,18,0.1111111111111111
AttUNet,otherscanners,ses-01,anat,sub-chuv152_ses-01_acq-haste_run-2_echo-4_T2w,0.5656560659408569,0.39436569809913635,47,14,6,21,0.2857142857142857
AttUNet,otherscanners,ses-01,anat,sub-chuv152_ses-01_acq-haste_run-2_echo-5_T2w,0.4859117269515991,0.3209269344806671,32,6,5,20,0.25
AttUNet,otherscanners,ses-01,anat,sub-chuv152_ses-01_acq-haste_run-2_echo-6_T2w,0.42064833641052246,0.266342431306839,31,6,6,20,0.3
AttUNet,otherscanners,ses-01,anat,sub-chuv152_ses-01_acq-haste_run-3_echo-1_T2w,0.9015964865684509,0.8208244442939758,32,6,4,22,0.18181818181818182
AttUNet,otherscanners,ses-01,anat,sub-chuv152_ses-01_acq-haste_run-3_echo-2_T2w,0.8963363766670227,0.8121463656425476,48,7,8,22,0.36363636363636365
AttUNet,otherscanners,ses-01,anat,sub-chuv152_ses-01_acq-haste_run-3_echo-3_T2w,0.9090552926063538,0.8332734704017639,69,14,9,22,0.4090909090909091
AttUNet,otherscanners,ses-01,anat,sub-chuv152_ses-01_acq-haste_run-3_echo-4_T2w,0.907073438167572,0.829949140548706,44,13,8,20,0.4
AttUNet,otherscanners,ses-01,anat,sub-chuv152_ses-01_acq-haste_run-3_echo-5_T2w,0.8738498687744141,0.7759621143341064,43,9,11,20,0.55
AttUNet,otherscanners,ses-01,anat,sub-chuv152_ses-01_acq-haste_run-3_echo-6_T2w,0.662548840045929,0.4953816831111908,64,14,14,19,0.7368421052631579
AttUNet,otherscanners,ses-01,anat,sub-chuv152_ses-01_acq-haste_run-4_echo-1_T2w,0.9820367097854614,0.9647074341773987,20,2,1,19,0.05263157894736842
AttUNet,otherscanners,ses-01,anat,sub-chuv152_ses-01_acq-haste_run-4_echo-2_T2w,0.981900155544281,0.9644438624382019,20,2,1,19,0.05263157894736842
AttUNet,otherscanners,ses-01,anat,sub-chuv152_ses-01_acq-haste_run-4_echo-3_T2w,0.9809114933013916,0.9625380039215088,20,2,1,19,0.05263157894736842
AttUNet,otherscanners,ses-01,anat,sub-chuv152_ses-01_acq-haste_run-4_echo-4_T2w,0.9789735078811646,0.9588130116462708,19,1,0,19,0.0
AttUNet,otherscanners,ses-01,anat,sub-chuv152_ses-01_acq-haste_run-4_echo-5_T2w,0.9734020233154297,0.948182225227356,21,3,1,19,0.05263157894736842
AttUNet,otherscanners,ses-01,anat,sub-chuv152_ses-01_acq-haste_run-4_echo-6_T2w,0.953391969203949,0.9109350442886353,23,3,3,19,0.15789473684210525
AttUNet,otherscanners,ses-01,anat,sub-chuv152_ses-01_acq-haste_run-5_echo-1_T2w,0.8302903771400452,0.7098260521888733,47,13,6,22,0.2727272727272727
AttUNet,otherscanners,ses-01,anat,sub-chuv152_ses-01_acq-haste_run-5_echo-2_T2w,0.828397810459137,0.7070640325546265,75,18,6,22,0.2727272727272727
AttUNet,otherscanners,ses-01,anat,sub-chuv152_ses-01_acq-haste_run-5_echo-3_T2w,0.8425754308700562,0.7279743552207947,91,32,8,22,0.36363636363636365
AttUNet,otherscanners,ses-01,anat,sub-chuv152_ses-01_acq-haste_run-5_echo-4_T2w,0.8635826706886292,0.7599168419837952,57,9,8,21,0.38095238095238093
AttUNet,otherscanners,ses-01,anat,sub-chuv152_ses-01_acq-haste_run-5_echo-5_T2w,0.8231315016746521,0.699425220489502,49,9,11,19,0.5789473684210527
AttUNet,otherscanners,ses-01,anat,sub-chuv152_ses-01_acq-haste_run-5_echo-6_T2w,0.6924986839294434,0.5296351313591003,42,7,10,18,0.5555555555555556
AttUNet,otherscanners,ses-01,anat,sub-chuv152_ses-01_acq-haste_run-6_echo-1_T2w,0.4418902099132538,0.283606618642807,54,6,16,18,0.8888888888888888
AttUNet,otherscanners,ses-01,anat,sub-chuv152_ses-01_acq-haste_run-6_echo-2_T2w,0.4403500556945801,0.28233903646469116,54,5,16,18,0.8888888888888888
AttUNet,otherscanners,ses-01,anat,sub-chuv152_ses-01_acq-haste_run-6_echo-3_T2w,0.4415021538734436,0.2832869589328766,70,10,15,18,0.8333333333333334
AttUNet,otherscanners,ses-01,anat,sub-chuv152_ses-01_acq-haste_run-6_echo-4_T2w,0.5667153596878052,0.39539623260498047,58,7,12,16,0.75
AttUNet,otherscanners,ses-01,anat,sub-chuv152_ses-01_acq-haste_run-6_echo-5_T2w,0.6869977712631226,0.5232266783714294,49,11,9,14,0.6428571428571429
AttUNet,otherscanners,ses-01,anat,sub-chuv152_ses-01_acq-haste_run-6_echo-6_T2w,0.5629898905754089,0.3917786777019501,28,8,7,12,0.5833333333333334
AttUNet,otherscanners,ses-01,anat,sub-chuv152_ses-01_acq-haste_run-7_echo-1_T2w,0.9797563552856445,0.9603160619735718,20,2,1,19,0.05263157894736842
AttUNet,otherscanners,ses-01,anat,sub-chuv152_ses-01_acq-haste_run-7_echo-2_T2w,0.9709449410438538,0.9435306191444397,22,2,2,20,0.1
AttUNet,otherscanners,ses-01,anat,sub-chuv152_ses-01_acq-haste_run-7_echo-3_T2w,0.9413262009620667,0.8891560435295105,26,6,1,21,0.047619047619047616
AttUNet,otherscanners,ses-01,anat,sub-chuv152_ses-01_acq-haste_run-7_echo-4_T2w,0.8983091115951538,0.8153912425041199,32,15,2,16,0.125
AttUNet,otherscanners,ses-01,anat,sub-chuv152_ses-01_acq-haste_run-7_echo-5_T2w,0.8286149501800537,0.7073805332183838,19,6,1,14,0.07142857142857142
AttUNet,otherscanners,ses-01,anat,sub-chuv152_ses-01_acq-haste_run-7_echo-6_T2w,0.5342833995819092,0.36452025175094604,54,10,10,15,0.6666666666666666
AttUNet,otherscanners,ses-01,anat,sub-chuv152_ses-01_acq-haste_run-8_echo-1_T2w,0.8350139856338501,0.7167587876319885,50,10,8,19,0.42105263157894735
AttUNet,otherscanners,ses-01,anat,sub-chuv152_ses-01_acq-haste_run-8_echo-2_T2w,0.8348942399024963,0.7165823578834534,36,8,8,19,0.42105263157894735
AttUNet,otherscanners,ses-01,anat,sub-chuv152_ses-01_acq-haste_run-8_echo-3_T2w,0.8416906595230103,0.7266545295715332,37,8,7,19,0.3684210526315789
AttUNet,otherscanners,ses-01,anat,sub-chuv152_ses-01_acq-haste_run-8_echo-4_T2w,0.7687668204307556,0.6243876814842224,51,12,10,17,0.5882352941176471
AttUNet,otherscanners,ses-01,anat,sub-chuv152_ses-01_acq-haste_run-8_echo-5_T2w,0.7616158723831177,0.615007758140564,28,4,5,15,0.3333333333333333
AttUNet,otherscanners,ses-01,anat,sub-chuv152_ses-01_acq-haste_run-8_echo-6_T2w,0.7129356265068054,0.5539238452911377,26,7,4,13,0.3076923076923077
AttUNet,otherscanners,ses-01,anat,sub-chuv152_ses-01_acq-haste_run-9_echo-1_T2w,0.6787701845169067,0.5137411952018738,15,1,0,15,0.0
AttUNet,otherscanners,ses-01,anat,sub-chuv152_ses-01_acq-haste_run-9_echo-2_T2w,0.6652010083198547,0.498352974653244,17,2,1,16,0.0625
AttUNet,otherscanners,ses-01,anat,sub-chuv152_ses-01_acq-haste_run-9_echo-3_T2w,0.6528586745262146,0.4846252202987671,21,5,2,16,0.125
AttUNet,otherscanners,ses-01,anat,sub-chuv152_ses-01_acq-haste_run-9_echo-4_T2w,0.5678030252456665,0.39645594358444214,22,3,5,16,0.3125
AttUNet,otherscanners,ses-01,anat,sub-chuv152_ses-01_acq-haste_run-9_echo-5_T2w,0.4704017639160156,0.3075329065322876,29,7,4,15,0.26666666666666666
AttUNet,otherscanners,ses-01,anat,sub-chuv152_ses-01_acq-haste_run-9_echo-6_T2w,0.5306087732315063,0.36110788583755493,19,3,3,13,0.23076923076923078
AttUNet,otherscanners,ses-01,anat,sub-chuv154_ses-01_acq-haste_run-10_echo-1_T2w,0.9824777245521545,0.9655589461326599,23,2,1,22,0.045454545454545456
AttUNet,otherscanners,ses-01,anat,sub-chuv154_ses-01_acq-haste_run-10_echo-2_T2w,0.9797502756118774,0.9603043794631958,24,2,2,22,0.09090909090909091
AttUNet,otherscanners,ses-01,anat,sub-chuv154_ses-01_acq-haste_run-10_echo-3_T2w,0.9769636392593384,0.9549646973609924,24,3,1,22,0.045454545454545456
AttUNet,otherscanners,ses-01,anat,sub-chuv154_ses-01_acq-haste_run-10_echo-4_T2w,0.9683070182800293,0.9385612607002258,42,5,9,22,0.4090909090909091
AttUNet,otherscanners,ses-01,anat,sub-chuv154_ses-01_acq-haste_run-10_echo-5_T2w,0.9374279975891113,0.8822253346443176,62,8,16,22,0.7272727272727273
AttUNet,otherscanners,ses-01,anat,sub-chuv154_ses-01_acq-haste_run-10_echo-6_T2w,0.8407577872276306,0.7252649664878845,124,15,19,22,0.8636363636363636
AttUNet,otherscanners,ses-01,anat,sub-chuv154_ses-01_acq-haste_run-11_echo-1_T2w,0.9835156798362732,0.9675660133361816,22,1,0,22,0.0
AttUNet,otherscanners,ses-01,anat,sub-chuv154_ses-01_acq-haste_run-11_echo-2_T2w,0.9815175533294678,0.9637059569358826,22,1,0,22,0.0
AttUNet,otherscanners,ses-01,anat,sub-chuv154_ses-01_acq-haste_run-11_echo-3_T2w,0.9801421165466309,0.9610574841499329,22,1,0,22,0.0
AttUNet,otherscanners,ses-01,anat,sub-chuv154_ses-01_acq-haste_run-11_echo-4_T2w,0.976615846157074,0.9543003439903259,30,4,4,22,0.18181818181818182
AttUNet,otherscanners,ses-01,anat,sub-chuv154_ses-01_acq-haste_run-11_echo-5_T2w,0.9694592356681824,0.9407286047935486,38,6,8,22,0.36363636363636365
AttUNet,otherscanners,ses-01,anat,sub-chuv154_ses-01_acq-haste_run-11_echo-6_T2w,0.9260808825492859,0.8623377084732056,51,7,11,21,0.5238095238095238
AttUNet,otherscanners,ses-01,anat,sub-chuv154_ses-01_acq-haste_run-12_echo-5_T2w,0.7711109519004822,0.6274862289428711,55,21,5,8,0.625
AttUNet,otherscanners,ses-01,anat,sub-chuv154_ses-01_acq-haste_run-12_echo-6_T2w,0.29231199622154236,0.17117412388324738,100,28,5,6,0.8333333333333334
AttUNet,otherscanners,ses-01,anat,sub-chuv154_ses-01_acq-haste_run-13_echo-1_T2w,0.9764665961265564,0.9540153741836548,24,2,3,21,0.14285714285714285
AttUNet,otherscanners,ses-01,anat,sub-chuv154_ses-01_acq-haste_run-13_echo-2_T2w,0.9751748442649841,0.9515523910522461,24,3,2,21,0.09523809523809523
AttUNet,otherscanners,ses-01,anat,sub-chuv154_ses-01_acq-haste_run-13_echo-3_T2w,0.9743790626525879,0.9500382542610168,23,2,2,21,0.09523809523809523
AttUNet,otherscanners,ses-01,anat,sub-chuv154_ses-01_acq-haste_run-13_echo-4_T2w,0.9723101854324341,0.9461124539375305,23,2,2,21,0.09523809523809523
AttUNet,otherscanners,ses-01,anat,sub-chuv154_ses-01_acq-haste_run-13_echo-5_T2w,0.9665374159812927,0.9352417588233948,24,2,3,21,0.14285714285714285
AttUNet,otherscanners,ses-01,anat,sub-chuv154_ses-01_acq-haste_run-13_echo-6_T2w,0.9514029622077942,0.9073103666305542,30,4,5,21,0.23809523809523808
AttUNet,otherscanners,ses-01,anat,sub-chuv154_ses-01_acq-haste_run-14_echo-1_T2w,0.976240873336792,0.953584611415863,26,2,4,22,0.18181818181818182
AttUNet,otherscanners,ses-01,anat,sub-chuv154_ses-01_acq-haste_run-14_echo-2_T2w,0.9738749265670776,0.9490801692008972,26,2,4,22,0.18181818181818182
AttUNet,otherscanners,ses-01,anat,sub-chuv154_ses-01_acq-haste_run-14_echo-3_T2w,0.9713156223297119,0.9442309737205505,26,3,3,22,0.13636363636363635
AttUNet,otherscanners,ses-01,anat,sub-chuv154_ses-01_acq-haste_run-14_echo-4_T2w,0.96418297290802,0.9308429956436157,34,4,7,22,0.3181818181818182
AttUNet,otherscanners,ses-01,anat,sub-chuv154_ses-01_acq-haste_run-14_echo-5_T2w,0.932708740234375,0.8739027380943298,39,5,9,21,0.42857142857142855
AttUNet,otherscanners,ses-01,anat,sub-chuv154_ses-01_acq-haste_run-14_echo-6_T2w,0.8791691660881042,0.7843906283378601,40,8,10,20,0.5
AttUNet,otherscanners,ses-01,anat,sub-chuv154_ses-01_acq-haste_run-15_echo-1_T2w,0.9802930355072021,0.9613478183746338,22,2,1,21,0.047619047619047616
AttUNet,otherscanners,ses-01,anat,sub-chuv154_ses-01_acq-haste_run-15_echo-2_T2w,0.9758326411247253,0.9528058767318726,21,2,1,20,0.05
AttUNet,otherscanners,ses-01,anat,sub-chuv154_ses-01_acq-haste_run-15_echo-3_T2w,0.9693214297294617,0.9404691457748413,30,7,2,20,0.1
AttUNet,otherscanners,ses-01,anat,sub-chuv154_ses-01_acq-haste_run-15_echo-4_T2w,0.9511679410934448,0.9068830013275146,27,4,4,20,0.2
AttUNet,otherscanners,ses-01,anat,sub-chuv154_ses-01_acq-haste_run-15_echo-5_T2w,0.9005725383758545,0.819128692150116,54,12,10,20,0.5
AttUNet,otherscanners,ses-01,anat,sub-chuv154_ses-01_acq-haste_run-15_echo-6_T2w,0.6209449768066406,0.4502684473991394,111,22,15,19,0.7894736842105263
AttUNet,otherscanners,ses-01,anat,sub-chuv154_ses-01_acq-haste_run-16_echo-1_T2w,0.9772865772247314,0.9555820822715759,23,2,1,22,0.045454545454545456
AttUNet,otherscanners,ses-01,anat,sub-chuv154_ses-01_acq-haste_run-16_echo-2_T2w,0.9741654992103577,0.9496322274208069,23,2,1,22,0.045454545454545456
AttUNet,otherscanners,ses-01,anat,sub-chuv154_ses-01_acq-haste_run-16_echo-3_T2w,0.9717687368392944,0.945087730884552,24,2,2,22,0.09090909090909091
AttUNet,otherscanners,ses-01,anat,sub-chuv154_ses-01_acq-haste_run-16_echo-4_T2w,0.9630826711654663,0.9287940859794617,28,6,2,22,0.09090909090909091
AttUNet,otherscanners,ses-01,anat,sub-chuv154_ses-01_acq-haste_run-16_echo-5_T2w,0.9486760497093201,0.9023631811141968,35,4,7,22,0.3181818181818182
AttUNet,otherscanners,ses-01,anat,sub-chuv154_ses-01_acq-haste_run-16_echo-6_T2w,0.7462118864059448,0.5951658487319946,80,15,12,21,0.5714285714285714
AttUNet,otherscanners,ses-01,anat,sub-chuv154_ses-01_acq-haste_run-1_echo-1_T2w,0.9654862880706787,0.9332754611968994,22,1,0,22,0.0
AttUNet,otherscanners,ses-01,anat,sub-chuv154_ses-01_acq-haste_run-1_echo-2_T2w,0.9620335102081299,0.9268444776535034,23,2,1,22,0.045454545454545456
AttUNet,otherscanners,ses-01,anat,sub-chuv154_ses-01_acq-haste_run-1_echo-3_T2w,0.9596930146217346,0.9225094318389893,23,2,1,22,0.045454545454545456
AttUNet,otherscanners,ses-01,anat,sub-chuv154_ses-01_acq-haste_run-1_echo-4_T2w,0.9486601948738098,0.9023345112800598,29,4,2,23,0.08695652173913043
AttUNet,otherscanners,ses-01,anat,sub-chuv154_ses-01_acq-haste_run-1_echo-5_T2w,0.9137035608291626,0.8411180973052979,28,3,3,23,0.13043478260869565
AttUNet,otherscanners,ses-01,anat,sub-chuv154_ses-01_acq-haste_run-1_echo-6_T2w,0.8908025026321411,0.8031054139137268,47,20,6,21,0.2857142857142857
AttUNet,otherscanners,ses-01,anat,sub-chuv154_ses-01_acq-haste_run-2_echo-5_T2w,0.8727577328681946,0.7742414474487305,19,4,1,16,0.0625
AttUNet,otherscanners,ses-01,anat,sub-chuv154_ses-01_acq-haste_run-2_echo-6_T2w,0.8696601390838623,0.7693793177604675,27,6,3,16,0.1875
AttUNet,otherscanners,ses-01,anat,sub-chuv154_ses-01_acq-haste_run-3_echo-1_T2w,0.9263256788253784,0.8627622723579407,17,1,0,17,0.0
AttUNet,otherscanners,ses-01,anat,sub-chuv154_ses-01_acq-haste_run-3_echo-2_T2w,0.9259920716285706,0.8621836304664612,18,2,1,17,0.058823529411764705
AttUNet,otherscanners,ses-01,anat,sub-chuv154_ses-01_acq-haste_run-3_echo-3_T2w,0.9261094927787781,0.8623872399330139,22,4,2,17,0.11764705882352941
AttUNet,otherscanners,ses-01,anat,sub-chuv154_ses-01_acq-haste_run-3_echo-4_T2w,0.9514333009719849,0.9073655605316162,16,1,0,16,0.0
AttUNet,otherscanners,ses-01,anat,sub-chuv154_ses-01_acq-haste_run-3_echo-5_T2w,0.9494243860244751,0.9037182927131653,20,3,2,16,0.125
AttUNet,otherscanners,ses-01,anat,sub-chuv154_ses-01_acq-haste_run-3_echo-6_T2w,0.9465115666389465,0.8984546065330505,19,3,2,16,0.125
AttUNet,otherscanners,ses-01,anat,sub-chuv154_ses-01_acq-haste_run-4_echo-5_T2w,0.7454694509506226,0.5942218899726868,17,5,4,8,0.5
AttUNet,otherscanners,ses-01,anat,sub-chuv154_ses-01_acq-haste_run-4_echo-6_T2w,0.6529756784439087,0.48475420475006104,25,8,7,8,0.875
AttUNet,otherscanners,ses-01,anat,sub-chuv154_ses-01_acq-haste_run-5_echo-1_T2w,0.9662139415740967,0.9346362352371216,23,2,1,22,0.045454545454545456
AttUNet,otherscanners,ses-01,anat,sub-chuv154_ses-01_acq-haste_run-5_echo-2_T2w,0.9640737175941467,0.9306393265724182,24,4,1,21,0.047619047619047616
AttUNet,otherscanners,ses-01,anat,sub-chuv154_ses-01_acq-haste_run-5_echo-3_T2w,0.9615447521209717,0.9259375333786011,22,2,1,21,0.047619047619047616
AttUNet,otherscanners,ses-01,anat,sub-chuv154_ses-01_acq-haste_run-5_echo-4_T2w,0.9561182260513306,0.9159257411956787,22,2,1,21,0.047619047619047616
AttUNet,otherscanners,ses-01,anat,sub-chuv154_ses-01_acq-haste_run-5_echo-5_T2w,0.9494301676750183,0.9037287831306458,23,2,2,21,0.09523809523809523
AttUNet,otherscanners,ses-01,anat,sub-chuv154_ses-01_acq-haste_run-5_echo-6_T2w,0.9398067593574524,0.8864485621452332,26,3,4,21,0.19047619047619047
AttUNet,otherscanners,ses-01,anat,sub-chuv154_ses-01_acq-haste_run-6_echo-1_T2w,0.9629986882209778,0.9286378622055054,21,2,1,20,0.05
AttUNet,otherscanners,ses-01,anat,sub-chuv154_ses-01_acq-haste_run-6_echo-2_T2w,0.9601621627807617,0.9233767986297607,23,2,2,21,0.09523809523809523
AttUNet,otherscanners,ses-01,anat,sub-chuv154_ses-01_acq-haste_run-6_echo-3_T2w,0.9590184688568115,0.9212636947631836,22,2,1,21,0.047619047619047616
AttUNet,otherscanners,ses-01,anat,sub-chuv154_ses-01_acq-haste_run-6_echo-4_T2w,0.9541863799095154,0.9123866558074951,24,3,1,22,0.045454545454545456
AttUNet,otherscanners,ses-01,anat,sub-chuv154_ses-01_acq-haste_run-6_echo-5_T2w,0.9364690780639648,0.8805282711982727,22,2,1,21,0.047619047619047616
AttUNet,otherscanners,ses-01,anat,sub-chuv154_ses-01_acq-haste_run-6_echo-6_T2w,0.9318030476570129,0.8723138570785522,22,2,2,20,0.1
AttUNet,otherscanners,ses-01,anat,sub-chuv154_ses-01_acq-haste_run-7_echo-1_T2w,0.9801731109619141,0.961117148399353,27,2,5,22,0.22727272727272727
AttUNet,otherscanners,ses-01,anat,sub-chuv154_ses-01_acq-haste_run-7_echo-2_T2w,0.9780930876731873,0.9571253657341003,27,2,5,22,0.22727272727272727
AttUNet,otherscanners,ses-01,anat,sub-chuv154_ses-01_acq-haste_run-7_echo-3_T2w,0.975867748260498,0.9528727531433105,27,2,5,22,0.22727272727272727
AttUNet,otherscanners,ses-01,anat,sub-chuv154_ses-01_acq-haste_run-7_echo-4_T2w,0.970370888710022,0.9424470067024231,33,4,8,22,0.36363636363636365
AttUNet,otherscanners,ses-01,anat,sub-chuv154_ses-01_acq-haste_run-7_echo-5_T2w,0.9443942904472351,0.8946467638015747,47,10,9,22,0.4090909090909091
AttUNet,otherscanners,ses-01,anat,sub-chuv154_ses-01_acq-haste_run-7_echo-6_T2w,0.8726107478141785,0.774010181427002,60,16,9,20,0.45
AttUNet,otherscanners,ses-01,anat,sub-chuv154_ses-01_acq-haste_run-8_echo-5_T2w,0.7450077533721924,0.5936353802680969,26,15,3,8,0.375
AttUNet,otherscanners,ses-01,anat,sub-chuv154_ses-01_acq-haste_run-8_echo-6_T2w,0.392150342464447,0.24389739334583282,52,18,5,7,0.7142857142857143
AttUNet,otherscanners,ses-01,anat,sub-chuv154_ses-01_acq-haste_run-9_echo-1_T2w,0.980523407459259,0.9617910385131836,20,1,0,20,0.0
AttUNet,otherscanners,ses-01,anat,sub-chuv154_ses-01_acq-haste_run-9_echo-2_T2w,0.9777384400367737,0.9564464092254639,21,2,1,20,0.05
AttUNet,otherscanners,ses-01,anat,sub-chuv154_ses-01_acq-haste_run-9_echo-3_T2w,0.9745986461639404,0.9504557251930237,22,2,2,20,0.1
AttUNet,otherscanners,ses-01,anat,sub-chuv154_ses-01_acq-haste_run-9_echo-4_T2w,0.9673882722854614,0.9368364214897156,25,4,2,20,0.1
AttUNet,otherscanners,ses-01,anat,sub-chuv154_ses-01_acq-haste_run-9_echo-5_T2w,0.9583756923675537,0.9200780987739563,34,5,7,20,0.35
AttUNet,otherscanners,ses-01,anat,sub-chuv154_ses-01_acq-haste_run-9_echo-6_T2w,0.9289051294326782,0.8672482371330261,35,4,9,20,0.45
AttUNet,otherscanners,ses-01,anat,sub-chuv178_ses-01_acq-haste_run-10_echo-1_T2w,0.9409654140472412,0.8885124325752258,25,3,7,16,0.4375
AttUNet,otherscanners,ses-01,anat,sub-chuv178_ses-01_acq-haste_run-10_echo-2_T2w,0.9420279264450073,0.8904090523719788,25,5,5,16,0.3125
AttUNet,otherscanners,ses-01,anat,sub-chuv178_ses-01_acq-haste_run-10_echo-3_T2w,0.9385589361190796,0.8842307925224304,22,4,4,15,0.26666666666666666
AttUNet,otherscanners,ses-01,anat,sub-chuv178_ses-01_acq-haste_run-10_echo-4_T2w,0.8499099612236023,0.738994300365448,25,7,3,15,0.2
AttUNet,otherscanners,ses-01,anat,sub-chuv178_ses-01_acq-haste_run-10_echo-5_T2w,0.606582522392273,0.43532001972198486,31,7,5,13,0.38461538461538464
AttUNet,otherscanners,ses-01,anat,sub-chuv178_ses-01_acq-haste_run-10_echo-6_T2w,0.15352573990821838,0.08314534276723862,25,7,6,9,0.6666666666666666
AttUNet,otherscanners,ses-01,anat,sub-chuv178_ses-01_acq-haste_run-11_echo-1_T2w,0.8952891826629639,0.8104285001754761,25,3,4,19,0.21052631578947367
AttUNet,otherscanners,ses-01,anat,sub-chuv178_ses-01_acq-haste_run-11_echo-2_T2w,0.8948894739151001,0.8097737431526184,31,6,6,18,0.3333333333333333
AttUNet,otherscanners,ses-01,anat,sub-chuv178_ses-01_acq-haste_run-11_echo-3_T2w,0.8957196474075317,0.8111343383789062,26,4,5,18,0.2777777777777778
AttUNet,otherscanners,ses-01,anat,sub-chuv178_ses-01_acq-haste_run-11_echo-4_T2w,0.8540937304496765,0.7453434467315674,20,3,3,16,0.1875
AttUNet,otherscanners,ses-01,anat,sub-chuv178_ses-01_acq-haste_run-11_echo-5_T2w,0.6993537545204163,0.5376970767974854,19,6,2,13,0.15384615384615385
AttUNet,otherscanners,ses-01,anat,sub-chuv178_ses-01_acq-haste_run-11_echo-6_T2w,0.4648151397705078,0.30277469754219055,19,8,3,10,0.3
AttUNet,otherscanners,ses-01,anat,sub-chuv178_ses-01_acq-haste_run-12_echo-1_T2w,0.8978944420814514,0.8147082328796387,22,3,3,18,0.16666666666666666
AttUNet,otherscanners,ses-01,anat,sub-chuv178_ses-01_acq-haste_run-12_echo-2_T2w,0.9233642220497131,0.8576384782791138,23,4,4,17,0.23529411764705882
AttUNet,otherscanners,ses-01,anat,sub-chuv178_ses-01_acq-haste_run-12_echo-3_T2w,0.943652868270874,0.8933169841766357,21,3,4,16,0.25
AttUNet,otherscanners,ses-01,anat,sub-chuv178_ses-01_acq-haste_run-12_echo-4_T2w,0.9296684861183167,0.8685799241065979,18,3,1,16,0.0625
AttUNet,otherscanners,ses-01,anat,sub-chuv178_ses-01_acq-haste_run-12_echo-5_T2w,0.5758248567581177,0.40432167053222656,20,5,4,13,0.3076923076923077
AttUNet,otherscanners,ses-01,anat,sub-chuv178_ses-01_acq-haste_run-12_echo-6_T2w,0.23300659656524658,0.13186614215373993,17,4,6,9,0.6666666666666666
AttUNet,otherscanners,ses-01,anat,sub-chuv178_ses-01_acq-haste_run-13_echo-1_T2w,0.8839884996414185,0.7920961976051331,22,2,2,20,0.1
AttUNet,otherscanners,ses-01,anat,sub-chuv178_ses-01_acq-haste_run-13_echo-2_T2w,0.8847144246101379,0.7932626605033875,22,2,2,20,0.1
AttUNet,otherscanners,ses-01,anat,sub-chuv178_ses-01_acq-haste_run-13_echo-3_T2w,0.8852537870407104,0.7941303253173828,22,2,2,20,0.1
AttUNet,otherscanners,ses-01,anat,sub-chuv178_ses-01_acq-haste_run-13_echo-4_T2w,0.8860864639282227,0.7954715490341187,22,2,2,20,0.1
AttUNet,otherscanners,ses-01,anat,sub-chuv178_ses-01_acq-haste_run-13_echo-5_T2w,0.886072039604187,0.7954482436180115,22,2,2,20,0.1
AttUNet,otherscanners,ses-01,anat,sub-chuv178_ses-01_acq-haste_run-13_echo-6_T2w,0.8858215808868408,0.7950446009635925,22,2,2,20,0.1
AttUNet,otherscanners,ses-01,anat,sub-chuv178_ses-01_acq-haste_run-1_echo-1_T2w,0.8880624175071716,0.7986621260643005,21,2,2,19,0.10526315789473684
AttUNet,otherscanners,ses-01,anat,sub-chuv178_ses-01_acq-haste_run-1_echo-2_T2w,0.8911864757537842,0.8037298321723938,21,2,2,19,0.10526315789473684
AttUNet,otherscanners,ses-01,anat,sub-chuv178_ses-01_acq-haste_run-1_echo-3_T2w,0.9173355102539062,0.8472943305969238,27,5,3,19,0.15789473684210525
AttUNet,otherscanners,ses-01,anat,sub-chuv178_ses-01_acq-haste_run-1_echo-4_T2w,0.9239820837974548,0.8587050437927246,17,1,0,17,0.0
AttUNet,otherscanners,ses-01,anat,sub-chuv178_ses-01_acq-haste_run-1_echo-5_T2w,0.849053144454956,0.7376996874809265,16,2,1,15,0.06666666666666667
AttUNet,otherscanners,ses-01,anat,sub-chuv178_ses-01_acq-haste_run-1_echo-6_T2w,0.6491909027099609,0.48059412837028503,30,7,4,12,0.3333333333333333
AttUNet,otherscanners,ses-01,anat,sub-chuv178_ses-01_acq-haste_run-2_echo-1_T2w,0.9452155828475952,0.8961220383644104,19,2,2,17,0.11764705882352941
AttUNet,otherscanners,ses-01,anat,sub-chuv178_ses-01_acq-haste_run-2_echo-2_T2w,0.9425833821296692,0.8914021253585815,21,3,3,17,0.17647058823529413
AttUNet,otherscanners,ses-01,anat,sub-chuv178_ses-01_acq-haste_run-2_echo-3_T2w,0.9369373321533203,0.8813566565513611,22,3,3,17,0.17647058823529413
AttUNet,otherscanners,ses-01,anat,sub-chuv178_ses-01_acq-haste_run-2_echo-4_T2w,0.7137636542320251,0.5549241304397583,18,3,2,14,0.14285714285714285
AttUNet,otherscanners,ses-01,anat,sub-chuv178_ses-01_acq-haste_run-2_echo-5_T2w,0.3034173548221588,0.1788402944803238,36,7,6,10,0.6
AttUNet,otherscanners,ses-01,anat,sub-chuv178_ses-01_acq-haste_run-2_echo-6_T2w,0.03971531614661217,0.020259972661733627,7,3,1,5,0.2
AttUNet,otherscanners,ses-01,anat,sub-chuv178_ses-01_acq-haste_run-3_echo-1_T2w,0.9437083005905151,0.8934163451194763,21,2,1,20,0.05
AttUNet,otherscanners,ses-01,anat,sub-chuv178_ses-01_acq-haste_run-3_echo-2_T2w,0.9386460781097412,0.8843855857849121,21,2,1,20,0.05
AttUNet,otherscanners,ses-01,anat,sub-chuv178_ses-01_acq-haste_run-3_echo-3_T2w,0.9351174831390381,0.878141462802887,21,2,1,20,0.05
AttUNet,otherscanners,ses-01,anat,sub-chuv178_ses-01_acq-haste_run-3_echo-4_T2w,0.8877050876617432,0.7980843186378479,28,6,4,20,0.2
AttUNet,otherscanners,ses-01,anat,sub-chuv178_ses-01_acq-haste_run-3_echo-5_T2w,0.7715959548950195,0.6281288266181946,34,11,4,19,0.21052631578947367
AttUNet,otherscanners,ses-01,anat,sub-chuv178_ses-01_acq-haste_run-3_echo-6_T2w,0.6663422584533691,0.49963510036468506,26,4,5,18,0.2777777777777778
AttUNet,otherscanners,ses-01,anat,sub-chuv178_ses-01_acq-haste_run-4_echo-1_T2w,0.9315357208251953,0.8718454241752625,31,8,3,22,0.13636363636363635
AttUNet,otherscanners,ses-01,anat,sub-chuv178_ses-01_acq-haste_run-4_echo-2_T2w,0.9290128946304321,0.8674361705780029,28,3,5,22,0.22727272727272727
AttUNet,otherscanners,ses-01,anat,sub-chuv178_ses-01_acq-haste_run-4_echo-3_T2w,0.9350741505622864,0.8780649900436401,32,5,6,20,0.3
AttUNet,otherscanners,ses-01,anat,sub-chuv178_ses-01_acq-haste_run-4_echo-4_T2w,0.9070253968238831,0.8298686742782593,39,9,7,19,0.3684210526315789
AttUNet,otherscanners,ses-01,anat,sub-chuv178_ses-01_acq-haste_run-4_echo-5_T2w,0.6725963950157166,0.5067007541656494,36,6,9,17,0.5294117647058824
AttUNet,otherscanners,ses-01,anat,sub-chuv178_ses-01_acq-haste_run-4_echo-6_T2w,0.5702070593833923,0.3988039493560791,30,8,7,14,0.5
AttUNet,otherscanners,ses-01,anat,sub-chuv178_ses-01_acq-haste_run-5_echo-1_T2w,0.5765138268470764,0.40500134229660034,22,3,3,18,0.16666666666666666
AttUNet,otherscanners,ses-01,anat,sub-chuv178_ses-01_acq-haste_run-5_echo-2_T2w,0.5892459154129028,0.4176815152168274,22,4,2,18,0.1111111111111111
AttUNet,otherscanners,ses-01,anat,sub-chuv178_ses-01_acq-haste_run-5_echo-3_T2w,0.6071779727935791,0.4359336197376251,23,4,2,18,0.1111111111111111
AttUNet,otherscanners,ses-01,anat,sub-chuv178_ses-01_acq-haste_run-5_echo-4_T2w,0.6717867851257324,0.5057823061943054,22,5,2,16,0.125
AttUNet,otherscanners,ses-01,anat,sub-chuv178_ses-01_acq-haste_run-5_echo-5_T2w,0.7250122427940369,0.5686425566673279,19,6,1,14,0.07142857142857142
AttUNet,otherscanners,ses-01,anat,sub-chuv178_ses-01_acq-haste_run-5_echo-6_T2w,0.7878170609474182,0.6499159932136536,19,6,3,12,0.25
AttUNet,otherscanners,ses-01,anat,sub-chuv178_ses-01_acq-haste_run-6_echo-1_T2w,0.8546034097671509,0.746120035648346,31,5,5,20,0.25
AttUNet,otherscanners,ses-01,anat,sub-chuv178_ses-01_acq-haste_run-6_echo-2_T2w,0.8530518412590027,0.743757963180542,34,8,4,20,0.2
AttUNet,otherscanners,ses-01,anat,sub-chuv178_ses-01_acq-haste_run-6_echo-3_T2w,0.8480255603790283,0.7361496090888977,39,10,5,20,0.25
AttUNet,otherscanners,ses-01,anat,sub-chuv178_ses-01_acq-haste_run-6_echo-4_T2w,0.8439479470252991,0.7300258874893188,42,11,5,20,0.25
AttUNet,otherscanners,ses-01,anat,sub-chuv178_ses-01_acq-haste_run-6_echo-5_T2w,0.8560577630996704,0.7483400702476501,41,6,7,20,0.35
AttUNet,otherscanners,ses-01,anat,sub-chuv178_ses-01_acq-haste_run-6_echo-6_T2w,0.8456711769104004,0.7326085567474365,32,7,5,19,0.2631578947368421
AttUNet,otherscanners,ses-01,anat,sub-chuv178_ses-01_acq-haste_run-7_echo-1_T2w,0.8631764650344849,0.7592880129814148,30,7,3,19,0.15789473684210525
AttUNet,otherscanners,ses-01,anat,sub-chuv178_ses-01_acq-haste_run-7_echo-2_T2w,0.862735390663147,0.7586056590080261,31,8,3,19,0.15789473684210525
AttUNet,otherscanners,ses-01,anat,sub-chuv178_ses-01_acq-haste_run-7_echo-3_T2w,0.8554810881614685,0.7474591732025146,26,5,3,18,0.16666666666666666
AttUNet,otherscanners,ses-01,anat,sub-chuv178_ses-01_acq-haste_run-7_echo-4_T2w,0.8441177010536194,0.7302799820899963,24,4,3,18,0.16666666666666666
AttUNet,otherscanners,ses-01,anat,sub-chuv178_ses-01_acq-haste_run-7_echo-5_T2w,0.8358135223388672,0.7179378271102905,23,3,3,18,0.16666666666666666
AttUNet,otherscanners,ses-01,anat,sub-chuv178_ses-01_acq-haste_run-7_echo-6_T2w,0.816771924495697,0.6902912259101868,24,3,4,18,0.2222222222222222
AttUNet,otherscanners,ses-01,anat,sub-chuv178_ses-01_acq-haste_run-8_echo-1_T2w,0.928844153881073,0.8671419024467468,32,4,7,22,0.3181818181818182
AttUNet,otherscanners,ses-01,anat,sub-chuv178_ses-01_acq-haste_run-8_echo-2_T2w,0.9329239130020142,0.8742806315422058,46,9,10,22,0.45454545454545453
AttUNet,otherscanners,ses-01,anat,sub-chuv178_ses-01_acq-haste_run-8_echo-3_T2w,0.9279404878616333,0.8655681014060974,43,10,9,21,0.42857142857142855
AttUNet,otherscanners,ses-01,anat,sub-chuv178_ses-01_acq-haste_run-8_echo-4_T2w,0.8859944939613342,0.7953232526779175,47,8,10,20,0.5
AttUNet,otherscanners,ses-01,anat,sub-chuv178_ses-01_acq-haste_run-8_echo-5_T2w,0.7241754531860352,0.5676136612892151,48,6,14,20,0.7
AttUNet,otherscanners,ses-01,anat,sub-chuv178_ses-01_acq-haste_run-8_echo-6_T2w,0.45217955112457275,0.29213953018188477,46,12,9,17,0.5294117647058824
AttUNet,otherscanners,ses-01,anat,sub-chuv178_ses-01_acq-haste_run-9_echo-1_T2w,0.9486601948738098,0.9023345112800598,21,3,3,17,0.17647058823529413
AttUNet,otherscanners,ses-01,anat,sub-chuv178_ses-01_acq-haste_run-9_echo-2_T2w,0.9360907077789307,0.8798595070838928,25,4,4,17,0.23529411764705882
AttUNet,otherscanners,ses-01,anat,sub-chuv178_ses-01_acq-haste_run-9_echo-3_T2w,0.9180023670196533,0.8484328985214233,31,7,5,17,0.29411764705882354
AttUNet,otherscanners,ses-01,anat,sub-chuv178_ses-01_acq-haste_run-9_echo-4_T2w,0.6950748562812805,0.5326550006866455,44,9,6,16,0.375
AttUNet,otherscanners,ses-01,anat,sub-chuv178_ses-01_acq-haste_run-9_echo-5_T2w,0.18203988671302795,0.10013414174318314,17,5,4,8,0.5
AttUNet,otherscanners,ses-01,anat,sub-chuv178_ses-01_acq-haste_run-9_echo-6_T2w,0.08181027323007584,0.04264972731471062,9,4,2,3,0.6666666666666666
AttUNet,otherscanners,ses-01,anat,sub-chuv198_ses-01_acq-haste_run-1_echo-1_T2w,0.9838969707489014,0.9683043360710144,32,3,4,26,0.15384615384615385
AttUNet,otherscanners,ses-01,anat,sub-chuv198_ses-01_acq-haste_run-1_echo-2_T2w,0.9818264245986938,0.964301586151123,29,3,2,26,0.07692307692307693
AttUNet,otherscanners,ses-01,anat,sub-chuv198_ses-01_acq-haste_run-1_echo-3_T2w,0.9796472787857056,0.9601065516471863,32,4,3,26,0.11538461538461539
AttUNet,otherscanners,ses-01,anat,sub-chuv198_ses-01_acq-haste_run-1_echo-4_T2w,0.9580764770507812,0.9195266962051392,48,9,8,27,0.2962962962962963
AttUNet,otherscanners,ses-01,anat,sub-chuv198_ses-01_acq-haste_run-1_echo-5_T2w,0.8874980211257935,0.7977495789527893,74,9,15,26,0.5769230769230769
AttUNet,otherscanners,ses-01,anat,sub-chuv198_ses-01_acq-haste_run-1_echo-6_T2w,0.7323323488235474,0.5777006149291992,80,9,18,24,0.75
AttUNet,otherscanners,ses-01,anat,sub-chuv198_ses-01_acq-haste_run-2_echo-1_T2w,0.9776034951210022,0.9561881422996521,33,3,4,27,0.14814814814814814
AttUNet,otherscanners,ses-01,anat,sub-chuv198_ses-01_acq-haste_run-2_echo-2_T2w,0.9752587080001831,0.9517120718955994,34,3,4,27,0.14814814814814814
AttUNet,otherscanners,ses-01,anat,sub-chuv198_ses-01_acq-haste_run-2_echo-3_T2w,0.9729535579681396,0.9473315477371216,34,4,3,27,0.1111111111111111
AttUNet,otherscanners,ses-01,anat,sub-chuv198_ses-01_acq-haste_run-2_echo-4_T2w,0.9668610095977783,0.9358479380607605,37,4,7,25,0.28
AttUNet,otherscanners,ses-01,anat,sub-chuv198_ses-01_acq-haste_run-2_echo-5_T2w,0.9161758422851562,0.8453178405761719,41,4,10,24,0.4166666666666667
AttUNet,otherscanners,ses-01,anat,sub-chuv198_ses-01_acq-haste_run-2_echo-6_T2w,0.8255298137664795,0.70289546251297,53,7,12,22,0.5454545454545454
AttUNet,otherscanners,ses-01,anat,sub-chuv210_ses-01_acq-haste_run-1_echo-1_T2w,0.9827526807785034,0.9660902619361877,32,2,2,30,0.06666666666666667
AttUNet,otherscanners,ses-01,anat,sub-chuv210_ses-01_acq-haste_run-1_echo-2_T2w,0.9770251512527466,0.9550822973251343,37,3,4,30,0.13333333333333333
AttUNet,otherscanners,ses-01,anat,sub-chuv210_ses-01_acq-haste_run-1_echo-3_T2w,0.9638165235519409,0.9301600456237793,47,6,7,30,0.23333333333333334
AttUNet,otherscanners,ses-01,anat,sub-chuv210_ses-01_acq-haste_run-1_echo-4_T2w,0.9359053373336792,0.8795320391654968,36,3,6,28,0.21428571428571427
AttUNet,otherscanners,ses-01,anat,sub-chuv210_ses-01_acq-haste_run-1_echo-5_T2w,0.8965776562690735,0.8125425577163696,48,6,10,28,0.35714285714285715
AttUNet,otherscanners,ses-01,anat,sub-chuv210_ses-01_acq-haste_run-1_echo-6_T2w,0.47964224219322205,0.3154798448085785,171,24,22,26,0.8461538461538461
AttUNet,otherscanners,ses-01,anat,sub-chuv210_ses-01_acq-haste_run-2_echo-1_T2w,0.9804046154022217,0.9615623950958252,29,3,5,22,0.22727272727272727
AttUNet,otherscanners,ses-01,anat,sub-chuv210_ses-01_acq-haste_run-2_echo-2_T2w,0.9780626893043518,0.9570671916007996,28,3,4,22,0.18181818181818182
AttUNet,otherscanners,ses-01,anat,sub-chuv210_ses-01_acq-haste_run-2_echo-3_T2w,0.9759408235549927,0.9530121088027954,28,3,4,22,0.18181818181818182
AttUNet,otherscanners,ses-01,anat,sub-chuv210_ses-01_acq-haste_run-2_echo-4_T2w,0.9697615504264832,0.9412981271743774,25,3,2,22,0.09090909090909091
AttUNet,otherscanners,ses-01,anat,sub-chuv210_ses-01_acq-haste_run-2_echo-5_T2w,0.9406368732452393,0.8879267573356628,47,9,4,22,0.18181818181818182
AttUNet,otherscanners,ses-01,anat,sub-chuv210_ses-01_acq-haste_run-2_echo-6_T2w,0.8782137036323547,0.7828708291053772,68,12,11,21,0.5238095238095238
AttUNet,otherscanners,ses-01,anat,sub-chuv210_ses-01_acq-haste_run-3_echo-1_T2w,0.9842720627784729,0.9690311551094055,26,2,1,25,0.04
AttUNet,otherscanners,ses-01,anat,sub-chuv210_ses-01_acq-haste_run-3_echo-2_T2w,0.980726420879364,0.9621816873550415,27,3,1,25,0.04
AttUNet,otherscanners,ses-01,anat,sub-chuv210_ses-01_acq-haste_run-3_echo-3_T2w,0.9738847017288208,0.9490987658500671,37,7,5,25,0.2
AttUNet,otherscanners,ses-01,anat,sub-chuv210_ses-01_acq-haste_run-3_echo-4_T2w,0.9424475431442261,0.8911591172218323,50,8,12,26,0.46153846153846156
AttUNet,otherscanners,ses-01,anat,sub-chuv210_ses-01_acq-haste_run-3_echo-5_T2w,0.8144407868385315,0.6869676113128662,128,22,24,26,0.9230769230769231
AttUNet,otherscanners,ses-01,anat,sub-chuv210_ses-01_acq-haste_run-3_echo-6_T2w,0.35244062542915344,0.21391679346561432,145,13,21,26,0.8076923076923077
AttUNet,otherscanners,ses-01,anat,sub-chuv210_ses-01_acq-haste_run-4_echo-1_T2w,0.9817234873771667,0.9641030430793762,27,3,4,21,0.19047619047619047
AttUNet,otherscanners,ses-01,anat,sub-chuv210_ses-01_acq-haste_run-4_echo-2_T2w,0.9797040224075317,0.9602155089378357,27,3,4,21,0.19047619047619047
AttUNet,otherscanners,ses-01,anat,sub-chuv210_ses-01_acq-haste_run-4_echo-3_T2w,0.9772168397903442,0.9554487466812134,27,3,4,21,0.19047619047619047
AttUNet,otherscanners,ses-01,anat,sub-chuv210_ses-01_acq-haste_run-4_echo-4_T2w,0.9587410688400269,0.9207518696784973,28,4,5,20,0.25
AttUNet,otherscanners,ses-01,anat,sub-chuv210_ses-01_acq-haste_run-4_echo-5_T2w,0.9416995644569397,0.8898224830627441,32,6,4,20,0.2
AttUNet,otherscanners,ses-01,anat,sub-chuv210_ses-01_acq-haste_run-4_echo-6_T2w,0.8052093982696533,0.6739335060119629,68,18,11,19,0.5789473684210527
AttUNet,otherscanners,ses-01,anat,sub-chuv210_ses-01_acq-haste_run-5_echo-1_T2w,0.9847909212112427,0.9700375199317932,26,1,0,26,0.0
AttUNet,otherscanners,ses-01,anat,sub-chuv210_ses-01_acq-haste_run-5_echo-2_T2w,0.980038583278656,0.9608584642410278,28,3,1,26,0.038461538461538464
AttUNet,otherscanners,ses-01,anat,sub-chuv210_ses-01_acq-haste_run-5_echo-3_T2w,0.9746389389038086,0.9505324363708496,36,5,5,26,0.19230769230769232
AttUNet,otherscanners,ses-01,anat,sub-chuv210_ses-01_acq-haste_run-5_echo-4_T2w,0.9504635334014893,0.9056031703948975,56,6,12,26,0.46153846153846156
AttUNet,otherscanners,ses-01,anat,sub-chuv210_ses-01_acq-haste_run-5_echo-5_T2w,0.8745915293693542,0.7771325707435608,111,13,17,27,0.6296296296296297
AttUNet,otherscanners,ses-01,anat,sub-chuv210_ses-01_acq-haste_run-5_echo-6_T2w,0.3382199704647064,0.2035287320613861,158,20,20,26,0.7692307692307693
AttUNet,otherscanners,ses-01,anat,sub-chuv210_ses-01_acq-haste_run-6_echo-1_T2w,0.978361964225769,0.9576404690742493,33,3,2,30,0.06666666666666667
AttUNet,otherscanners,ses-01,anat,sub-chuv210_ses-01_acq-haste_run-6_echo-2_T2w,0.9725019335746765,0.9464757442474365,39,5,4,30,0.13333333333333333
AttUNet,otherscanners,ses-01,anat,sub-chuv210_ses-01_acq-haste_run-6_echo-3_T2w,0.9625634551048279,0.9278287887573242,46,7,7,29,0.2413793103448276
AttUNet,otherscanners,ses-01,anat,sub-chuv210_ses-01_acq-haste_run-6_echo-4_T2w,0.9421232342720032,0.890579342842102,47,6,11,29,0.3793103448275862
AttUNet,otherscanners,ses-01,anat,sub-chuv210_ses-01_acq-haste_run-6_echo-5_T2w,0.8901262879371643,0.8020067811012268,62,11,14,29,0.4827586206896552
AttUNet,otherscanners,ses-01,anat,sub-chuv210_ses-01_acq-haste_run-6_echo-6_T2w,0.580926775932312,0.4093705415725708,121,16,21,26,0.8076923076923077
AttUNet,otherscanners,ses-01,anat,sub-chuv211_ses-01_acq-haste_run-10_echo-1_T2w,0.5466065406799316,0.37608984112739563,34,5,8,21,0.38095238095238093
AttUNet,otherscanners,ses-01,anat,sub-chuv211_ses-01_acq-haste_run-10_echo-2_T2w,0.5436320900917053,0.3732793927192688,32,3,8,22,0.36363636363636365
AttUNet,otherscanners,ses-01,anat,sub-chuv211_ses-01_acq-haste_run-10_echo-3_T2w,0.5469526052474976,0.3764175772666931,34,3,10,22,0.45454545454545453
AttUNet,otherscanners,ses-01,anat,sub-chuv211_ses-01_acq-haste_run-10_echo-4_T2w,0.5497654676437378,0.37908729910850525,37,4,9,21,0.42857142857142855
AttUNet,otherscanners,ses-01,anat,sub-chuv211_ses-01_acq-haste_run-10_echo-5_T2w,0.44842201471328735,0.28901028633117676,43,6,11,17,0.6470588235294118
AttUNet,otherscanners,ses-01,anat,sub-chuv211_ses-01_acq-haste_run-10_echo-6_T2w,0.18584400415420532,0.10244102030992508,60,20,7,11,0.6363636363636364
AttUNet,otherscanners,ses-01,anat,sub-chuv211_ses-01_acq-haste_run-11_echo-1_T2w,0.7728783488273621,0.6298302412033081,28,4,5,17,0.29411764705882354
AttUNet,otherscanners,ses-01,anat,sub-chuv211_ses-01_acq-haste_run-11_echo-2_T2w,0.7749620079994202,0.6326024532318115,30,4,6,17,0.35294117647058826
AttUNet,otherscanners,ses-01,anat,sub-chuv211_ses-01_acq-haste_run-11_echo-3_T2w,0.7771629095077515,0.6355408430099487,40,9,8,17,0.47058823529411764
AttUNet,otherscanners,ses-01,anat,sub-chuv211_ses-01_acq-haste_run-11_echo-4_T2w,0.7682978510856628,0.6237691640853882,54,7,11,16,0.6875
AttUNet,otherscanners,ses-01,anat,sub-chuv211_ses-01_acq-haste_run-11_echo-5_T2w,0.507563591003418,0.3400906026363373,60,13,9,12,0.75
AttUNet,otherscanners,ses-01,anat,sub-chuv211_ses-01_acq-haste_run-11_echo-6_T2w,0.26049429178237915,0.14975190162658691,36,14,6,7,0.8571428571428571
AttUNet,otherscanners,ses-01,anat,sub-chuv211_ses-01_acq-haste_run-12_echo-1_T2w,0.9800659418106079,0.9609110951423645,27,3,3,22,0.13636363636363635
AttUNet,otherscanners,ses-01,anat,sub-chuv211_ses-01_acq-haste_run-12_echo-2_T2w,0.9789535999298096,0.9587748646736145,29,5,3,22,0.13636363636363635
AttUNet,otherscanners,ses-01,anat,sub-chuv211_ses-01_acq-haste_run-12_echo-3_T2w,0.967241644859314,0.9365614056587219,37,10,4,22,0.18181818181818182
AttUNet,otherscanners,ses-01,anat,sub-chuv211_ses-01_acq-haste_run-12_echo-4_T2w,0.9633922576904297,0.929370105266571,30,4,4,21,0.19047619047619047
AttUNet,otherscanners,ses-01,anat,sub-chuv211_ses-01_acq-haste_run-12_echo-5_T2w,0.9589774012565613,0.9211879372596741,29,5,3,21,0.14285714285714285
AttUNet,otherscanners,ses-01,anat,sub-chuv211_ses-01_acq-haste_run-12_echo-6_T2w,0.9339076280593872,0.8760100603103638,32,4,5,21,0.23809523809523808
AttUNet,otherscanners,ses-01,anat,sub-chuv211_ses-01_acq-haste_run-13_echo-1_T2w,0.9814984798431396,0.9636690616607666,28,1,0,28,0.0
AttUNet,otherscanners,ses-01,anat,sub-chuv211_ses-01_acq-haste_run-13_echo-2_T2w,0.9788463711738586,0.9585691094398499,31,4,1,28,0.03571428571428571
AttUNet,otherscanners,ses-01,anat,sub-chuv211_ses-01_acq-haste_run-13_echo-3_T2w,0.9754356145858765,0.9520490765571594,31,4,1,28,0.03571428571428571
AttUNet,otherscanners,ses-01,anat,sub-chuv211_ses-01_acq-haste_run-13_echo-4_T2w,0.9684844017028809,0.9388945698738098,27,1,0,27,0.0
AttUNet,otherscanners,ses-01,anat,sub-chuv211_ses-01_acq-haste_run-13_echo-5_T2w,0.8823109865188599,0.7894065380096436,61,9,7,26,0.2692307692307692
AttUNet,otherscanners,ses-01,anat,sub-chuv211_ses-01_acq-haste_run-13_echo-6_T2w,0.6745455265045166,0.508916437625885,75,14,9,23,0.391304347826087
AttUNet,otherscanners,ses-01,anat,sub-chuv211_ses-01_acq-haste_run-14_echo-1_T2w,0.6675213575363159,0.5009621381759644,66,9,13,31,0.41935483870967744
AttUNet,otherscanners,ses-01,anat,sub-chuv211_ses-01_acq-haste_run-14_echo-2_T2w,0.6770583987236023,0.5117825865745544,68,7,15,31,0.4838709677419355
AttUNet,otherscanners,ses-01,anat,sub-chuv211_ses-01_acq-haste_run-14_echo-3_T2w,0.6891106963157654,0.5256818532943726,69,7,15,33,0.45454545454545453
AttUNet,otherscanners,ses-01,anat,sub-chuv211_ses-01_acq-haste_run-14_echo-4_T2w,0.7182286381721497,0.5603407025337219,79,10,15,32,0.46875
AttUNet,otherscanners,ses-01,anat,sub-chuv211_ses-01_acq-haste_run-14_echo-5_T2w,0.5872918367385864,0.41572055220603943,106,13,19,30,0.6333333333333333
AttUNet,otherscanners,ses-01,anat,sub-chuv211_ses-01_acq-haste_run-14_echo-6_T2w,0.2131994217634201,0.11931909620761871,54,11,10,17,0.5882352941176471
AttUNet,otherscanners,ses-01,anat,sub-chuv211_ses-01_acq-haste_run-15_echo-1_T2w,0.5746885538101196,0.4032020568847656,40,3,15,24,0.625
AttUNet,otherscanners,ses-01,anat,sub-chuv211_ses-01_acq-haste_run-15_echo-2_T2w,0.5821316242218018,0.4105681777000427,54,7,18,24,0.75
AttUNet,otherscanners,ses-01,anat,sub-chuv211_ses-01_acq-haste_run-15_echo-3_T2w,0.586586058139801,0.4150136411190033,55,8,16,24,0.6666666666666666
AttUNet,otherscanners,ses-01,anat,sub-chuv211_ses-01_acq-haste_run-15_echo-4_T2w,0.6175298690795898,0.4466858506202698,59,8,15,24,0.625
AttUNet,otherscanners,ses-01,anat,sub-chuv211_ses-01_acq-haste_run-15_echo-5_T2w,0.6563556790351868,0.4884891211986542,71,13,15,24,0.625
AttUNet,otherscanners,ses-01,anat,sub-chuv211_ses-01_acq-haste_run-15_echo-6_T2w,0.5502641797065735,0.3795616924762726,36,7,4,19,0.21052631578947367
AttUNet,otherscanners,ses-01,anat,sub-chuv211_ses-01_acq-haste_run-1_echo-1_T2w,0.6136330962181091,0.44261953234672546,34,4,6,23,0.2608695652173913
AttUNet,otherscanners,ses-01,anat,sub-chuv211_ses-01_acq-haste_run-1_echo-2_T2w,0.614880383014679,0.4439185857772827,33,4,6,22,0.2727272727272727
AttUNet,otherscanners,ses-01,anat,sub-chuv211_ses-01_acq-haste_run-1_echo-3_T2w,0.6175979971885681,0.4467571973800659,34,5,5,23,0.21739130434782608
AttUNet,otherscanners,ses-01,anat,sub-chuv211_ses-01_acq-haste_run-1_echo-4_T2w,0.671929121017456,0.5059437155723572,44,16,5,21,0.23809523809523808
AttUNet,otherscanners,ses-01,anat,sub-chuv211_ses-01_acq-haste_run-1_echo-5_T2w,0.42100441455841064,0.2666279971599579,22,6,4,14,0.2857142857142857
AttUNet,otherscanners,ses-01,anat,sub-chuv211_ses-01_acq-haste_run-1_echo-6_T2w,0.2707163393497467,0.15654826164245605,14,3,3,10,0.3
AttUNet,otherscanners,ses-01,anat,sub-chuv211_ses-01_acq-haste_run-2_echo-1_T2w,0.9805492162704468,0.9618406295776367,22,3,1,20,0.05
AttUNet,otherscanners,ses-01,anat,sub-chuv211_ses-01_acq-haste_run-2_echo-2_T2w,0.9775159358978271,0.956020712852478,24,5,1,20,0.05
AttUNet,otherscanners,ses-01,anat,sub-chuv211_ses-01_acq-haste_run-2_echo-3_T2w,0.9748376607894897,0.9509105682373047,23,4,1,20,0.05
AttUNet,otherscanners,ses-01,anat,sub-chuv211_ses-01_acq-haste_run-2_echo-4_T2w,0.9668870568275452,0.9358967542648315,21,2,1,20,0.05
AttUNet,otherscanners,ses-01,anat,sub-chuv211_ses-01_acq-haste_run-2_echo-5_T2w,0.9514167308807373,0.9073354005813599,25,2,5,20,0.25
AttUNet,otherscanners,ses-01,anat,sub-chuv211_ses-01_acq-haste_run-2_echo-6_T2w,0.8082334399223328,0.678180992603302,42,7,10,20,0.5
AttUNet,otherscanners,ses-01,anat,sub-chuv211_ses-01_acq-haste_run-3_echo-1_T2w,0.5417410731315613,0.37149855494499207,29,4,7,19,0.3684210526315789
AttUNet,otherscanners,ses-01,anat,sub-chuv211_ses-01_acq-haste_run-3_echo-2_T2w,0.5672838091850281,0.3959499001502991,28,4,7,19,0.3684210526315789
AttUNet,otherscanners,ses-01,anat,sub-chuv211_ses-01_acq-haste_run-3_echo-3_T2w,0.572931706905365,0.40147462487220764,30,5,6,18,0.3333333333333333
AttUNet,otherscanners,ses-01,anat,sub-chuv211_ses-01_acq-haste_run-3_echo-4_T2w,0.6243231296539307,0.4538297951221466,31,10,5,16,0.3125
AttUNet,otherscanners,ses-01,anat,sub-chuv211_ses-01_acq-haste_run-3_echo-5_T2w,0.3547217547893524,0.21559986472129822,47,17,6,10,0.6
AttUNet,otherscanners,ses-01,anat,sub-chuv211_ses-01_acq-haste_run-3_echo-6_T2w,0.0,0.0,5,2,1,4,0.25
AttUNet,otherscanners,ses-01,anat,sub-chuv211_ses-01_acq-haste_run-4_echo-1_T2w,0.7437106370925903,0.5919899344444275,20,1,0,20,0.0
AttUNet,otherscanners,ses-01,anat,sub-chuv211_ses-01_acq-haste_run-4_echo-2_T2w,0.7936750054359436,0.6579279899597168,20,3,1,18,0.05555555555555555
AttUNet,otherscanners,ses-01,anat,sub-chuv211_ses-01_acq-haste_run-4_echo-3_T2w,0.7909914255142212,0.6542479991912842,21,5,1,17,0.058823529411764705
AttUNet,otherscanners,ses-01,anat,sub-chuv211_ses-01_acq-haste_run-4_echo-4_T2w,0.8006607890129089,0.6675849556922913,26,6,4,16,0.25
AttUNet,otherscanners,ses-01,anat,sub-chuv211_ses-01_acq-haste_run-4_echo-5_T2w,0.5778742432594299,0.406345397233963,30,10,4,11,0.36363636363636365
AttUNet,otherscanners,ses-01,anat,sub-chuv211_ses-01_acq-haste_run-4_echo-6_T2w,0.2788792848587036,0.16203352808952332,7,2,1,6,0.16666666666666666
AttUNet,otherscanners,ses-01,anat,sub-chuv211_ses-01_acq-haste_run-5_echo-1_T2w,0.4095066487789154,0.2574714720249176,32,7,8,17,0.47058823529411764
AttUNet,otherscanners,ses-01,anat,sub-chuv211_ses-01_acq-haste_run-5_echo-2_T2w,0.4150533974170685,0.26187217235565186,27,5,5,17,0.29411764705882354
AttUNet,otherscanners,ses-01,anat,sub-chuv211_ses-01_acq-haste_run-5_echo-3_T2w,0.4210161864757538,0.2666374444961548,28,5,5,17,0.29411764705882354
AttUNet,otherscanners,ses-01,anat,sub-chuv211_ses-01_acq-haste_run-5_echo-4_T2w,0.486245721578598,0.3212184011936188,57,20,7,15,0.4666666666666667
AttUNet,otherscanners,ses-01,anat,sub-chuv211_ses-01_acq-haste_run-5_echo-5_T2w,0.5808969140052795,0.40934088826179504,26,10,4,11,0.36363636363636365
AttUNet,otherscanners,ses-01,anat,sub-chuv211_ses-01_acq-haste_run-5_echo-6_T2w,0.5067610740661621,0.33937036991119385,22,5,5,8,0.625
AttUNet,otherscanners,ses-01,anat,sub-chuv211_ses-01_acq-haste_run-6_echo-1_T2w,0.679614782333374,0.51470947265625,44,4,11,22,0.5
AttUNet,otherscanners,ses-01,anat,sub-chuv211_ses-01_acq-haste_run-6_echo-2_T2w,0.6789707541465759,0.5139709711074829,44,5,11,22,0.5
AttUNet,otherscanners,ses-01,anat,sub-chuv211_ses-01_acq-haste_run-6_echo-3_T2w,0.6888105273246765,0.5253325700759888,46,5,11,22,0.5
AttUNet,otherscanners,ses-01,anat,sub-chuv211_ses-01_acq-haste_run-6_echo-4_T2w,0.7716500759124756,0.6282005310058594,38,6,9,19,0.47368421052631576
AttUNet,otherscanners,ses-01,anat,sub-chuv211_ses-01_acq-haste_run-6_echo-5_T2w,0.81600022315979,0.6891894936561584,31,5,7,16,0.4375
AttUNet,otherscanners,ses-01,anat,sub-chuv211_ses-01_acq-haste_run-6_echo-6_T2w,0.7174602150917053,0.5594058632850647,28,4,8,16,0.5
AttUNet,otherscanners,ses-01,anat,sub-chuv211_ses-01_acq-haste_run-7_echo-1_T2w,0.6316429972648621,0.46160688996315,61,7,16,33,0.48484848484848486
AttUNet,otherscanners,ses-01,anat,sub-chuv211_ses-01_acq-haste_run-7_echo-2_T2w,0.6245898008346558,0.45411163568496704,71,7,15,32,0.46875
AttUNet,otherscanners,ses-01,anat,sub-chuv211_ses-01_acq-haste_run-7_echo-3_T2w,0.6230302453041077,0.4524647295475006,59,5,16,32,0.5
AttUNet,otherscanners,ses-01,anat,sub-chuv211_ses-01_acq-haste_run-7_echo-4_T2w,0.6478481292724609,0.4791237711906433,75,9,17,31,0.5483870967741935
AttUNet,otherscanners,ses-01,anat,sub-chuv211_ses-01_acq-haste_run-7_echo-5_T2w,0.36920782923698425,0.22639785706996918,106,10,20,28,0.7142857142857143
AttUNet,otherscanners,ses-01,anat,sub-chuv211_ses-01_acq-haste_run-7_echo-6_T2w,0.09540460258722305,0.05009179562330246,56,8,11,18,0.6111111111111112
AttUNet,otherscanners,ses-01,anat,sub-chuv211_ses-01_acq-haste_run-8_echo-1_T2w,0.982240617275238,0.9651010632514954,23,2,2,21,0.09523809523809523
AttUNet,otherscanners,ses-01,anat,sub-chuv211_ses-01_acq-haste_run-8_echo-2_T2w,0.9797766208648682,0.9603549838066101,23,2,2,21,0.09523809523809523
AttUNet,otherscanners,ses-01,anat,sub-chuv211_ses-01_acq-haste_run-8_echo-3_T2w,0.9774143099784851,0.9558262825012207,23,2,2,21,0.09523809523809523
AttUNet,otherscanners,ses-01,anat,sub-chuv211_ses-01_acq-haste_run-8_echo-4_T2w,0.9704468250274658,0.9425902962684631,25,2,4,21,0.19047619047619047
AttUNet,otherscanners,ses-01,anat,sub-chuv211_ses-01_acq-haste_run-8_echo-5_T2w,0.9434220194816589,0.8929033875465393,27,4,5,19,0.2631578947368421
AttUNet,otherscanners,ses-01,anat,sub-chuv211_ses-01_acq-haste_run-8_echo-6_T2w,0.8832361102104187,0.7908888459205627,38,11,6,17,0.35294117647058826
AttUNet,otherscanners,ses-01,anat,sub-chuv211_ses-01_acq-haste_run-9_echo-1_T2w,0.9833622574806213,0.9672690629959106,22,1,0,22,0.0
AttUNet,otherscanners,ses-01,anat,sub-chuv211_ses-01_acq-haste_run-9_echo-2_T2w,0.978472113609314,0.9578515887260437,22,1,0,22,0.0
AttUNet,otherscanners,ses-01,anat,sub-chuv211_ses-01_acq-haste_run-9_echo-3_T2w,0.9743787050247192,0.9500374794006348,22,1,0,22,0.0
AttUNet,otherscanners,ses-01,anat,sub-chuv211_ses-01_acq-haste_run-9_echo-4_T2w,0.9266197681427002,0.8632726669311523,24,3,1,22,0.045454545454545456
AttUNet,otherscanners,ses-01,anat,sub-chuv211_ses-01_acq-haste_run-9_echo-5_T2w,0.7971311807632446,0.6626917123794556,33,6,6,19,0.3157894736842105
AttUNet,otherscanners,ses-01,anat,sub-chuv211_ses-01_acq-haste_run-9_echo-6_T2w,0.7379873991012573,0.5847702622413635,53,7,12,18,0.6666666666666666
AttUNet,otherscanners,ses-01,anat,sub-chuv224_ses-01_acq-haste_run-10_echo-1_T2w,0.9266992807388306,0.8634106516838074,30,4,6,19,0.3157894736842105
AttUNet,otherscanners,ses-01,anat,sub-chuv224_ses-01_acq-haste_run-10_echo-2_T2w,0.9374635219573975,0.8822883367538452,28,3,7,18,0.3888888888888889
AttUNet,otherscanners,ses-01,anat,sub-chuv224_ses-01_acq-haste_run-10_echo-3_T2w,0.9333206415176392,0.874977707862854,23,4,3,17,0.17647058823529413
AttUNet,otherscanners,ses-01,anat,sub-chuv224_ses-01_acq-haste_run-10_echo-4_T2w,0.9129429459571838,0.8398298621177673,21,3,2,18,0.1111111111111111
AttUNet,otherscanners,ses-01,anat,sub-chuv224_ses-01_acq-haste_run-10_echo-5_T2w,0.9081903100013733,0.8318210244178772,21,2,2,19,0.10526315789473684
AttUNet,otherscanners,ses-01,anat,sub-chuv224_ses-01_acq-haste_run-10_echo-6_T2w,0.9110309481620789,0.8365994691848755,23,4,3,18,0.16666666666666666
AttUNet,otherscanners,ses-01,anat,sub-chuv224_ses-01_acq-haste_run-11_echo-1_T2w,0.9651488661766052,0.9326450824737549,23,3,3,19,0.15789473684210525
AttUNet,otherscanners,ses-01,anat,sub-chuv224_ses-01_acq-haste_run-11_echo-2_T2w,0.9558146595954895,0.9153687953948975,27,4,4,20,0.2
AttUNet,otherscanners,ses-01,anat,sub-chuv224_ses-01_acq-haste_run-11_echo-3_T2w,0.9452266097068787,0.8961419463157654,33,7,4,21,0.19047619047619047
AttUNet,otherscanners,ses-01,anat,sub-chuv224_ses-01_acq-haste_run-11_echo-4_T2w,0.9070097804069519,0.8298425674438477,32,4,5,22,0.22727272727272727
AttUNet,otherscanners,ses-01,anat,sub-chuv224_ses-01_acq-haste_run-11_echo-5_T2w,0.8954980969429016,0.8107709884643555,30,3,7,21,0.3333333333333333
AttUNet,otherscanners,ses-01,anat,sub-chuv224_ses-01_acq-haste_run-11_echo-6_T2w,0.8731446862220764,0.7748507261276245,37,5,8,21,0.38095238095238093
AttUNet,otherscanners,ses-01,anat,sub-chuv224_ses-01_acq-haste_run-12_echo-1_T2w,0.9641356468200684,0.9307547211647034,36,5,10,19,0.5263157894736842
AttUNet,otherscanners,ses-01,anat,sub-chuv224_ses-01_acq-haste_run-12_echo-2_T2w,0.9498064517974854,0.9044108986854553,42,6,11,19,0.5789473684210527
AttUNet,otherscanners,ses-01,anat,sub-chuv224_ses-01_acq-haste_run-12_echo-3_T2w,0.9328613877296448,0.8741707801818848,46,6,9,19,0.47368421052631576
AttUNet,otherscanners,ses-01,anat,sub-chuv224_ses-01_acq-haste_run-12_echo-4_T2w,0.8902252316474915,0.8021674752235413,55,8,10,19,0.5263157894736842
AttUNet,otherscanners,ses-01,anat,sub-chuv224_ses-01_acq-haste_run-12_echo-5_T2w,0.8290573954582214,0.7080256342887878,51,6,13,18,0.7222222222222222
AttUNet,otherscanners,ses-01,anat,sub-chuv224_ses-01_acq-haste_run-12_echo-6_T2w,0.629648745059967,0.45947980880737305,53,6,14,18,0.7777777777777778
AttUNet,otherscanners,ses-01,anat,sub-chuv224_ses-01_acq-haste_run-13_echo-1_T2w,0.980756402015686,0.9622395038604736,20,2,2,18,0.1111111111111111
AttUNet,otherscanners,ses-01,anat,sub-chuv224_ses-01_acq-haste_run-13_echo-2_T2w,0.975705087184906,0.952562689781189,22,2,4,18,0.2222222222222222
AttUNet,otherscanners,ses-01,anat,sub-chuv224_ses-01_acq-haste_run-13_echo-3_T2w,0.9632837176322937,0.9291680455207825,29,5,5,18,0.2777777777777778
AttUNet,otherscanners,ses-01,anat,sub-chuv224_ses-01_acq-haste_run-13_echo-4_T2w,0.930049479007721,0.8692453503608704,63,8,11,19,0.5789473684210527
AttUNet,otherscanners,ses-01,anat,sub-chuv224_ses-01_acq-haste_run-13_echo-5_T2w,0.7011419534683228,0.5398141145706177,97,19,16,19,0.8421052631578947
AttUNet,otherscanners,ses-01,anat,sub-chuv224_ses-01_acq-haste_run-13_echo-6_T2w,0.29816925525665283,0.17520499229431152,60,11,11,15,0.7333333333333333
AttUNet,otherscanners,ses-01,anat,sub-chuv224_ses-01_acq-haste_run-14_echo-1_T2w,0.9698955416679382,0.9415507316589355,36,7,4,22,0.18181818181818182
AttUNet,otherscanners,ses-01,anat,sub-chuv224_ses-01_acq-haste_run-14_echo-2_T2w,0.9768734574317932,0.9547923803329468,28,3,4,22,0.18181818181818182
AttUNet,otherscanners,ses-01,anat,sub-chuv224_ses-01_acq-haste_run-14_echo-3_T2w,0.9779570698738098,0.9568649530410767,26,3,3,22,0.13636363636363635
AttUNet,otherscanners,ses-01,anat,sub-chuv224_ses-01_acq-haste_run-14_echo-4_T2w,0.9265835881233215,0.8632098436355591,63,9,14,22,0.6363636363636364
AttUNet,otherscanners,ses-01,anat,sub-chuv224_ses-01_acq-haste_run-14_echo-5_T2w,0.6663575172424316,0.49965229630470276,89,15,13,21,0.6190476190476191
AttUNet,otherscanners,ses-01,anat,sub-chuv224_ses-01_acq-haste_run-14_echo-6_T2w,0.26779547333717346,0.15459807217121124,50,12,7,15,0.4666666666666667
AttUNet,otherscanners,ses-01,anat,sub-chuv224_ses-01_acq-haste_run-15_echo-1_T2w,0.7087918519973755,0.5489369034767151,60,10,17,23,0.7391304347826086
AttUNet,otherscanners,ses-01,anat,sub-chuv224_ses-01_acq-haste_run-15_echo-2_T2w,0.7211738228797913,0.5639342069625854,59,14,13,22,0.5909090909090909
AttUNet,otherscanners,ses-01,anat,sub-chuv224_ses-01_acq-haste_run-15_echo-3_T2w,0.7296671867370605,0.5743905305862427,49,9,14,22,0.6363636363636364
AttUNet,otherscanners,ses-01,anat,sub-chuv224_ses-01_acq-haste_run-15_echo-4_T2w,0.7391743659973145,0.5862621068954468,67,8,16,21,0.7619047619047619
AttUNet,otherscanners,ses-01,anat,sub-chuv224_ses-01_acq-haste_run-15_echo-5_T2w,0.42576298117637634,0.2704567015171051,77,13,17,20,0.85
AttUNet,otherscanners,ses-01,anat,sub-chuv224_ses-01_acq-haste_run-15_echo-6_T2w,0.010578668676316738,0.0053174602799117565,15,7,2,7,0.2857142857142857
AttUNet,otherscanners,ses-01,anat,sub-chuv224_ses-01_acq-haste_run-16_echo-1_T2w,0.9514894485473633,0.9074677228927612,24,3,2,21,0.09523809523809523
AttUNet,otherscanners,ses-01,anat,sub-chuv224_ses-01_acq-haste_run-16_echo-2_T2w,0.9512660503387451,0.9070613980293274,24,5,1,20,0.05
AttUNet,otherscanners,ses-01,anat,sub-chuv224_ses-01_acq-haste_run-16_echo-3_T2w,0.9460875988006592,0.8976909518241882,23,2,2,21,0.09523809523809523
AttUNet,otherscanners,ses-01,anat,sub-chuv224_ses-01_acq-haste_run-16_echo-4_T2w,0.9088245034217834,0.8328857421875,47,5,11,22,0.5
AttUNet,otherscanners,ses-01,anat,sub-chuv224_ses-01_acq-haste_run-16_echo-5_T2w,0.7732958793640137,0.6303850412368774,68,10,14,19,0.7368421052631579
AttUNet,otherscanners,ses-01,anat,sub-chuv224_ses-01_acq-haste_run-16_echo-6_T2w,0.4407508969306946,0.28266867995262146,64,10,11,15,0.7333333333333333
AttUNet,otherscanners,ses-01,anat,sub-chuv224_ses-01_acq-haste_run-17_echo-1_T2w,0.9387998580932617,0.8846586346626282,35,4,9,20,0.45
AttUNet,otherscanners,ses-01,anat,sub-chuv224_ses-01_acq-haste_run-17_echo-2_T2w,0.917202889919281,0.8470680713653564,56,16,8,21,0.38095238095238093
AttUNet,otherscanners,ses-01,anat,sub-chuv224_ses-01_acq-haste_run-17_echo-3_T2w,0.9125768542289734,0.8392104506492615,50,9,9,21,0.42857142857142855
AttUNet,otherscanners,ses-01,anat,sub-chuv224_ses-01_acq-haste_run-17_echo-4_T2w,0.9134697318077087,0.8407217860221863,34,4,8,20,0.4
AttUNet,otherscanners,ses-01,anat,sub-chuv224_ses-01_acq-haste_run-17_echo-5_T2w,0.8847913146018982,0.7933863401412964,39,5,11,17,0.6470588235294118
AttUNet,otherscanners,ses-01,anat,sub-chuv224_ses-01_acq-haste_run-17_echo-6_T2w,0.768898606300354,0.6245615482330322,45,7,11,19,0.5789473684210527
AttUNet,otherscanners,ses-01,anat,sub-chuv224_ses-01_acq-haste_run-18_echo-1_T2w,0.9615603685379028,0.9259665012359619,28,3,3,24,0.125
AttUNet,otherscanners,ses-01,anat,sub-chuv224_ses-01_acq-haste_run-18_echo-2_T2w,0.9510008096694946,0.9065791368484497,24,2,1,23,0.043478260869565216
AttUNet,otherscanners,ses-01,anat,sub-chuv224_ses-01_acq-haste_run-18_echo-3_T2w,0.9498595595359802,0.9045072197914124,25,3,2,22,0.09090909090909091
AttUNet,otherscanners,ses-01,anat,sub-chuv224_ses-01_acq-haste_run-18_echo-4_T2w,0.9464870095252991,0.898410439491272,26,3,4,21,0.19047619047619047
AttUNet,otherscanners,ses-01,anat,sub-chuv224_ses-01_acq-haste_run-18_echo-5_T2w,0.8948327898979187,0.8096808791160583,56,8,13,22,0.5909090909090909
AttUNet,otherscanners,ses-01,anat,sub-chuv224_ses-01_acq-haste_run-18_echo-6_T2w,0.5251832604408264,0.3561007082462311,91,14,16,21,0.7619047619047619
AttUNet,otherscanners,ses-01,anat,sub-chuv224_ses-01_acq-haste_run-19_echo-1_T2w,0.9791939854621887,0.9592360854148865,34,9,4,22,0.18181818181818182
AttUNet,otherscanners,ses-01,anat,sub-chuv224_ses-01_acq-haste_run-19_echo-2_T2w,0.9781294465065002,0.957194983959198,31,7,4,22,0.18181818181818182
AttUNet,otherscanners,ses-01,anat,sub-chuv224_ses-01_acq-haste_run-19_echo-3_T2w,0.9762433767318726,0.9535892605781555,28,4,4,22,0.18181818181818182
AttUNet,otherscanners,ses-01,anat,sub-chuv224_ses-01_acq-haste_run-19_echo-4_T2w,0.9543603658676147,0.9127048254013062,42,11,8,22,0.36363636363636365
AttUNet,otherscanners,ses-01,anat,sub-chuv224_ses-01_acq-haste_run-19_echo-5_T2w,0.8598334193229675,0.7541296482086182,62,11,13,22,0.5909090909090909
AttUNet,otherscanners,ses-01,anat,sub-chuv224_ses-01_acq-haste_run-19_echo-6_T2w,0.5335810780525208,0.36386674642562866,101,15,17,21,0.8095238095238095
AttUNet,otherscanners,ses-01,anat,sub-chuv224_ses-01_acq-haste_run-1_echo-1_T2w,0.5248640775680542,0.35580727458000183,20,3,2,17,0.11764705882352941
AttUNet,otherscanners,ses-01,anat,sub-chuv224_ses-01_acq-haste_run-1_echo-2_T2w,0.5345801115036011,0.36479651927948,30,6,5,17,0.29411764705882354
AttUNet,otherscanners,ses-01,anat,sub-chuv224_ses-01_acq-haste_run-1_echo-3_T2w,0.5446888208389282,0.3742765486240387,29,6,5,17,0.29411764705882354
AttUNet,otherscanners,ses-01,anat,sub-chuv224_ses-01_acq-haste_run-1_echo-4_T2w,0.5412835478782654,0.3710683584213257,24,6,3,17,0.17647058823529413
AttUNet,otherscanners,ses-01,anat,sub-chuv224_ses-01_acq-haste_run-1_echo-5_T2w,0.5635755062103271,0.3923460841178894,24,7,2,17,0.11764705882352941
AttUNet,otherscanners,ses-01,anat,sub-chuv224_ses-01_acq-haste_run-1_echo-6_T2w,0.5656450986862183,0.39435502886772156,23,5,4,14,0.2857142857142857
AttUNet,otherscanners,ses-01,anat,sub-chuv224_ses-01_acq-haste_run-20_echo-1_T2w,0.9395183324813843,0.8859354853630066,27,3,3,23,0.13043478260869565
AttUNet,otherscanners,ses-01,anat,sub-chuv224_ses-01_acq-haste_run-20_echo-2_T2w,0.9391177296638489,0.8852233290672302,27,3,3,23,0.13043478260869565
AttUNet,otherscanners,ses-01,anat,sub-chuv224_ses-01_acq-haste_run-20_echo-3_T2w,0.9365921020507812,0.8807458281517029,24,2,2,22,0.09090909090909091
AttUNet,otherscanners,ses-01,anat,sub-chuv224_ses-01_acq-haste_run-20_echo-4_T2w,0.8577331900596619,0.7509044408798218,54,7,16,22,0.7272727272727273
AttUNet,otherscanners,ses-01,anat,sub-chuv224_ses-01_acq-haste_run-20_echo-5_T2w,0.7463516592979431,0.5953437089920044,77,9,15,20,0.75
AttUNet,otherscanners,ses-01,anat,sub-chuv224_ses-01_acq-haste_run-20_echo-6_T2w,0.322793573141098,0.1924590766429901,77,11,15,18,0.8333333333333334
AttUNet,otherscanners,ses-01,anat,sub-chuv224_ses-01_acq-haste_run-21_echo-1_T2w,0.958562970161438,0.9204233884811401,26,3,5,19,0.2631578947368421
AttUNet,otherscanners,ses-01,anat,sub-chuv224_ses-01_acq-haste_run-21_echo-2_T2w,0.9472611546516418,0.8998063802719116,30,4,6,19,0.3157894736842105
AttUNet,otherscanners,ses-01,anat,sub-chuv224_ses-01_acq-haste_run-21_echo-3_T2w,0.9367523789405823,0.8810293674468994,38,10,7,18,0.3888888888888889
AttUNet,otherscanners,ses-01,anat,sub-chuv224_ses-01_acq-haste_run-21_echo-4_T2w,0.8920952081680298,0.805209219455719,64,11,14,18,0.7777777777777778
AttUNet,otherscanners,ses-01,anat,sub-chuv224_ses-01_acq-haste_run-21_echo-5_T2w,0.7203274965286255,0.5628998279571533,93,18,11,15,0.7333333333333333
AttUNet,otherscanners,ses-01,anat,sub-chuv224_ses-01_acq-haste_run-21_echo-6_T2w,0.3611527681350708,0.22036999464035034,37,11,7,11,0.6363636363636364
AttUNet,otherscanners,ses-01,anat,sub-chuv224_ses-01_acq-haste_run-22_echo-1_T2w,0.9748734831809998,0.9509787559509277,29,5,2,22,0.09090909090909091
AttUNet,otherscanners,ses-01,anat,sub-chuv224_ses-01_acq-haste_run-22_echo-2_T2w,0.9804089069366455,0.961570680141449,25,3,2,22,0.09090909090909091
AttUNet,otherscanners,ses-01,anat,sub-chuv224_ses-01_acq-haste_run-22_echo-3_T2w,0.9838643074035645,0.9682410955429077,27,3,3,22,0.13636363636363635
AttUNet,otherscanners,ses-01,anat,sub-chuv224_ses-01_acq-haste_run-22_echo-4_T2w,0.9486311078071594,0.9022818803787231,65,8,11,22,0.5
AttUNet,otherscanners,ses-01,anat,sub-chuv224_ses-01_acq-haste_run-22_echo-5_T2w,0.7261428236961365,0.5700346827507019,103,15,14,21,0.6666666666666666
AttUNet,otherscanners,ses-01,anat,sub-chuv224_ses-01_acq-haste_run-22_echo-6_T2w,0.2675917148590088,0.15446226298809052,70,19,10,15,0.6666666666666666
AttUNet,otherscanners,ses-01,anat,sub-chuv224_ses-01_acq-haste_run-23_echo-1_T2w,0.9794452786445618,0.9597185254096985,20,1,0,20,0.0
AttUNet,otherscanners,ses-01,anat,sub-chuv224_ses-01_acq-haste_run-23_echo-2_T2w,0.975468635559082,0.9521119594573975,20,2,1,19,0.05263157894736842
AttUNet,otherscanners,ses-01,anat,sub-chuv224_ses-01_acq-haste_run-23_echo-3_T2w,0.968252420425415,0.9384586811065674,47,12,6,19,0.3157894736842105
AttUNet,otherscanners,ses-01,anat,sub-chuv224_ses-01_acq-haste_run-23_echo-4_T2w,0.8448139429092407,0.7313228845596313,71,11,13,20,0.65
AttUNet,otherscanners,ses-01,anat,sub-chuv224_ses-01_acq-haste_run-23_echo-5_T2w,0.39323991537094116,0.24474088847637177,100,10,18,20,0.9
AttUNet,otherscanners,ses-01,anat,sub-chuv224_ses-01_acq-haste_run-23_echo-6_T2w,0.21782052516937256,0.12222142517566681,36,4,11,17,0.6470588235294118
AttUNet,otherscanners,ses-01,anat,sub-chuv224_ses-01_acq-haste_run-24_echo-1_T2w,0.7359607815742493,0.5822293758392334,30,2,10,20,0.5
AttUNet,otherscanners,ses-01,anat,sub-chuv224_ses-01_acq-haste_run-24_echo-2_T2w,0.7361428141593933,0.5824573040008545,32,3,10,20,0.5
AttUNet,otherscanners,ses-01,anat,sub-chuv224_ses-01_acq-haste_run-24_echo-3_T2w,0.7374134063720703,0.5840497612953186,32,3,10,20,0.5
AttUNet,otherscanners,ses-01,anat,sub-chuv224_ses-01_acq-haste_run-24_echo-4_T2w,0.75246661901474,0.603163480758667,52,9,14,20,0.7
AttUNet,otherscanners,ses-01,anat,sub-chuv224_ses-01_acq-haste_run-24_echo-5_T2w,0.7804205417633057,0.6399095058441162,97,8,20,22,0.9090909090909091
AttUNet,otherscanners,ses-01,anat,sub-chuv224_ses-01_acq-haste_run-24_echo-6_T2w,0.6989725828170776,0.5372466444969177,112,15,17,21,0.8095238095238095
AttUNet,otherscanners,ses-01,anat,sub-chuv224_ses-01_acq-haste_run-25_echo-1_T2w,0.6699456572532654,0.5036979913711548,38,4,12,22,0.5454545454545454
AttUNet,otherscanners,ses-01,anat,sub-chuv224_ses-01_acq-haste_run-25_echo-2_T2w,0.670725405216217,0.504580020904541,43,7,12,22,0.5454545454545454
AttUNet,otherscanners,ses-01,anat,sub-chuv224_ses-01_acq-haste_run-25_echo-3_T2w,0.6739783883094788,0.5082710385322571,41,4,14,22,0.6363636363636364
AttUNet,otherscanners,ses-01,anat,sub-chuv224_ses-01_acq-haste_run-25_echo-4_T2w,0.6817984580993652,0.5172187089920044,65,10,16,22,0.7272727272727273
AttUNet,otherscanners,ses-01,anat,sub-chuv224_ses-01_acq-haste_run-25_echo-5_T2w,0.6678482890129089,0.501330554485321,144,19,21,23,0.9130434782608695
AttUNet,otherscanners,ses-01,anat,sub-chuv224_ses-01_acq-haste_run-25_echo-6_T2w,0.6676194071769714,0.5010726451873779,142,14,22,22,1.0
AttUNet,otherscanners,ses-01,anat,sub-chuv224_ses-01_acq-haste_run-26_echo-1_T2w,0.9746435284614563,0.9505411386489868,27,3,4,21,0.19047619047619047
AttUNet,otherscanners,ses-01,anat,sub-chuv224_ses-01_acq-haste_run-26_echo-2_T2w,0.9713246822357178,0.9442481398582458,25,2,4,21,0.19047619047619047
AttUNet,otherscanners,ses-01,anat,sub-chuv224_ses-01_acq-haste_run-26_echo-3_T2w,0.9688631892204285,0.9396068453788757,25,2,4,21,0.19047619047619047
AttUNet,otherscanners,ses-01,anat,sub-chuv224_ses-01_acq-haste_run-26_echo-4_T2w,0.961770236492157,0.9263558387756348,32,7,5,20,0.25
AttUNet,otherscanners,ses-01,anat,sub-chuv224_ses-01_acq-haste_run-26_echo-5_T2w,0.8934657573699951,0.807445228099823,50,5,13,20,0.65
AttUNet,otherscanners,ses-01,anat,sub-chuv224_ses-01_acq-haste_run-26_echo-6_T2w,0.7023873329162598,0.5412919521331787,78,10,16,19,0.8421052631578947
AttUNet,otherscanners,ses-01,anat,sub-chuv224_ses-01_acq-haste_run-2_echo-1_T2w,0.8854008316993713,0.7943670749664307,41,5,12,21,0.5714285714285714
AttUNet,otherscanners,ses-01,anat,sub-chuv224_ses-01_acq-haste_run-2_echo-2_T2w,0.872092604637146,0.773195207118988,52,8,10,22,0.45454545454545453
AttUNet,otherscanners,ses-01,anat,sub-chuv224_ses-01_acq-haste_run-2_echo-3_T2w,0.8605495691299438,0.7552320957183838,46,9,11,22,0.5
AttUNet,otherscanners,ses-01,anat,sub-chuv224_ses-01_acq-haste_run-2_echo-4_T2w,0.868177592754364,0.767061710357666,42,9,7,22,0.3181818181818182
AttUNet,otherscanners,ses-01,anat,sub-chuv224_ses-01_acq-haste_run-2_echo-5_T2w,0.900719165802002,0.8193713426589966,35,6,6,22,0.2727272727272727
AttUNet,otherscanners,ses-01,anat,sub-chuv224_ses-01_acq-haste_run-2_echo-6_T2w,0.9017001390457153,0.8209962844848633,23,2,4,19,0.21052631578947367
AttUNet,otherscanners,ses-01,anat,sub-chuv224_ses-01_acq-haste_run-3_echo-1_T2w,0.9695968627929688,0.9409878253936768,19,1,0,19,0.0
AttUNet,otherscanners,ses-01,anat,sub-chuv224_ses-01_acq-haste_run-3_echo-2_T2w,0.9556955695152283,0.9151503443717957,20,1,0,20,0.0
AttUNet,otherscanners,ses-01,anat,sub-chuv224_ses-01_acq-haste_run-3_echo-3_T2w,0.9503928422927856,0.905474841594696,27,6,2,21,0.09523809523809523
AttUNet,otherscanners,ses-01,anat,sub-chuv224_ses-01_acq-haste_run-3_echo-4_T2w,0.9055483937263489,0.8273992538452148,30,5,4,22,0.18181818181818182
AttUNet,otherscanners,ses-01,anat,sub-chuv224_ses-01_acq-haste_run-3_echo-5_T2w,0.8781298398971558,0.7827374935150146,29,4,5,21,0.23809523809523808
AttUNet,otherscanners,ses-01,anat,sub-chuv224_ses-01_acq-haste_run-3_echo-6_T2w,0.8484152555465698,0.7367371916770935,39,7,8,21,0.38095238095238093
AttUNet,otherscanners,ses-01,anat,sub-chuv224_ses-01_acq-haste_run-4_echo-1_T2w,0.9248927235603333,0.8602794408798218,27,4,4,19,0.21052631578947367
AttUNet,otherscanners,ses-01,anat,sub-chuv224_ses-01_acq-haste_run-4_echo-2_T2w,0.8963409066200256,0.8121538162231445,32,4,7,19,0.3684210526315789
AttUNet,otherscanners,ses-01,anat,sub-chuv224_ses-01_acq-haste_run-4_echo-3_T2w,0.8708165884017944,0.7711914777755737,37,6,9,18,0.5
AttUNet,otherscanners,ses-01,anat,sub-chuv224_ses-01_acq-haste_run-4_echo-4_T2w,0.8069132566452026,0.6763240694999695,32,7,8,17,0.47058823529411764
AttUNet,otherscanners,ses-01,anat,sub-chuv224_ses-01_acq-haste_run-4_echo-5_T2w,0.7058331966400146,0.5453958511352539,35,4,11,17,0.6470588235294118
AttUNet,otherscanners,ses-01,anat,sub-chuv224_ses-01_acq-haste_run-4_echo-6_T2w,0.5981964468955994,0.42673346400260925,30,4,9,17,0.5294117647058824
AttUNet,otherscanners,ses-01,anat,sub-chuv224_ses-01_acq-haste_run-5_echo-1_T2w,0.6429216265678406,0.47375422716140747,18,2,2,16,0.125
AttUNet,otherscanners,ses-01,anat,sub-chuv224_ses-01_acq-haste_run-5_echo-2_T2w,0.6800273060798645,0.5151828527450562,20,3,3,16,0.1875
AttUNet,otherscanners,ses-01,anat,sub-chuv224_ses-01_acq-haste_run-5_echo-3_T2w,0.6945680975914001,0.5320600271224976,22,4,3,15,0.2
AttUNet,otherscanners,ses-01,anat,sub-chuv224_ses-01_acq-haste_run-5_echo-4_T2w,0.6977670788764954,0.5358235239982605,22,3,3,17,0.17647058823529413
AttUNet,otherscanners,ses-01,anat,sub-chuv224_ses-01_acq-haste_run-5_echo-5_T2w,0.6927617788314819,0.52994304895401,19,4,2,15,0.13333333333333333
AttUNet,otherscanners,ses-01,anat,sub-chuv224_ses-01_acq-haste_run-5_echo-6_T2w,0.6991052627563477,0.5374034643173218,23,4,4,16,0.25
AttUNet,otherscanners,ses-01,anat,sub-chuv224_ses-01_acq-haste_run-6_echo-1_T2w,0.7806911468505859,0.6402734518051147,39,4,9,23,0.391304347826087
AttUNet,otherscanners,ses-01,anat,sub-chuv224_ses-01_acq-haste_run-6_echo-2_T2w,0.7792406678199768,0.6383245587348938,38,4,10,23,0.43478260869565216
AttUNet,otherscanners,ses-01,anat,sub-chuv224_ses-01_acq-haste_run-6_echo-3_T2w,0.7772336602210999,0.6356354355812073,36,4,10,23,0.43478260869565216
AttUNet,otherscanners,ses-01,anat,sub-chuv224_ses-01_acq-haste_run-6_echo-4_T2w,0.7725639939308167,0.6294128894805908,38,5,11,23,0.4782608695652174
AttUNet,otherscanners,ses-01,anat,sub-chuv224_ses-01_acq-haste_run-6_echo-5_T2w,0.7837444543838501,0.6443912982940674,35,5,8,23,0.34782608695652173
AttUNet,otherscanners,ses-01,anat,sub-chuv224_ses-01_acq-haste_run-6_echo-6_T2w,0.8042709827423096,0.6726197600364685,32,4,7,22,0.3181818181818182
AttUNet,otherscanners,ses-01,anat,sub-chuv224_ses-01_acq-haste_run-7_echo-1_T2w,0.9227097034454346,0.856509804725647,24,2,4,20,0.2
AttUNet,otherscanners,ses-01,anat,sub-chuv224_ses-01_acq-haste_run-7_echo-2_T2w,0.8978506326675415,0.8146361112594604,33,7,6,20,0.3
AttUNet,otherscanners,ses-01,anat,sub-chuv224_ses-01_acq-haste_run-7_echo-3_T2w,0.8803843259811401,0.7863273024559021,32,6,6,20,0.3
AttUNet,otherscanners,ses-01,anat,sub-chuv224_ses-01_acq-haste_run-7_echo-4_T2w,0.837282657623291,0.7201085090637207,26,3,4,19,0.21052631578947367
AttUNet,otherscanners,ses-01,anat,sub-chuv224_ses-01_acq-haste_run-7_echo-5_T2w,0.7677435278892517,0.6230387687683105,28,4,7,19,0.3684210526315789
AttUNet,otherscanners,ses-01,anat,sub-chuv224_ses-01_acq-haste_run-7_echo-6_T2w,0.6813527941703796,0.5167058706283569,39,6,9,18,0.5
AttUNet,otherscanners,ses-01,anat,sub-chuv224_ses-01_acq-haste_run-8_echo-5_T2w,0.8133747577667236,0.6854521036148071,17,7,2,8,0.25
AttUNet,otherscanners,ses-01,anat,sub-chuv224_ses-01_acq-haste_run-8_echo-6_T2w,0.6539565920829773,0.4858361780643463,25,9,3,8,0.375
AttUNet,otherscanners,ses-01,anat,sub-chuv224_ses-01_acq-haste_run-9_echo-1_T2w,0.8317566514015198,0.7119721174240112,36,2,11,25,0.44
AttUNet,otherscanners,ses-01,anat,sub-chuv224_ses-01_acq-haste_run-9_echo-2_T2w,0.8287525177001953,0.7075809836387634,39,6,9,25,0.36
AttUNet,otherscanners,ses-01,anat,sub-chuv224_ses-01_acq-haste_run-9_echo-3_T2w,0.8277846574783325,0.7061711549758911,40,4,9,25,0.36
AttUNet,otherscanners,ses-01,anat,sub-chuv224_ses-01_acq-haste_run-9_echo-4_T2w,0.8335254192352295,0.714568018913269,33,3,8,24,0.3333333333333333
AttUNet,otherscanners,ses-01,anat,sub-chuv224_ses-01_acq-haste_run-9_echo-5_T2w,0.8439946174621582,0.7300957441329956,39,6,6,24,0.25
AttUNet,otherscanners,ses-01,anat,sub-chuv224_ses-01_acq-haste_run-9_echo-6_T2w,0.8515315651893616,0.7414496541023254,37,7,4,24,0.16666666666666666
AttUNet,otherscanners,ses-01,anat,sub-chuv256_ses-01_acq-haste_run-1_echo-1_T2w,0.9966007471084595,0.9932245016098022,25,1,0,25,0.0
AttUNet,otherscanners,ses-01,anat,sub-chuv256_ses-01_acq-haste_run-1_echo-2_T2w,0.9937739968299866,0.9876250624656677,34,9,2,25,0.08
AttUNet,otherscanners,ses-01,anat,sub-chuv256_ses-01_acq-haste_run-1_echo-3_T2w,0.9902330636978149,0.9806550741195679,30,3,3,25,0.12
AttUNet,otherscanners,ses-01,anat,sub-chuv256_ses-01_acq-haste_run-1_echo-4_T2w,0.9820116758346558,0.9646590948104858,31,3,5,25,0.2
AttUNet,otherscanners,ses-01,anat,sub-chuv256_ses-01_acq-haste_run-1_echo-5_T2w,0.9612247347831726,0.9253442287445068,45,6,8,25,0.32
AttUNet,otherscanners,ses-01,anat,sub-chuv256_ses-01_acq-haste_run-1_echo-6_T2w,0.8497265577316284,0.7387169599533081,97,18,12,24,0.5
AttUNet,otherscanners,ses-01,anat,sub-chuv256_ses-01_acq-haste_run-3_echo-1_T2w,0.9959940910339355,0.9920201301574707,24,1,0,24,0.0
AttUNet,otherscanners,ses-01,anat,sub-chuv256_ses-01_acq-haste_run-3_echo-2_T2w,0.9927772283554077,0.9856579899787903,26,3,1,24,0.041666666666666664
AttUNet,otherscanners,ses-01,anat,sub-chuv256_ses-01_acq-haste_run-3_echo-3_T2w,0.989036500453949,0.9783108234405518,27,3,2,24,0.08333333333333333
AttUNet,otherscanners,ses-01,anat,sub-chuv256_ses-01_acq-haste_run-3_echo-4_T2w,0.9713635444641113,0.9443215131759644,29,3,4,24,0.16666666666666666
AttUNet,otherscanners,ses-01,anat,sub-chuv256_ses-01_acq-haste_run-3_echo-5_T2w,0.9316632151603699,0.8720688223838806,51,11,10,23,0.43478260869565216
AttUNet,otherscanners,ses-01,anat,sub-chuv256_ses-01_acq-haste_run-3_echo-6_T2w,0.7517260313034058,0.6022123694419861,93,14,15,22,0.6818181818181818
AttUNet,otherscanners,ses-01,anat,sub-chuv256_ses-01_acq-haste_run-4_echo-1_T2w,0.9970318675041199,0.9940812587738037,30,1,0,30,0.0
AttUNet,otherscanners,ses-01,anat,sub-chuv256_ses-01_acq-haste_run-4_echo-2_T2w,0.9944592714309692,0.9889796376228333,30,1,0,30,0.0
AttUNet,otherscanners,ses-01,anat,sub-chuv256_ses-01_acq-haste_run-4_echo-3_T2w,0.9919751286506653,0.9840779900550842,30,1,0,30,0.0
AttUNet,otherscanners,ses-01,anat,sub-chuv256_ses-01_acq-haste_run-4_echo-4_T2w,0.9786381721496582,0.9581698775291443,37,8,2,29,0.06896551724137931
AttUNet,otherscanners,ses-01,anat,sub-chuv256_ses-01_acq-haste_run-4_echo-5_T2w,0.9519863128662109,0.9083719849586487,30,4,2,26,0.07692307692307693
AttUNet,otherscanners,ses-01,anat,sub-chuv256_ses-01_acq-haste_run-4_echo-6_T2w,0.9210264086723328,0.8536134362220764,30,3,3,26,0.11538461538461539
AttUNet,otherscanners,ses-01,anat,sub-chuv256_ses-01_acq-haste_run-5_echo-5_T2w,0.8457061648368835,0.7326610684394836,3,2,1,2,0.5
AttUNet,otherscanners,ses-01,anat,sub-chuv256_ses-01_acq-haste_run-5_echo-6_T2w,0.8291162252426147,0.7081114053726196,3,2,1,2,0.5
AttUNet,otherscanners,ses-01,anat,sub-chuv256_ses-01_acq-haste_run-6_echo-1_T2w,0.997487485408783,0.9949876070022583,28,4,2,24,0.08333333333333333
AttUNet,otherscanners,ses-01,anat,sub-chuv256_ses-01_acq-haste_run-6_echo-2_T2w,0.9959233999252319,0.9918798804283142,28,4,2,24,0.08333333333333333
AttUNet,otherscanners,ses-01,anat,sub-chuv256_ses-01_acq-haste_run-6_echo-3_T2w,0.9948455691337585,0.9897440075874329,29,4,3,24,0.125
AttUNet,otherscanners,ses-01,anat,sub-chuv256_ses-01_acq-haste_run-6_echo-4_T2w,0.9931958317756653,0.9864835739135742,28,3,3,24,0.125
AttUNet,otherscanners,ses-01,anat,sub-chuv256_ses-01_acq-haste_run-6_echo-5_T2w,0.9915134906768799,0.9831697940826416,27,3,3,23,0.13043478260869565
AttUNet,otherscanners,ses-01,anat,sub-chuv256_ses-01_acq-haste_run-6_echo-6_T2w,0.9904900193214417,0.9811592102050781,26,3,3,22,0.13636363636363635
AttUNet,otherscanners,ses-01,anat,sub-chuv256_ses-01_acq-haste_run-7_echo-1_T2w,0.9959179759025574,0.9918691515922546,31,2,1,30,0.03333333333333333
AttUNet,otherscanners,ses-01,anat,sub-chuv256_ses-01_acq-haste_run-7_echo-2_T2w,0.9937326908111572,0.9875434637069702,30,2,1,29,0.034482758620689655
AttUNet,otherscanners,ses-01,anat,sub-chuv256_ses-01_acq-haste_run-7_echo-3_T2w,0.9921516180038452,0.9844254851341248,30,2,1,29,0.034482758620689655
AttUNet,otherscanners,ses-01,anat,sub-chuv256_ses-01_acq-haste_run-7_echo-4_T2w,0.9840120673179626,0.9685273170471191,36,4,4,29,0.13793103448275862
AttUNet,otherscanners,ses-01,anat,sub-chuv256_ses-01_acq-haste_run-7_echo-5_T2w,0.9607145190238953,0.9243990778923035,34,5,3,28,0.10714285714285714
AttUNet,otherscanners,ses-01,anat,sub-chuv256_ses-01_acq-haste_run-7_echo-6_T2w,0.9108729958534241,0.8363330960273743,38,9,4,27,0.14814814814814814
AttUNet,otherscanners,ses-01,anat,sub-chuv256_ses-01_acq-haste_run-8_echo-1_T2w,0.996504008769989,0.9930323362350464,28,3,4,23,0.17391304347826086
AttUNet,otherscanners,ses-01,anat,sub-chuv256_ses-01_acq-haste_run-8_echo-2_T2w,0.9945871233940125,0.9892325401306152,28,4,3,23,0.13043478260869565
AttUNet,otherscanners,ses-01,anat,sub-chuv256_ses-01_acq-haste_run-8_echo-3_T2w,0.9934365749359131,0.9869587421417236,31,4,4,23,0.17391304347826086
AttUNet,otherscanners,ses-01,anat,sub-chuv256_ses-01_acq-haste_run-8_echo-4_T2w,0.9905984401702881,0.981372058391571,30,4,3,23,0.13043478260869565
AttUNet,otherscanners,ses-01,anat,sub-chuv256_ses-01_acq-haste_run-8_echo-5_T2w,0.9888169765472412,0.9778813123703003,26,4,2,22,0.09090909090909091
AttUNet,otherscanners,ses-01,anat,sub-chuv256_ses-01_acq-haste_run-8_echo-6_T2w,0.9876757860183716,0.9756516814231873,25,4,2,21,0.09523809523809523
AttUNet,otherscanners,ses-01,anat,sub-chuv256_ses-01_acq-haste_run-9_echo-5_T2w,0.7959391474723816,0.6610456705093384,17,7,2,8,0.25
AttUNet,otherscanners,ses-01,anat,sub-chuv256_ses-01_acq-haste_run-9_echo-6_T2w,0.7185512185096741,0.560733437538147,7,3,1,5,0.2
AttUNet,otherscanners,ses-01,anat,sub-chuv258_ses-01_acq-haste_run-1_echo-1_T2w,0.9914188385009766,0.9829837679862976,29,3,4,24,0.16666666666666666
AttUNet,otherscanners,ses-01,anat,sub-chuv258_ses-01_acq-haste_run-1_echo-2_T2w,0.9737483859062195,0.9488398432731628,36,4,7,25,0.28
AttUNet,otherscanners,ses-01,anat,sub-chuv258_ses-01_acq-haste_run-1_echo-3_T2w,0.9417016506195068,0.889826238155365,28,4,2,24,0.08333333333333333
AttUNet,otherscanners,ses-01,anat,sub-chuv258_ses-01_acq-haste_run-1_echo-4_T2w,0.7312678694725037,0.5763769149780273,30,4,4,24,0.16666666666666666
AttUNet,otherscanners,ses-01,anat,sub-chuv258_ses-01_acq-haste_run-1_echo-5_T2w,0.7855218052864075,0.646797776222229,33,3,8,23,0.34782608695652173
AttUNet,otherscanners,ses-01,anat,sub-chuv258_ses-01_acq-haste_run-1_echo-6_T2w,0.32996299862861633,0.19757825136184692,72,12,12,13,0.9230769230769231
AttUNet,otherscanners,ses-01,anat,sub-chuv258_ses-01_acq-haste_run-2_echo-1_T2w,0.9357511401176453,0.8792596459388733,44,8,9,25,0.36
AttUNet,otherscanners,ses-01,anat,sub-chuv258_ses-01_acq-haste_run-2_echo-2_T2w,0.8893104791641235,0.8006832003593445,49,7,13,25,0.52
AttUNet,otherscanners,ses-01,anat,sub-chuv258_ses-01_acq-haste_run-2_echo-3_T2w,0.8775908946990967,0.7818814516067505,62,10,14,25,0.56
AttUNet,otherscanners,ses-01,anat,sub-chuv258_ses-01_acq-haste_run-2_echo-4_T2w,0.5445239543914795,0.374120831489563,48,6,14,23,0.6086956521739131
AttUNet,otherscanners,ses-01,anat,sub-chuv258_ses-01_acq-haste_run-2_echo-5_T2w,0.5746227502822876,0.40313732624053955,53,7,11,25,0.44
AttUNet,otherscanners,ses-01,anat,sub-chuv258_ses-01_acq-haste_run-2_echo-6_T2w,0.392162561416626,0.24390685558319092,40,8,9,17,0.5294117647058824
AttUNet,otherscanners,ses-01,anat,sub-chuv258_ses-01_acq-haste_run-3_echo-1_T2w,0.9308459758758545,0.8706378936767578,52,5,15,24,0.625
AttUNet,otherscanners,ses-01,anat,sub-chuv258_ses-01_acq-haste_run-3_echo-2_T2w,0.8705297112464905,0.7707415819168091,53,6,16,25,0.64
AttUNet,otherscanners,ses-01,anat,sub-chuv258_ses-01_acq-haste_run-3_echo-3_T2w,0.8409578204154968,0.7255626916885376,57,6,18,25,0.72
AttUNet,otherscanners,ses-01,anat,sub-chuv258_ses-01_acq-haste_run-3_echo-4_T2w,0.5408943295478821,0.3707026541233063,58,8,12,22,0.5454545454545454
AttUNet,otherscanners,ses-01,anat,sub-chuv258_ses-01_acq-haste_run-3_echo-5_T2w,0.5723465085029602,0.4009001851081848,52,8,13,23,0.5652173913043478
AttUNet,otherscanners,ses-01,anat,sub-chuv258_ses-01_acq-haste_run-3_echo-6_T2w,0.36803901195526123,0.22551949322223663,41,7,10,16,0.625
AttUNet,otherscanners,ses-01,anat,sub-chuv258_ses-01_acq-haste_run-4_echo-1_T2w,0.9899758696556091,0.9801506996154785,23,3,2,19,0.10526315789473684
AttUNet,otherscanners,ses-01,anat,sub-chuv258_ses-01_acq-haste_run-4_echo-2_T2w,0.9787755608558655,0.9584332704544067,22,3,2,19,0.10526315789473684
AttUNet,otherscanners,ses-01,anat,sub-chuv258_ses-01_acq-haste_run-4_echo-3_T2w,0.9627088904380798,0.9280990362167358,26,4,3,20,0.15
AttUNet,otherscanners,ses-01,anat,sub-chuv258_ses-01_acq-haste_run-4_echo-4_T2w,0.7358577251434326,0.5821003913879395,43,7,9,18,0.5
AttUNet,otherscanners,ses-01,anat,sub-chuv258_ses-01_acq-haste_run-4_echo-5_T2w,0.7024160027503967,0.5413260459899902,42,7,11,17,0.6470588235294118
AttUNet,otherscanners,ses-01,anat,sub-chuv258_ses-01_acq-haste_run-4_echo-6_T2w,0.5402204990386963,0.3700699210166931,68,14,11,13,0.8461538461538461
AttUNet,otherscanners,ses-01,anat,sub-chuv258_ses-01_acq-haste_run-5_echo-1_T2w,0.9918796420097351,0.9838901162147522,28,4,1,25,0.04
AttUNet,otherscanners,ses-01,anat,sub-chuv258_ses-01_acq-haste_run-5_echo-2_T2w,0.9762725234031677,0.9536449909210205,30,3,4,25,0.16
AttUNet,otherscanners,ses-01,anat,sub-chuv258_ses-01_acq-haste_run-5_echo-3_T2w,0.9509052634239197,0.906405508518219,32,3,6,25,0.24
AttUNet,otherscanners,ses-01,anat,sub-chuv258_ses-01_acq-haste_run-5_echo-4_T2w,0.7596796751022339,0.6124866604804993,31,4,3,25,0.12
AttUNet,otherscanners,ses-01,anat,sub-chuv258_ses-01_acq-haste_run-5_echo-5_T2w,0.7617563009262085,0.6151909232139587,35,3,8,24,0.3333333333333333
AttUNet,otherscanners,ses-01,anat,sub-chuv258_ses-01_acq-haste_run-5_echo-6_T2w,0.5847455859184265,0.4131734371185303,37,6,10,15,0.6666666666666666
AttUNet,otherscanners,ses-01,anat,sub-chuv258_ses-01_acq-haste_run-7_echo-1_T2w,0.989534318447113,0.9792854189872742,23,3,2,19,0.10526315789473684
AttUNet,otherscanners,ses-01,anat,sub-chuv258_ses-01_acq-haste_run-7_echo-2_T2w,0.9614038467407227,0.9256763458251953,27,4,3,20,0.15
AttUNet,otherscanners,ses-01,anat,sub-chuv258_ses-01_acq-haste_run-7_echo-3_T2w,0.9490187168121338,0.9029834866523743,21,2,1,20,0.05
AttUNet,otherscanners,ses-01,anat,sub-chuv258_ses-01_acq-haste_run-7_echo-4_T2w,0.7910048365592957,0.6542662978172302,44,9,7,19,0.3684210526315789
AttUNet,otherscanners,ses-01,anat,sub-chuv258_ses-01_acq-haste_run-7_echo-5_T2w,0.7677550315856934,0.6230538487434387,71,21,11,17,0.6470588235294118
AttUNet,otherscanners,ses-01,anat,sub-chuv258_ses-01_acq-haste_run-7_echo-6_T2w,0.47076645493507385,0.30784469842910767,79,17,10,15,0.6666666666666666
AttUNet,otherscanners,ses-01,anat,sub-chuv266_ses-01_acq-haste_run-1_echo-1_T2w,0.9950658082962036,0.9901801347732544,22,2,1,21,0.047619047619047616
AttUNet,otherscanners,ses-01,anat,sub-chuv266_ses-01_acq-haste_run-1_echo-2_T2w,0.9910082817077637,0.9821767807006836,20,1,0,20,0.0
AttUNet,otherscanners,ses-01,anat,sub-chuv266_ses-01_acq-haste_run-1_echo-3_T2w,0.987604558467865,0.975512683391571,21,2,1,20,0.05
AttUNet,otherscanners,ses-01,anat,sub-chuv266_ses-01_acq-haste_run-1_echo-4_T2w,0.9842967987060547,0.9690791368484497,19,1,0,19,0.0
AttUNet,otherscanners,ses-01,anat,sub-chuv266_ses-01_acq-haste_run-1_echo-5_T2w,0.9792466759681702,0.9593372941017151,21,3,1,19,0.05263157894736842
AttUNet,otherscanners,ses-01,anat,sub-chuv266_ses-01_acq-haste_run-1_echo-6_T2w,0.9101026654243469,0.8350352644920349,50,10,7,19,0.3684210526315789
AttUNet,otherscanners,ses-01,anat,sub-chuv266_ses-01_acq-haste_run-2_echo-1_T2w,0.9914283752441406,0.9830024838447571,18,1,0,18,0.0
AttUNet,otherscanners,ses-01,anat,sub-chuv266_ses-01_acq-haste_run-2_echo-2_T2w,0.9791218042373657,0.9590975642204285,22,4,2,18,0.1111111111111111
AttUNet,otherscanners,ses-01,anat,sub-chuv266_ses-01_acq-haste_run-2_echo-3_T2w,0.9689117670059204,0.9396982789039612,20,2,2,18,0.1111111111111111
AttUNet,otherscanners,ses-01,anat,sub-chuv266_ses-01_acq-haste_run-2_echo-4_T2w,0.9607749581336975,0.9245109558105469,23,3,3,18,0.16666666666666666
AttUNet,otherscanners,ses-01,anat,sub-chuv266_ses-01_acq-haste_run-2_echo-5_T2w,0.9283002614974976,0.8661943674087524,24,2,6,18,0.3333333333333333
AttUNet,otherscanners,ses-01,anat,sub-chuv266_ses-01_acq-haste_run-2_echo-6_T2w,0.7761412262916565,0.6341754794120789,30,7,6,16,0.375
AttUNet,otherscanners,ses-01,anat,sub-chuv266_ses-01_acq-haste_run-3_echo-1_T2w,0.9817144870758057,0.9640856981277466,23,2,3,20,0.15
AttUNet,otherscanners,ses-01,anat,sub-chuv266_ses-01_acq-haste_run-3_echo-2_T2w,0.9673095345497131,0.9366887807846069,24,2,5,19,0.2631578947368421
AttUNet,otherscanners,ses-01,anat,sub-chuv266_ses-01_acq-haste_run-3_echo-3_T2w,0.9591478705406189,0.9215024709701538,21,2,2,19,0.10526315789473684
AttUNet,otherscanners,ses-01,anat,sub-chuv266_ses-01_acq-haste_run-3_echo-4_T2w,0.9258393049240112,0.8619188666343689,23,2,4,19,0.21052631578947367
AttUNet,otherscanners,ses-01,anat,sub-chuv266_ses-01_acq-haste_run-3_echo-5_T2w,0.8932218551635742,0.8070468902587891,22,4,2,18,0.1111111111111111
AttUNet,otherscanners,ses-01,anat,sub-chuv266_ses-01_acq-haste_run-3_echo-6_T2w,0.7671936750411987,0.6223148703575134,45,6,10,18,0.5555555555555556
AttUNet,otherscanners,ses-01,anat,sub-chuv266_ses-01_acq-haste_run-4_echo-1_T2w,0.9876739978790283,0.9756481647491455,21,2,1,20,0.05
AttUNet,otherscanners,ses-01,anat,sub-chuv266_ses-01_acq-haste_run-4_echo-2_T2w,0.9802050590515137,0.9611785411834717,19,1,0,19,0.0
AttUNet,otherscanners,ses-01,anat,sub-chuv266_ses-01_acq-haste_run-4_echo-3_T2w,0.9692171812057495,0.9402729868888855,22,3,2,19,0.10526315789473684
AttUNet,otherscanners,ses-01,anat,sub-chuv266_ses-01_acq-haste_run-4_echo-4_T2w,0.9483438730239868,0.9017623662948608,22,3,2,19,0.10526315789473684
AttUNet,otherscanners,ses-01,anat,sub-chuv266_ses-01_acq-haste_run-4_echo-5_T2w,0.9135491847991943,0.8408564925193787,36,6,6,19,0.3157894736842105
AttUNet,otherscanners,ses-01,anat,sub-chuv266_ses-01_acq-haste_run-4_echo-6_T2w,0.8105687499046326,0.6814758777618408,39,11,9,17,0.5294117647058824
AttUNet,otherscanners,ses-01,anat,sub-chuv266_ses-01_acq-haste_run-5_echo-1_T2w,0.9966644644737244,0.99335116147995,24,2,1,23,0.043478260869565216
AttUNet,otherscanners,ses-01,anat,sub-chuv266_ses-01_acq-haste_run-5_echo-2_T2w,0.994147002696991,0.9883620738983154,24,2,1,23,0.043478260869565216
AttUNet,otherscanners,ses-01,anat,sub-chuv266_ses-01_acq-haste_run-5_echo-3_T2w,0.9924548268318176,0.9850226640701294,24,2,1,23,0.043478260869565216
AttUNet,otherscanners,ses-01,anat,sub-chuv266_ses-01_acq-haste_run-5_echo-4_T2w,0.9893247485160828,0.9788750410079956,24,2,1,23,0.043478260869565216
AttUNet,otherscanners,ses-01,anat,sub-chuv266_ses-01_acq-haste_run-5_echo-5_T2w,0.9859989881515503,0.9723846912384033,25,2,2,23,0.08695652173913043
AttUNet,otherscanners,ses-01,anat,sub-chuv266_ses-01_acq-haste_run-5_echo-6_T2w,0.9814267754554749,0.9635308980941772,29,4,3,24,0.125
AttUNet,otherscanners,ses-01,anat,sub-chuv266_ses-01_acq-haste_run-6_echo-1_T2w,0.9938106536865234,0.987697422504425,23,3,1,21,0.047619047619047616
AttUNet,otherscanners,ses-01,anat,sub-chuv266_ses-01_acq-haste_run-6_echo-2_T2w,0.9873904585838318,0.9750949740409851,25,4,2,21,0.09523809523809523
AttUNet,otherscanners,ses-01,anat,sub-chuv266_ses-01_acq-haste_run-6_echo-3_T2w,0.9827233552932739,0.9660335779190063,24,2,3,21,0.14285714285714285
AttUNet,otherscanners,ses-01,anat,sub-chuv266_ses-01_acq-haste_run-6_echo-4_T2w,0.9713791608810425,0.944351077079773,32,8,3,20,0.15
AttUNet,otherscanners,ses-01,anat,sub-chuv266_ses-01_acq-haste_run-6_echo-5_T2w,0.9430285096168518,0.8921986818313599,24,3,3,19,0.15789473684210525
AttUNet,otherscanners,ses-01,anat,sub-chuv266_ses-01_acq-haste_run-6_echo-6_T2w,0.8696600794792175,0.7693792581558228,33,6,5,17,0.29411764705882354
AttUNet,otherscanners,ses-01,anat,sub-chuv266_ses-01_acq-haste_run-7_echo-1_T2w,0.9967633485794067,0.9935476183891296,24,3,2,21,0.09523809523809523
AttUNet,otherscanners,ses-01,anat,sub-chuv266_ses-01_acq-haste_run-7_echo-2_T2w,0.9945138692855835,0.9890875816345215,24,3,2,21,0.09523809523809523
AttUNet,otherscanners,ses-01,anat,sub-chuv266_ses-01_acq-haste_run-7_echo-3_T2w,0.9929354190826416,0.9859699606895447,23,2,2,21,0.09523809523809523
AttUNet,otherscanners,ses-01,anat,sub-chuv266_ses-01_acq-haste_run-7_echo-4_T2w,0.9903830885887146,0.9809494018554688,23,2,2,21,0.09523809523809523
AttUNet,otherscanners,ses-01,anat,sub-chuv266_ses-01_acq-haste_run-7_echo-5_T2w,0.9874883890151978,0.9752860069274902,23,2,2,21,0.09523809523809523
AttUNet,otherscanners,ses-01,anat,sub-chuv266_ses-01_acq-haste_run-7_echo-6_T2w,0.9837875962257385,0.9680924415588379,24,2,3,21,0.14285714285714285
