Method,Modality,Type,Subject,Volume,Dice,IoU,n_comp_2d,max_comp_slice,n_slices_multi,n_slices_fg,frac_slices_multi
AttUNet_checkpoint-70,otherscanners,ses-01,anat,sub-chuv008_ses-01_acq-haste_run-1_T2w,0.956767737865448,0.9171186089515686,19,2,1,18,0.05555555555555555
AttUNet_checkpoint-70,otherscanners,ses-01,anat,sub-chuv008_ses-01_acq-haste_run-2_T2w,0.9480283856391907,0.9011920094490051,24,4,2,19,0.10526315789473684
AttUNet_checkpoint-70,otherscanners,ses-01,anat,sub-chuv008_ses-01_acq-haste_run-3_T2w,0.941800594329834,0.8900029063224792,25,2,1,24,0.041666666666666664
AttUNet_checkpoint-70,otherscanners,ses-01,anat,sub-chuv016_ses-01_acq-haste_run-10_T2w,0.9532128572463989,0.9106081128120422,22,1,0,22,0.0
AttUNet_checkpoint-70,otherscanners,ses-01,anat,sub-chuv016_ses-01_acq-haste_run-1_T2w,0.9601529240608215,0.9233596920967102,22,1,0,22,0.0
AttUNet_checkpoint-70,otherscanners,ses-01,anat,sub-chuv016_ses-01_acq-haste_run-2_T2w,0.9608238339424133,0.9246014356613159,23,1,0,23,0.0
AttUNet_checkpoint-70,otherscanners,ses-01,anat,sub-chuv016_ses-01_acq-haste_run-3_T2w,0.9361520409584045,0.8799679279327393,30,5,5,22,0.22727272727272727
AttUNet_checkpoint-70,otherscanners,ses-01,anat,sub-chuv016_ses-01_acq-haste_run-4_T2w,0.9692834615707397,0.9403976798057556,24,3,1,22,0.045454545454545456
AttUNet_checkpoint-70,otherscanners,ses-01,anat,sub-chuv016_ses-01_acq-haste_run-5_T2w,0.9632842540740967,0.9291690587997437,23,2,1,22,0.045454545454545456
AttUNet_checkpoint-70,otherscanners,ses-01,anat,sub-chuv016_ses-01_acq-haste_run-7_T2w,0.9688436388969421,0.9395700693130493,11,2,1,10,0.1
AttUNet_checkpoint-70,otherscanners,ses-01,anat,sub-chuv016_ses-01_acq-haste_run-8_T2w,0.9601054191589355,0.923271894454956,24,2,1,23,0.043478260869565216
AttUNet_checkpoint-70,otherscanners,ses-01,anat,sub-chuv016_ses-01_acq-haste_run-9_T2w,0.9449687600135803,0.8956784605979919,10,1,0,10,0.0
AttUNet_checkpoint-70,otherscanners,ses-01,anat,sub-chuv021_ses-01_acq-haste_run-1_T2w,0.9665718674659729,0.9353063106536865,24,2,1,23,0.043478260869565216
AttUNet_checkpoint-70,otherscanners,ses-01,anat,sub-chuv021_ses-01_acq-haste_run-2_T2w,0.0,0.0,1,1,0,1,0.0
AttUNet_checkpoint-70,otherscanners,ses-01,anat,sub-chuv021_ses-01_acq-haste_run-3_T2w,0.9665228128433228,0.9352144598960876,26,2,1,25,0.04
AttUNet_checkpoint-70,otherscanners,ses-01,anat,sub-chuv021_ses-01_acq-haste_run-4_T2w,0.9656705856323242,0.9336199760437012,28,3,3,24,0.125
AttUNet_checkpoint-70,otherscanners,ses-01,anat,sub-chuv021_ses-01_acq-haste_run-5_T2w,0.9483135342597961,0.9017074704170227,30,3,3,26,0.11538461538461539
AttUNet_checkpoint-70,otherscanners,ses-01,anat,sub-chuv021_ses-01_acq-haste_run-6_T2w,0.9645408987998962,0.931510329246521,22,1,0,22,0.0
AttUNet_checkpoint-70,otherscanners,ses-01,anat,sub-chuv021_ses-01_acq-haste_run-7_T2w,0.9628196358680725,0.92830491065979,24,1,0,24,0.0
AttUNet_checkpoint-70,otherscanners,ses-01,anat,sub-chuv024_ses-01_acq-haste_run-1_T2w,0.9742211103439331,0.9497379064559937,28,1,0,28,0.0
AttUNet_checkpoint-70,otherscanners,ses-01,anat,sub-chuv024_ses-01_acq-haste_run-2_T2w,0.9737612009048462,0.9488641619682312,22,1,0,22,0.0
AttUNet_checkpoint-70,otherscanners,ses-01,anat,sub-chuv024_ses-01_acq-haste_run-3_T2w,0.8327928185462952,0.7134918570518494,15,8,1,8,0.125
AttUNet_checkpoint-70,otherscanners,ses-01,anat,sub-chuv024_ses-01_acq-haste_run-4_T2w,0.876971960067749,0.7808994054794312,23,3,2,20,0.1
AttUNet_checkpoint-70,otherscanners,ses-01,anat,sub-chuv024_ses-01_acq-haste_run-5_T2w,0.9552926421165466,0.9144117832183838,27,3,5,19,0.2631578947368421
AttUNet_checkpoint-70,otherscanners,ses-01,anat,sub-chuv024_ses-01_acq-haste_run-6_T2w,0.8548628687858582,0.7465157508850098,15,2,2,13,0.15384615384615385
AttUNet_checkpoint-70,otherscanners,ses-01,anat,sub-chuv024_ses-01_acq-haste_run-7_T2w,0.7777981162071228,0.6363908648490906,24,3,4,19,0.21052631578947367
AttUNet_checkpoint-70,otherscanners,ses-01,anat,sub-chuv024_ses-01_acq-haste_run-8_T2w,0.816672146320343,0.690148651599884,13,2,1,12,0.08333333333333333
AttUNet_checkpoint-70,otherscanners,ses-01,anat,sub-chuv024_ses-01_acq-haste_run-9_T2w,0.8402683734893799,0.7245369553565979,23,5,1,19,0.05263157894736842
AttUNet_checkpoint-70,otherscanners,ses-01,anat,sub-chuv038_ses-01_acq-haste_run-2_T2w,0.9771721959114075,0.955363392829895,29,2,4,25,0.16
AttUNet_checkpoint-70,otherscanners,ses-01,anat,sub-chuv038_ses-01_acq-haste_run-3_T2w,0.9555951356887817,0.9149661064147949,28,3,2,25,0.08
AttUNet_checkpoint-70,otherscanners,ses-01,anat,sub-chuv038_ses-01_acq-haste_run-4_T2w,0.7311039566993713,0.5761732459068298,29,5,3,23,0.13043478260869565
AttUNet_checkpoint-70,otherscanners,ses-01,anat,sub-chuv038_ses-01_acq-haste_run-5_T2w,0.9624002575874329,0.9275255799293518,32,1,0,32,0.0
AttUNet_checkpoint-70,otherscanners,ses-01,anat,sub-chuv038_ses-01_acq-haste_run-6_T2w,0.9706934094429016,0.9430556893348694,24,2,1,23,0.043478260869565216
AttUNet_checkpoint-70,otherscanners,ses-01,anat,sub-chuv038_ses-01_acq-haste_run-7_T2w,0.9727892875671387,0.9470201730728149,32,2,3,29,0.10344827586206896
AttUNet_checkpoint-70,otherscanners,ses-01,anat,sub-chuv038_ses-01_acq-haste_run-8_T2w,0.9626606106758118,0.9280092716217041,29,2,2,27,0.07407407407407407
AttUNet_checkpoint-70,otherscanners,ses-01,anat,sub-chuv043_ses-01_acq-haste_run-1_T2w,0.9680895805358887,0.9381527304649353,26,2,2,24,0.08333333333333333
AttUNet_checkpoint-70,otherscanners,ses-01,anat,sub-chuv043_ses-01_acq-haste_run-2_T2w,0.9707266688346863,0.9431183934211731,31,1,0,31,0.0
AttUNet_checkpoint-70,otherscanners,ses-01,anat,sub-chuv043_ses-01_acq-haste_run-3_T2w,0.9769973754882812,0.9550292491912842,26,1,0,26,0.0
AttUNet_checkpoint-70,otherscanners,ses-01,anat,sub-chuv043_ses-01_acq-haste_run-4_T2w,0.9759230017662048,0.9529781937599182,25,2,2,23,0.08695652173913043
AttUNet_checkpoint-70,otherscanners,ses-01,anat,sub-chuv043_ses-01_acq-haste_run-6_T2w,0.9757612347602844,0.9526697397232056,25,1,0,25,0.0
AttUNet_checkpoint-70,otherscanners,ses-01,anat,sub-chuv043_ses-01_acq-haste_run-7_T2w,0.9757379293441772,0.9526252746582031,29,3,4,24,0.16666666666666666
AttUNet_checkpoint-70,otherscanners,ses-01,anat,sub-chuv043_ses-01_acq-haste_run-8_T2w,0.970706045627594,0.9430795311927795,32,2,2,30,0.06666666666666667
AttUNet_checkpoint-70,otherscanners,ses-01,anat,sub-chuv050_ses-01_acq-haste_run-1_T2w,0.9642545580863953,0.9309764504432678,23,1,0,23,0.0
AttUNet_checkpoint-70,otherscanners,ses-01,anat,sub-chuv050_ses-01_acq-haste_run-2_T2w,0.9767338633537292,0.9545257091522217,22,1,0,22,0.0
AttUNet_checkpoint-70,otherscanners,ses-01,anat,sub-chuv050_ses-01_acq-haste_run-3_T2w,0.9778942465782166,0.9567447304725647,24,2,2,22,0.09090909090909091
AttUNet_checkpoint-70,otherscanners,ses-01,anat,sub-chuv050_ses-01_acq-haste_run-4_T2w,0.9316410422325134,0.8720300197601318,6,4,1,3,0.3333333333333333
AttUNet_checkpoint-70,otherscanners,ses-01,anat,sub-chuv050_ses-01_acq-haste_run-5_T2w,0.9789229035377502,0.9587159752845764,23,2,1,22,0.045454545454545456
AttUNet_checkpoint-70,otherscanners,ses-01,anat,sub-chuv050_ses-01_acq-haste_run-6_T2w,0.9639073610305786,0.9303292632102966,22,1,0,22,0.0
AttUNet_checkpoint-70,otherscanners,ses-01,anat,sub-chuv050_ses-01_acq-haste_run-7_T2w,0.9764384031295776,0.9539616107940674,22,1,0,22,0.0
AttUNet_checkpoint-70,otherscanners,ses-01,anat,sub-chuv050_ses-01_acq-haste_run-8_T2w,0.9690677523612976,0.9399916529655457,24,1,0,24,0.0
AttUNet_checkpoint-70,otherscanners,ses-01,anat,sub-chuv068_ses-01_acq-haste_run-1_T2w,0.9391680359840393,0.8853126764297485,15,1,0,15,0.0
AttUNet_checkpoint-70,otherscanners,ses-01,anat,sub-chuv068_ses-01_acq-haste_run-2_T2w,0.9525721073150635,0.9094393253326416,19,3,2,16,0.125
AttUNet_checkpoint-70,otherscanners,ses-01,anat,sub-chuv068_ses-01_acq-haste_run-3_T2w,0.9592260718345642,0.9216469526290894,22,1,0,22,0.0
AttUNet_checkpoint-70,otherscanners,ses-01,anat,sub-chuv068_ses-01_acq-haste_run-4_T2w,0.915057361125946,0.843415379524231,17,2,2,15,0.13333333333333333
AttUNet_checkpoint-70,otherscanners,ses-01,anat,sub-chuv068_ses-01_acq-haste_run-5_T2w,0.9637993574142456,0.9301281571388245,20,1,0,20,0.0
AttUNet_checkpoint-70,otherscanners,ses-01,anat,sub-chuv068_ses-01_acq-haste_run-6_T2w,0.9590199589729309,0.9212663769721985,22,1,0,22,0.0
AttUNet_checkpoint-70,otherscanners,ses-01,anat,sub-chuv068_ses-01_acq-haste_run-7_T2w,0.8984676003456116,0.8156524300575256,17,1,0,17,0.0
AttUNet_checkpoint-70,otherscanners,ses-01,anat,sub-chuv104_ses-01_acq-haste_run-1_T2w,0.9716096520423889,0.9447868466377258,19,1,0,19,0.0
AttUNet_checkpoint-70,otherscanners,ses-01,anat,sub-chuv104_ses-01_acq-haste_run-2_T2w,0.9654687643051147,0.9332427382469177,19,1,0,19,0.0
AttUNet_checkpoint-70,otherscanners,ses-01,anat,sub-chuv104_ses-01_acq-haste_run-3_T2w,0.9631662368774414,0.9289495348930359,23,2,1,22,0.045454545454545456
AttUNet_checkpoint-70,otherscanners,ses-01,anat,sub-chuv104_ses-01_acq-haste_run-4_T2w,0.9576006531715393,0.9186504483222961,32,10,1,23,0.043478260869565216
AttUNet_checkpoint-70,otherscanners,ses-01,anat,sub-chuv104_ses-01_acq-haste_run-5_T2w,0.9555962085723877,0.9149681329727173,16,1,0,16,0.0
AttUNet_checkpoint-70,otherscanners,ses-01,anat,sub-chuv104_ses-01_acq-haste_run-6_T2w,0.8663195967674255,0.7641655802726746,18,2,1,17,0.058823529411764705
AttUNet_checkpoint-70,otherscanners,ses-01,anat,sub-chuv104_ses-01_acq-haste_run-7_T2w,0.9623376727104187,0.927409291267395,20,1,0,20,0.0
AttUNet_checkpoint-70,otherscanners,ses-01,anat,sub-chuv104_ses-01_acq-haste_run-8_T2w,0.9656345248222351,0.9335525631904602,17,1,0,17,0.0
AttUNet_checkpoint-70,otherscanners,ses-01,anat,sub-chuv104_ses-01_acq-haste_run-9_T2w,0.9648036360740662,0.9320005774497986,22,2,1,21,0.047619047619047616
AttUNet_checkpoint-70,otherscanners,ses-01,anat,sub-chuv109_ses-01_acq-haste_run-1_T2w,0.6197612881660461,0.4490247368812561,142,48,14,22,0.6363636363636364
AttUNet_checkpoint-70,otherscanners,ses-01,anat,sub-chuv109_ses-01_acq-haste_run-2_T2w,0.9411684274673462,0.8888745903968811,38,6,4,29,0.13793103448275862
AttUNet_checkpoint-70,otherscanners,ses-01,anat,sub-chuv109_ses-01_acq-haste_run-3_T2w,0.560236394405365,0.38911694288253784,93,14,15,22,0.6818181818181818
AttUNet_checkpoint-70,otherscanners,ses-01,anat,sub-chuv109_ses-01_acq-haste_run-4_T2w,0.6439223885536194,0.4748418629169464,48,12,10,17,0.5882352941176471
AttUNet_checkpoint-70,otherscanners,ses-01,anat,sub-chuv117_ses-01_acq-haste_run-1_T2w,0.9363959431648254,0.8803989887237549,32,4,1,29,0.034482758620689655
AttUNet_checkpoint-70,otherscanners,ses-01,anat,sub-chuv117_ses-01_acq-haste_run-2_T2w,0.8823398947715759,0.789452850818634,30,2,3,27,0.1111111111111111
AttUNet_checkpoint-70,otherscanners,ses-01,anat,sub-chuv117_ses-01_acq-haste_run-3_T2w,0.7227987051010132,0.5659238696098328,72,18,9,18,0.5
AttUNet_checkpoint-70,otherscanners,ses-01,anat,sub-chuv117_ses-01_acq-haste_run-4_T2w,0.934928834438324,0.8778088092803955,40,5,6,26,0.23076923076923078
AttUNet_checkpoint-70,otherscanners,ses-01,anat,sub-chuv117_ses-01_acq-haste_run-5_T2w,0.5587512850761414,0.38768550753593445,60,17,9,13,0.6923076923076923
AttUNet_checkpoint-70,otherscanners,ses-01,anat,sub-chuv117_ses-01_acq-haste_run-6_T2w,0.954918384552002,0.9137261509895325,30,5,1,26,0.038461538461538464
AttUNet_checkpoint-70,otherscanners,ses-01,anat,sub-chuv120_ses-01_acq-haste_run-10_T2w,0.896460235118866,0.812349796295166,22,1,0,22,0.0
AttUNet_checkpoint-70,otherscanners,ses-01,anat,sub-chuv120_ses-01_acq-haste_run-1_T2w,0.9451544880867004,0.8960122466087341,22,3,2,18,0.1111111111111111
AttUNet_checkpoint-70,otherscanners,ses-01,anat,sub-chuv120_ses-01_acq-haste_run-2_T2w,0.9541822671890259,0.9123790860176086,19,2,1,18,0.05555555555555555
AttUNet_checkpoint-70,otherscanners,ses-01,anat,sub-chuv120_ses-01_acq-haste_run-3_T2w,0.9598994255065918,0.9228909611701965,18,1,0,18,0.0
AttUNet_checkpoint-70,otherscanners,ses-01,anat,sub-chuv120_ses-01_acq-haste_run-4_T2w,0.957303524017334,0.9181037545204163,19,1,0,19,0.0
AttUNet_checkpoint-70,otherscanners,ses-01,anat,sub-chuv120_ses-01_acq-haste_run-6_T2w,0.8898100852966309,0.8014935851097107,18,1,0,18,0.0
AttUNet_checkpoint-70,otherscanners,ses-01,anat,sub-chuv120_ses-01_acq-haste_run-7_T2w,0.9604829549789429,0.9239703416824341,19,2,1,18,0.05555555555555555
AttUNet_checkpoint-70,otherscanners,ses-01,anat,sub-chuv120_ses-01_acq-haste_run-8_T2w,0.9313217401504517,0.8714706897735596,20,1,0,20,0.0
AttUNet_checkpoint-70,otherscanners,ses-01,anat,sub-chuv120_ses-01_acq-haste_run-9_T2w,0.942609429359436,0.8914486169815063,21,2,2,19,0.10526315789473684
AttUNet_checkpoint-70,otherscanners,ses-01,anat,sub-chuv146_ses-01_acq-haste_run-10_T2w,0.9634309411048889,0.9294421672821045,18,1,0,18,0.0
AttUNet_checkpoint-70,otherscanners,ses-01,anat,sub-chuv146_ses-01_acq-haste_run-11_T2w,0.9620285034179688,0.9268351793289185,20,1,0,20,0.0
AttUNet_checkpoint-70,otherscanners,ses-01,anat,sub-chuv146_ses-01_acq-haste_run-12_T2w,0.9673298001289368,0.9367266893386841,17,1,0,17,0.0
AttUNet_checkpoint-70,otherscanners,ses-01,anat,sub-chuv146_ses-01_acq-haste_run-13_T2w,0.9612568616867065,0.9254037737846375,22,1,0,22,0.0
AttUNet_checkpoint-70,otherscanners,ses-01,anat,sub-chuv146_ses-01_acq-haste_run-14_T2w,0.8400170207023621,0.724163293838501,14,2,2,12,0.16666666666666666
AttUNet_checkpoint-70,otherscanners,ses-01,anat,sub-chuv146_ses-01_acq-haste_run-15_T2w,0.9627692103385925,0.9282111525535583,22,2,1,21,0.047619047619047616
AttUNet_checkpoint-70,otherscanners,ses-01,anat,sub-chuv146_ses-01_acq-haste_run-16_T2w,0.9670901298522949,0.9362773895263672,17,1,0,17,0.0
AttUNet_checkpoint-70,otherscanners,ses-01,anat,sub-chuv146_ses-01_acq-haste_run-17_T2w,0.9654247760772705,0.9331605434417725,18,1,0,18,0.0
AttUNet_checkpoint-70,otherscanners,ses-01,anat,sub-chuv146_ses-01_acq-haste_run-18_T2w,0.9611576199531555,0.9252198338508606,17,1,0,17,0.0
AttUNet_checkpoint-70,otherscanners,ses-01,anat,sub-chuv146_ses-01_acq-haste_run-19_T2w,0.9563469886779785,0.9163457155227661,17,1,0,17,0.0
AttUNet_checkpoint-70,otherscanners,ses-01,anat,sub-chuv146_ses-01_acq-haste_run-1_T2w,0.9712715744972229,0.9441477656364441,26,2,4,22,0.18181818181818182
AttUNet_checkpoint-70,otherscanners,ses-01,anat,sub-chuv146_ses-01_acq-haste_run-2_T2w,0.9591453075408936,0.9214978218078613,23,2,2,21,0.09523809523809523
AttUNet_checkpoint-70,otherscanners,ses-01,anat,sub-chuv146_ses-01_acq-haste_run-3_T2w,0.9701268076896667,0.941986620426178,20,1,0,20,0.0
AttUNet_checkpoint-70,otherscanners,ses-01,anat,sub-chuv146_ses-01_acq-haste_run-4_T2w,0.9636601209640503,0.9298688769340515,20,1,0,20,0.0
AttUNet_checkpoint-70,otherscanners,ses-01,anat,sub-chuv146_ses-01_acq-haste_run-5_T2w,0.9674624800682068,0.9369755983352661,23,2,2,21,0.09523809523809523
AttUNet_checkpoint-70,otherscanners,ses-01,anat,sub-chuv146_ses-01_acq-haste_run-6_T2w,0.9705755710601807,0.9428331851959229,22,1,0,22,0.0
AttUNet_checkpoint-70,otherscanners,ses-01,anat,sub-chuv146_ses-01_acq-haste_run-7_T2w,0.9677131772041321,0.9374459981918335,21,2,1,20,0.05
AttUNet_checkpoint-70,otherscanners,ses-01,anat,sub-chuv146_ses-01_acq-haste_run-8_T2w,0.9662811756134033,0.9347621202468872,22,1,0,22,0.0
AttUNet_checkpoint-70,otherscanners,ses-01,anat,sub-chuv146_ses-01_acq-haste_run-9_T2w,0.9604591727256775,0.9239263534545898,21,1,0,21,0.0
AttUNet_checkpoint-70,otherscanners,ses-01,anat,sub-chuv151_ses-01_acq-haste_run-2_T2w,0.9745165705680847,0.9502996802330017,22,1,0,22,0.0
AttUNet_checkpoint-70,otherscanners,ses-01,anat,sub-chuv151_ses-01_acq-haste_run-3_T2w,0.9655802845954895,0.9334511756896973,28,3,2,25,0.08
AttUNet_checkpoint-70,otherscanners,ses-01,anat,sub-chuv151_ses-01_acq-haste_run-4_T2w,0.9648988246917725,0.932178258895874,28,1,0,28,0.0
AttUNet_checkpoint-70,otherscanners,ses-01,anat,sub-chuv152_ses-01_acq-haste_run-10_T2w,0.8896381258964539,0.8012145757675171,16,2,1,15,0.06666666666666667
AttUNet_checkpoint-70,otherscanners,ses-01,anat,sub-chuv152_ses-01_acq-haste_run-11_T2w,0.722878634929657,0.5660218596458435,11,1,0,11,0.0
AttUNet_checkpoint-70,otherscanners,ses-01,anat,sub-chuv152_ses-01_acq-haste_run-12_T2w,0.9539923071861267,0.9120317697525024,14,1,0,14,0.0
AttUNet_checkpoint-70,otherscanners,ses-01,anat,sub-chuv152_ses-01_acq-haste_run-13_T2w,0.9306719303131104,0.8703333735466003,20,1,0,20,0.0
AttUNet_checkpoint-70,otherscanners,ses-01,anat,sub-chuv152_ses-01_acq-haste_run-14_T2w,0.46770626306533813,0.3052327632904053,7,1,0,7,0.0
AttUNet_checkpoint-70,otherscanners,ses-01,anat,sub-chuv152_ses-01_acq-haste_run-15_T2w,0.7559457421302795,0.6076469421386719,17,1,0,17,0.0
AttUNet_checkpoint-70,otherscanners,ses-01,anat,sub-chuv152_ses-01_acq-haste_run-16_T2w,0.6998724937438965,0.5383106470108032,16,1,0,16,0.0
AttUNet_checkpoint-70,otherscanners,ses-01,anat,sub-chuv152_ses-01_acq-haste_run-1_T2w,0.9649204015731812,0.932218611240387,14,1,0,14,0.0
AttUNet_checkpoint-70,otherscanners,ses-01,anat,sub-chuv152_ses-01_acq-haste_run-2_T2w,0.6920132637023926,0.5290675163269043,16,1,0,16,0.0
AttUNet_checkpoint-70,otherscanners,ses-01,anat,sub-chuv152_ses-01_acq-haste_run-3_T2w,0.9606428742408752,0.9242663979530334,20,2,1,19,0.05263157894736842
AttUNet_checkpoint-70,otherscanners,ses-01,anat,sub-chuv152_ses-01_acq-haste_run-4_T2w,0.9665546417236328,0.9352741241455078,18,1,0,18,0.0
AttUNet_checkpoint-70,otherscanners,ses-01,anat,sub-chuv152_ses-01_acq-haste_run-5_T2w,0.9462907314300537,0.8980567455291748,20,2,1,19,0.05263157894736842
AttUNet_checkpoint-70,otherscanners,ses-01,anat,sub-chuv152_ses-01_acq-haste_run-6_T2w,0.6512665748596191,0.48287272453308105,20,5,4,11,0.36363636363636365
AttUNet_checkpoint-70,otherscanners,ses-01,anat,sub-chuv152_ses-01_acq-haste_run-7_T2w,0.9616186618804932,0.9260746836662292,18,1,0,18,0.0
AttUNet_checkpoint-70,otherscanners,ses-01,anat,sub-chuv152_ses-01_acq-haste_run-8_T2w,0.8962210416793823,0.8119569420814514,15,1,0,15,0.0
AttUNet_checkpoint-70,otherscanners,ses-01,anat,sub-chuv152_ses-01_acq-haste_run-9_T2w,0.757942259311676,0.6102311015129089,15,5,1,11,0.09090909090909091
AttUNet_checkpoint-70,otherscanners,ses-01,anat,sub-chuv154_ses-01_acq-haste_run-10_T2w,0.9692916870117188,0.940413236618042,22,1,0,22,0.0
AttUNet_checkpoint-70,otherscanners,ses-01,anat,sub-chuv154_ses-01_acq-haste_run-11_T2w,0.9693759679794312,0.9405718445777893,22,1,0,22,0.0
AttUNet_checkpoint-70,otherscanners,ses-01,anat,sub-chuv154_ses-01_acq-haste_run-12_T2w,0.9103502631187439,0.835452139377594,32,23,1,10,0.1
AttUNet_checkpoint-70,otherscanners,ses-01,anat,sub-chuv154_ses-01_acq-haste_run-13_T2w,0.9610475301742554,0.9250158071517944,23,3,2,20,0.1
AttUNet_checkpoint-70,otherscanners,ses-01,anat,sub-chuv154_ses-01_acq-haste_run-14_T2w,0.9690847992897034,0.9400237202644348,25,2,3,22,0.13636363636363635
AttUNet_checkpoint-70,otherscanners,ses-01,anat,sub-chuv154_ses-01_acq-haste_run-15_T2w,0.9695528745651245,0.940904974937439,20,1,0,20,0.0
AttUNet_checkpoint-70,otherscanners,ses-01,anat,sub-chuv154_ses-01_acq-haste_run-16_T2w,0.9713132977485657,0.9442265629768372,22,1,0,22,0.0
AttUNet_checkpoint-70,otherscanners,ses-01,anat,sub-chuv154_ses-01_acq-haste_run-1_T2w,0.9450606107711792,0.895843505859375,22,1,0,22,0.0
AttUNet_checkpoint-70,otherscanners,ses-01,anat,sub-chuv154_ses-01_acq-haste_run-2_T2w,0.8859773874282837,0.7952956557273865,31,15,2,16,0.125
AttUNet_checkpoint-70,otherscanners,ses-01,anat,sub-chuv154_ses-01_acq-haste_run-3_T2w,0.9507980346679688,0.9062106609344482,18,2,2,16,0.125
AttUNet_checkpoint-70,otherscanners,ses-01,anat,sub-chuv154_ses-01_acq-haste_run-4_T2w,0.7976251840591431,0.6633748412132263,6,1,0,6,0.0
AttUNet_checkpoint-70,otherscanners,ses-01,anat,sub-chuv154_ses-01_acq-haste_run-5_T2w,0.949108362197876,0.9031457901000977,20,1,0,20,0.0
AttUNet_checkpoint-70,otherscanners,ses-01,anat,sub-chuv154_ses-01_acq-haste_run-6_T2w,0.9487267136573792,0.9024548530578613,20,1,0,20,0.0
AttUNet_checkpoint-70,otherscanners,ses-01,anat,sub-chuv154_ses-01_acq-haste_run-7_T2w,0.9718103408813477,0.9451664090156555,26,4,2,22,0.09090909090909091
AttUNet_checkpoint-70,otherscanners,ses-01,anat,sub-chuv154_ses-01_acq-haste_run-8_T2w,0.9670156240463257,0.9361377358436584,11,2,1,10,0.1
AttUNet_checkpoint-70,otherscanners,ses-01,anat,sub-chuv154_ses-01_acq-haste_run-9_T2w,0.970238208770752,0.9421967267990112,21,2,1,20,0.05
AttUNet_checkpoint-70,otherscanners,ses-01,anat,sub-chuv178_ses-01_acq-haste_run-10_T2w,0.8451453447341919,0.7318196296691895,25,3,8,15,0.5333333333333333
AttUNet_checkpoint-70,otherscanners,ses-01,anat,sub-chuv178_ses-01_acq-haste_run-11_T2w,0.8542283773422241,0.7455485463142395,23,4,3,16,0.1875
AttUNet_checkpoint-70,otherscanners,ses-01,anat,sub-chuv178_ses-01_acq-haste_run-12_T2w,0.8898134827613831,0.8014991283416748,21,5,2,16,0.125
AttUNet_checkpoint-70,otherscanners,ses-01,anat,sub-chuv178_ses-01_acq-haste_run-13_T2w,0.8787649273872375,0.7837473154067993,21,2,2,19,0.10526315789473684
AttUNet_checkpoint-70,otherscanners,ses-01,anat,sub-chuv178_ses-01_acq-haste_run-1_T2w,0.9177291989326477,0.8479663133621216,20,2,1,19,0.05263157894736842
AttUNet_checkpoint-70,otherscanners,ses-01,anat,sub-chuv178_ses-01_acq-haste_run-2_T2w,0.9354384541511536,0.878707766532898,15,1,0,15,0.0
AttUNet_checkpoint-70,otherscanners,ses-01,anat,sub-chuv178_ses-01_acq-haste_run-3_T2w,0.6934718489646912,0.5307744741439819,46,6,10,19,0.5263157894736842
AttUNet_checkpoint-70,otherscanners,ses-01,anat,sub-chuv178_ses-01_acq-haste_run-4_T2w,0.931838870048523,0.8723766803741455,21,1,0,21,0.0
AttUNet_checkpoint-70,otherscanners,ses-01,anat,sub-chuv178_ses-01_acq-haste_run-5_T2w,0.6893821358680725,0.5259978175163269,23,7,2,14,0.14285714285714285
AttUNet_checkpoint-70,otherscanners,ses-01,anat,sub-chuv178_ses-01_acq-haste_run-6_T2w,0.8794691562652588,0.7848683595657349,33,8,5,18,0.2777777777777778
AttUNet_checkpoint-70,otherscanners,ses-01,anat,sub-chuv178_ses-01_acq-haste_run-7_T2w,0.910162091255188,0.8351352214813232,24,4,4,18,0.2222222222222222
AttUNet_checkpoint-70,otherscanners,ses-01,anat,sub-chuv178_ses-01_acq-haste_run-8_T2w,0.9304177761077881,0.869888961315155,22,1,0,22,0.0
AttUNet_checkpoint-70,otherscanners,ses-01,anat,sub-chuv178_ses-01_acq-haste_run-9_T2w,0.8894045948982239,0.8008358478546143,19,3,2,16,0.125
AttUNet_checkpoint-70,otherscanners,ses-01,anat,sub-chuv198_ses-01_acq-haste_run-1_T2w,0.9735761284828186,0.9485127329826355,25,1,0,25,0.0
AttUNet_checkpoint-70,otherscanners,ses-01,anat,sub-chuv198_ses-01_acq-haste_run-2_T2w,0.9712674617767334,0.9441398978233337,29,3,1,27,0.037037037037037035
AttUNet_checkpoint-70,otherscanners,ses-01,anat,sub-chuv210_ses-01_acq-haste_run-1_T2w,0.9738990068435669,0.9491259455680847,31,2,1,30,0.03333333333333333
AttUNet_checkpoint-70,otherscanners,ses-01,anat,sub-chuv210_ses-01_acq-haste_run-2_T2w,0.9751864075660706,0.951574444770813,25,2,3,22,0.13636363636363635
AttUNet_checkpoint-70,otherscanners,ses-01,anat,sub-chuv210_ses-01_acq-haste_run-3_T2w,0.975103497505188,0.951416552066803,26,1,0,26,0.0
AttUNet_checkpoint-70,otherscanners,ses-01,anat,sub-chuv210_ses-01_acq-haste_run-4_T2w,0.9753133654594421,0.9518162608146667,24,3,2,21,0.09523809523809523
AttUNet_checkpoint-70,otherscanners,ses-01,anat,sub-chuv210_ses-01_acq-haste_run-5_T2w,0.9744234681129456,0.9501226544380188,26,1,0,26,0.0
AttUNet_checkpoint-70,otherscanners,ses-01,anat,sub-chuv210_ses-01_acq-haste_run-6_T2w,0.9734435677528381,0.9482612013816833,30,1,0,30,0.0
AttUNet_checkpoint-70,otherscanners,ses-01,anat,sub-chuv211_ses-01_acq-haste_run-10_T2w,0.5730136036872864,0.40155503153800964,35,4,8,21,0.38095238095238093
AttUNet_checkpoint-70,otherscanners,ses-01,anat,sub-chuv211_ses-01_acq-haste_run-11_T2w,0.8427299857139587,0.728205144405365,24,5,3,16,0.1875
AttUNet_checkpoint-70,otherscanners,ses-01,anat,sub-chuv211_ses-01_acq-haste_run-12_T2w,0.9503713846206665,0.9054358005523682,25,4,2,21,0.09523809523809523
AttUNet_checkpoint-70,otherscanners,ses-01,anat,sub-chuv211_ses-01_acq-haste_run-13_T2w,0.964590311050415,0.9316025376319885,28,1,0,28,0.0
AttUNet_checkpoint-70,otherscanners,ses-01,anat,sub-chuv211_ses-01_acq-haste_run-14_T2w,0.8462746739387512,0.7335148453712463,37,4,6,25,0.24
AttUNet_checkpoint-70,otherscanners,ses-01,anat,sub-chuv211_ses-01_acq-haste_run-15_T2w,0.641633152961731,0.47235631942749023,77,10,17,24,0.7083333333333334
AttUNet_checkpoint-70,otherscanners,ses-01,anat,sub-chuv211_ses-01_acq-haste_run-1_T2w,0.6075126528739929,0.4362787902355194,22,1,0,22,0.0
AttUNet_checkpoint-70,otherscanners,ses-01,anat,sub-chuv211_ses-01_acq-haste_run-2_T2w,0.9675626754760742,0.9371635913848877,20,1,0,20,0.0
AttUNet_checkpoint-70,otherscanners,ses-01,anat,sub-chuv211_ses-01_acq-haste_run-3_T2w,0.6366308331489563,0.4669541120529175,21,4,3,16,0.1875
AttUNet_checkpoint-70,otherscanners,ses-01,anat,sub-chuv211_ses-01_acq-haste_run-4_T2w,0.7732495665550232,0.6303234696388245,26,5,5,16,0.3125
AttUNet_checkpoint-70,otherscanners,ses-01,anat,sub-chuv211_ses-01_acq-haste_run-5_T2w,0.49521785974502563,0.3290960490703583,23,4,7,12,0.5833333333333334
AttUNet_checkpoint-70,otherscanners,ses-01,anat,sub-chuv211_ses-01_acq-haste_run-6_T2w,0.7304866909980774,0.5754069089889526,36,7,6,21,0.2857142857142857
AttUNet_checkpoint-70,otherscanners,ses-01,anat,sub-chuv211_ses-01_acq-haste_run-7_T2w,0.7670964598655701,0.6221868991851807,60,9,10,27,0.37037037037037035
AttUNet_checkpoint-70,otherscanners,ses-01,anat,sub-chuv211_ses-01_acq-haste_run-8_T2w,0.9740543365478516,0.9494209885597229,21,1,0,21,0.0
AttUNet_checkpoint-70,otherscanners,ses-01,anat,sub-chuv211_ses-01_acq-haste_run-9_T2w,0.97285395860672,0.9471427798271179,22,1,0,22,0.0
AttUNet_checkpoint-70,otherscanners,ses-01,anat,sub-chuv224_ses-01_acq-haste_run-10_T2w,0.8961331248283386,0.8118126392364502,24,4,6,15,0.4
AttUNet_checkpoint-70,otherscanners,ses-01,anat,sub-chuv224_ses-01_acq-haste_run-11_T2w,0.9498592019081116,0.904506504535675,21,3,1,19,0.05263157894736842
AttUNet_checkpoint-70,otherscanners,ses-01,anat,sub-chuv224_ses-01_acq-haste_run-12_T2w,0.9546415209770203,0.9132192730903625,20,2,1,19,0.05263157894736842
AttUNet_checkpoint-70,otherscanners,ses-01,anat,sub-chuv224_ses-01_acq-haste_run-13_T2w,0.9711477160453796,0.9439136981964111,18,1,0,18,0.0
AttUNet_checkpoint-70,otherscanners,ses-01,anat,sub-chuv224_ses-01_acq-haste_run-14_T2w,0.9729374647140503,0.9473010897636414,22,1,0,22,0.0
AttUNet_checkpoint-70,otherscanners,ses-01,anat,sub-chuv224_ses-01_acq-haste_run-15_T2w,0.8322942852973938,0.712760329246521,45,11,7,21,0.3333333333333333
AttUNet_checkpoint-70,otherscanners,ses-01,anat,sub-chuv224_ses-01_acq-haste_run-16_T2w,0.9441356062889099,0.8941826224327087,20,1,0,20,0.0
AttUNet_checkpoint-70,otherscanners,ses-01,anat,sub-chuv224_ses-01_acq-haste_run-17_T2w,0.9484050869941711,0.901872992515564,22,2,4,18,0.2222222222222222
AttUNet_checkpoint-70,otherscanners,ses-01,anat,sub-chuv224_ses-01_acq-haste_run-18_T2w,0.9502316117286682,0.9051821827888489,24,1,0,24,0.0
AttUNet_checkpoint-70,otherscanners,ses-01,anat,sub-chuv224_ses-01_acq-haste_run-19_T2w,0.970639169216156,0.9429532289505005,23,2,1,22,0.045454545454545456
AttUNet_checkpoint-70,otherscanners,ses-01,anat,sub-chuv224_ses-01_acq-haste_run-1_T2w,0.5750674605369568,0.40357521176338196,17,2,1,16,0.0625
AttUNet_checkpoint-70,otherscanners,ses-01,anat,sub-chuv224_ses-01_acq-haste_run-20_T2w,0.9333472847938538,0.8750244975090027,26,2,2,24,0.08333333333333333
AttUNet_checkpoint-70,otherscanners,ses-01,anat,sub-chuv224_ses-01_acq-haste_run-21_T2w,0.9367207884788513,0.8809734582901001,22,3,2,18,0.1111111111111111
AttUNet_checkpoint-70,otherscanners,ses-01,anat,sub-chuv224_ses-01_acq-haste_run-22_T2w,0.9726818799972534,0.9468166828155518,22,1,0,22,0.0
AttUNet_checkpoint-70,otherscanners,ses-01,anat,sub-chuv224_ses-01_acq-haste_run-23_T2w,0.9682238698005676,0.9384050369262695,19,1,0,19,0.0
AttUNet_checkpoint-70,otherscanners,ses-01,anat,sub-chuv224_ses-01_acq-haste_run-24_T2w,0.9462948441505432,0.898064136505127,24,6,1,19,0.05263157894736842
AttUNet_checkpoint-70,otherscanners,ses-01,anat,sub-chuv224_ses-01_acq-haste_run-25_T2w,0.934075117111206,0.8763048052787781,32,12,2,20,0.1
AttUNet_checkpoint-70,otherscanners,ses-01,anat,sub-chuv224_ses-01_acq-haste_run-26_T2w,0.9665399789810181,0.9352466464042664,22,2,1,21,0.047619047619047616
AttUNet_checkpoint-70,otherscanners,ses-01,anat,sub-chuv224_ses-01_acq-haste_run-2_T2w,0.9127369523048401,0.8394812941551208,18,1,0,18,0.0
AttUNet_checkpoint-70,otherscanners,ses-01,anat,sub-chuv224_ses-01_acq-haste_run-3_T2w,0.9451070427894592,0.8959268927574158,21,3,1,19,0.05263157894736842
AttUNet_checkpoint-70,otherscanners,ses-01,anat,sub-chuv224_ses-01_acq-haste_run-4_T2w,0.9285305142402649,0.8665953874588013,22,4,1,19,0.05263157894736842
AttUNet_checkpoint-70,otherscanners,ses-01,anat,sub-chuv224_ses-01_acq-haste_run-5_T2w,0.7189748287200928,0.5612496137619019,15,3,3,11,0.2727272727272727
AttUNet_checkpoint-70,otherscanners,ses-01,anat,sub-chuv224_ses-01_acq-haste_run-6_T2w,0.9186676144599915,0.849570095539093,23,2,1,22,0.045454545454545456
AttUNet_checkpoint-70,otherscanners,ses-01,anat,sub-chuv224_ses-01_acq-haste_run-7_T2w,0.9380688667297363,0.883361279964447,20,2,1,19,0.05263157894736842
AttUNet_checkpoint-70,otherscanners,ses-01,anat,sub-chuv224_ses-01_acq-haste_run-8_T2w,0.9000672101974487,0.8182928562164307,10,1,0,10,0.0
AttUNet_checkpoint-70,otherscanners,ses-01,anat,sub-chuv224_ses-01_acq-haste_run-9_T2w,0.9489654898643494,0.9028870463371277,25,2,1,24,0.041666666666666664
AttUNet_checkpoint-70,otherscanners,ses-01,anat,sub-chuv256_ses-01_acq-haste_run-1_T2w,0.9710950255393982,0.9438141584396362,26,2,1,25,0.04
AttUNet_checkpoint-70,otherscanners,ses-01,anat,sub-chuv256_ses-01_acq-haste_run-3_T2w,0.9712659120559692,0.9441369771957397,24,1,0,24,0.0
AttUNet_checkpoint-70,otherscanners,ses-01,anat,sub-chuv256_ses-01_acq-haste_run-4_T2w,0.9623547196388245,0.9274409413337708,30,2,1,29,0.034482758620689655
AttUNet_checkpoint-70,otherscanners,ses-01,anat,sub-chuv256_ses-01_acq-haste_run-5_T2w,0.8888460993766785,0.7999306917190552,3,1,0,3,0.0
AttUNet_checkpoint-70,otherscanners,ses-01,anat,sub-chuv256_ses-01_acq-haste_run-6_T2w,0.9722916483879089,0.9460774064064026,28,3,3,24,0.125
AttUNet_checkpoint-70,otherscanners,ses-01,anat,sub-chuv256_ses-01_acq-haste_run-7_T2w,0.972618818283081,0.9466971158981323,29,1,0,29,0.0
AttUNet_checkpoint-70,otherscanners,ses-01,anat,sub-chuv256_ses-01_acq-haste_run-8_T2w,0.9716542959213257,0.9448712468147278,26,2,1,25,0.04
AttUNet_checkpoint-70,otherscanners,ses-01,anat,sub-chuv256_ses-01_acq-haste_run-9_T2w,0.9589918851852417,0.9212146401405334,9,2,1,8,0.125
AttUNet_checkpoint-70,otherscanners,ses-01,anat,sub-chuv258_ses-01_acq-haste_run-1_T2w,0.9747950434684753,0.9508293867111206,24,1,0,24,0.0
AttUNet_checkpoint-70,otherscanners,ses-01,anat,sub-chuv258_ses-01_acq-haste_run-2_T2w,0.9497164487838745,0.9042477011680603,21,1,0,21,0.0
AttUNet_checkpoint-70,otherscanners,ses-01,anat,sub-chuv258_ses-01_acq-haste_run-3_T2w,0.9686660766601562,0.9392361044883728,22,1,0,22,0.0
AttUNet_checkpoint-70,otherscanners,ses-01,anat,sub-chuv258_ses-01_acq-haste_run-4_T2w,0.9743034839630127,0.9498944878578186,21,3,1,19,0.05263157894736842
AttUNet_checkpoint-70,otherscanners,ses-01,anat,sub-chuv258_ses-01_acq-haste_run-5_T2w,0.9755032062530518,0.9521779417991638,25,1,0,25,0.0
AttUNet_checkpoint-70,otherscanners,ses-01,anat,sub-chuv258_ses-01_acq-haste_run-7_T2w,0.9726851582527161,0.9468228816986084,22,3,2,19,0.10526315789473684
AttUNet_checkpoint-70,otherscanners,ses-01,anat,sub-chuv266_ses-01_acq-haste_run-1_T2w,0.9602834582328796,0.9236012101173401,20,1,0,20,0.0
AttUNet_checkpoint-70,otherscanners,ses-01,anat,sub-chuv266_ses-01_acq-haste_run-2_T2w,0.9337769746780396,0.8757802248001099,20,5,1,16,0.0625
AttUNet_checkpoint-70,otherscanners,ses-01,anat,sub-chuv266_ses-01_acq-haste_run-3_T2w,0.868893027305603,0.7681793570518494,20,5,1,16,0.0625
AttUNet_checkpoint-70,otherscanners,ses-01,anat,sub-chuv266_ses-01_acq-haste_run-4_T2w,0.9393474459648132,0.8856316208839417,20,2,1,19,0.05263157894736842
AttUNet_checkpoint-70,otherscanners,ses-01,anat,sub-chuv266_ses-01_acq-haste_run-5_T2w,0.9690383076667786,0.9399362802505493,24,2,1,23,0.043478260869565216
AttUNet_checkpoint-70,otherscanners,ses-01,anat,sub-chuv266_ses-01_acq-haste_run-6_T2w,0.9527603983879089,0.9097826480865479,23,2,2,21,0.09523809523809523
AttUNet_checkpoint-70,otherscanners,ses-01,anat,sub-chuv266_ses-01_acq-haste_run-7_T2w,0.9684944152832031,0.9389134049415588,23,2,2,21,0.09523809523809523
AttUNet_checkpoint-70,otherscanners,ses-01,anat,sub-chuv008_ses-01_acq-haste_run-1_echo-1_T2w,0.9546478986740112,0.9132310152053833,22,5,1,18,0.05555555555555555
AttUNet_checkpoint-70,otherscanners,ses-01,anat,sub-chuv008_ses-01_acq-haste_run-1_echo-2_T2w,0.9485048055648804,0.9020533561706543,19,2,1,18,0.05555555555555555
AttUNet_checkpoint-70,otherscanners,ses-01,anat,sub-chuv008_ses-01_acq-haste_run-1_echo-3_T2w,0.9462130665779114,0.897916853427887,18,1,0,18,0.0
AttUNet_checkpoint-70,otherscanners,ses-01,anat,sub-chuv008_ses-01_acq-haste_run-1_echo-4_T2w,0.9422367811203003,0.8907822966575623,18,1,0,18,0.0
AttUNet_checkpoint-70,otherscanners,ses-01,anat,sub-chuv008_ses-01_acq-haste_run-1_echo-5_T2w,0.9351121187210083,0.8781319856643677,21,2,3,18,0.16666666666666666
AttUNet_checkpoint-70,otherscanners,ses-01,anat,sub-chuv008_ses-01_acq-haste_run-1_echo-6_T2w,0.9245362877845764,0.8596630096435547,20,2,1,19,0.05263157894736842
AttUNet_checkpoint-70,otherscanners,ses-01,anat,sub-chuv008_ses-01_acq-haste_run-2_echo-1_T2w,0.9429096579551697,0.8919858336448669,24,3,2,20,0.1
AttUNet_checkpoint-70,otherscanners,ses-01,anat,sub-chuv008_ses-01_acq-haste_run-2_echo-2_T2w,0.9432982802391052,0.8926817178726196,26,3,3,20,0.15
AttUNet_checkpoint-70,otherscanners,ses-01,anat,sub-chuv008_ses-01_acq-haste_run-2_echo-3_T2w,0.9445577263832092,0.8949402570724487,24,3,2,20,0.1
AttUNet_checkpoint-70,otherscanners,ses-01,anat,sub-chuv008_ses-01_acq-haste_run-2_echo-4_T2w,0.9438489079475403,0.8936684727668762,24,3,2,20,0.1
AttUNet_checkpoint-70,otherscanners,ses-01,anat,sub-chuv008_ses-01_acq-haste_run-2_echo-5_T2w,0.9432598352432251,0.892612874507904,24,3,2,20,0.1
AttUNet_checkpoint-70,otherscanners,ses-01,anat,sub-chuv008_ses-01_acq-haste_run-2_echo-6_T2w,0.9398009181022644,0.8864381313323975,28,4,3,22,0.13636363636363635
AttUNet_checkpoint-70,otherscanners,ses-01,anat,sub-chuv008_ses-01_acq-haste_run-3_echo-1_T2w,0.9380328059196472,0.8832973837852478,27,3,2,24,0.08333333333333333
AttUNet_checkpoint-70,otherscanners,ses-01,anat,sub-chuv008_ses-01_acq-haste_run-3_echo-2_T2w,0.9336247444152832,0.875512421131134,26,2,3,23,0.13043478260869565
AttUNet_checkpoint-70,otherscanners,ses-01,anat,sub-chuv008_ses-01_acq-haste_run-3_echo-3_T2w,0.9219658374786377,0.8552287817001343,31,5,3,23,0.13043478260869565
AttUNet_checkpoint-70,otherscanners,ses-01,anat,sub-chuv008_ses-01_acq-haste_run-3_echo-4_T2w,0.891333281993866,0.8039686679840088,38,6,5,23,0.21739130434782608
AttUNet_checkpoint-70,otherscanners,ses-01,anat,sub-chuv008_ses-01_acq-haste_run-3_echo-5_T2w,0.8615029454231262,0.7567019462585449,33,4,6,23,0.2608695652173913
AttUNet_checkpoint-70,otherscanners,ses-01,anat,sub-chuv008_ses-01_acq-haste_run-3_echo-6_T2w,0.8328633904457092,0.7135955095291138,38,4,7,24,0.2916666666666667
AttUNet_checkpoint-70,otherscanners,ses-01,anat,sub-chuv016_ses-01_acq-haste_run-10_echo-1_T2w,0.9487507939338684,0.9024984240531921,23,2,1,22,0.045454545454545456
AttUNet_checkpoint-70,otherscanners,ses-01,anat,sub-chuv016_ses-01_acq-haste_run-10_echo-2_T2w,0.9463838934898376,0.8982245922088623,25,4,1,22,0.045454545454545456
AttUNet_checkpoint-70,otherscanners,ses-01,anat,sub-chuv016_ses-01_acq-haste_run-10_echo-3_T2w,0.946554958820343,0.8985328078269958,22,1,0,22,0.0
AttUNet_checkpoint-70,otherscanners,ses-01,anat,sub-chuv016_ses-01_acq-haste_run-10_echo-4_T2w,0.944484293460846,0.8948084115982056,23,2,1,22,0.045454545454545456
AttUNet_checkpoint-70,otherscanners,ses-01,anat,sub-chuv016_ses-01_acq-haste_run-10_echo-5_T2w,0.93758225440979,0.8824986815452576,24,3,1,22,0.045454545454545456
AttUNet_checkpoint-70,otherscanners,ses-01,anat,sub-chuv016_ses-01_acq-haste_run-10_echo-6_T2w,0.9266689419746399,0.8633580207824707,26,4,2,22,0.09090909090909091
AttUNet_checkpoint-70,otherscanners,ses-01,anat,sub-chuv016_ses-01_acq-haste_run-1_echo-1_T2w,0.9562457799911499,0.9161599278450012,22,1,0,22,0.0
AttUNet_checkpoint-70,otherscanners,ses-01,anat,sub-chuv016_ses-01_acq-haste_run-1_echo-2_T2w,0.9526467323303223,0.909575343132019,22,1,0,22,0.0
AttUNet_checkpoint-70,otherscanners,ses-01,anat,sub-chuv016_ses-01_acq-haste_run-1_echo-3_T2w,0.9498337507247925,0.9044603109359741,22,1,0,22,0.0
AttUNet_checkpoint-70,otherscanners,ses-01,anat,sub-chuv016_ses-01_acq-haste_run-1_echo-4_T2w,0.943901777267456,0.8937632441520691,23,2,1,22,0.045454545454545456
AttUNet_checkpoint-70,otherscanners,ses-01,anat,sub-chuv016_ses-01_acq-haste_run-1_echo-5_T2w,0.9347547292709351,0.877501904964447,27,3,3,22,0.13636363636363635
AttUNet_checkpoint-70,otherscanners,ses-01,anat,sub-chuv016_ses-01_acq-haste_run-1_echo-6_T2w,0.9235368371009827,0.8579363822937012,27,3,4,22,0.18181818181818182
AttUNet_checkpoint-70,otherscanners,ses-01,anat,sub-chuv016_ses-01_acq-haste_run-2_echo-1_T2w,0.9593991041183472,0.9219664335250854,24,2,1,23,0.043478260869565216
AttUNet_checkpoint-70,otherscanners,ses-01,anat,sub-chuv016_ses-01_acq-haste_run-2_echo-2_T2w,0.9577370882034302,0.9189016222953796,24,2,1,23,0.043478260869565216
AttUNet_checkpoint-70,otherscanners,ses-01,anat,sub-chuv016_ses-01_acq-haste_run-2_echo-3_T2w,0.9570935368537903,0.917717456817627,23,1,0,23,0.0
AttUNet_checkpoint-70,otherscanners,ses-01,anat,sub-chuv016_ses-01_acq-haste_run-2_echo-4_T2w,0.9554823637008667,0.9147594571113586,23,1,0,23,0.0
AttUNet_checkpoint-70,otherscanners,ses-01,anat,sub-chuv016_ses-01_acq-haste_run-2_echo-5_T2w,0.949904203414917,0.9045881032943726,23,1,0,23,0.0
AttUNet_checkpoint-70,otherscanners,ses-01,anat,sub-chuv016_ses-01_acq-haste_run-2_echo-6_T2w,0.9382297396659851,0.8836466670036316,26,4,1,23,0.043478260869565216
AttUNet_checkpoint-70,otherscanners,ses-01,anat,sub-chuv016_ses-01_acq-haste_run-3_echo-1_T2w,0.927585780620575,0.8649510145187378,28,3,5,22,0.22727272727272727
AttUNet_checkpoint-70,otherscanners,ses-01,anat,sub-chuv016_ses-01_acq-haste_run-3_echo-2_T2w,0.9133947491645813,0.8405948877334595,32,7,5,20,0.25
AttUNet_checkpoint-70,otherscanners,ses-01,anat,sub-chuv016_ses-01_acq-haste_run-3_echo-3_T2w,0.9101131558418274,0.8350529074668884,27,4,3,20,0.15
AttUNet_checkpoint-70,otherscanners,ses-01,anat,sub-chuv016_ses-01_acq-haste_run-3_echo-4_T2w,0.8986322283744812,0.8159238696098328,32,7,3,20,0.15
AttUNet_checkpoint-70,otherscanners,ses-01,anat,sub-chuv016_ses-01_acq-haste_run-3_echo-5_T2w,0.8909637928009033,0.8033676147460938,26,5,3,19,0.15789473684210525
AttUNet_checkpoint-70,otherscanners,ses-01,anat,sub-chuv016_ses-01_acq-haste_run-3_echo-6_T2w,0.8856093883514404,0.7947028279304504,23,4,2,18,0.1111111111111111
AttUNet_checkpoint-70,otherscanners,ses-01,anat,sub-chuv016_ses-01_acq-haste_run-4_echo-1_T2w,0.9703198075294495,0.9423506259918213,24,3,1,22,0.045454545454545456
AttUNet_checkpoint-70,otherscanners,ses-01,anat,sub-chuv016_ses-01_acq-haste_run-4_echo-2_T2w,0.9702898859977722,0.942294180393219,24,3,1,22,0.045454545454545456
AttUNet_checkpoint-70,otherscanners,ses-01,anat,sub-chuv016_ses-01_acq-haste_run-4_echo-3_T2w,0.9697239398956299,0.9412272572517395,25,3,2,22,0.09090909090909091
AttUNet_checkpoint-70,otherscanners,ses-01,anat,sub-chuv016_ses-01_acq-haste_run-4_echo-4_T2w,0.9672116041183472,0.9365050792694092,24,3,1,22,0.045454545454545456
AttUNet_checkpoint-70,otherscanners,ses-01,anat,sub-chuv016_ses-01_acq-haste_run-4_echo-5_T2w,0.9641499519348145,0.9307814240455627,24,3,1,22,0.045454545454545456
AttUNet_checkpoint-70,otherscanners,ses-01,anat,sub-chuv016_ses-01_acq-haste_run-4_echo-6_T2w,0.9604653716087341,0.9239378571510315,24,3,1,22,0.045454545454545456
AttUNet_checkpoint-70,otherscanners,ses-01,anat,sub-chuv016_ses-01_acq-haste_run-5_echo-1_T2w,0.9623683094978333,0.9274661540985107,26,3,2,22,0.09090909090909091
AttUNet_checkpoint-70,otherscanners,ses-01,anat,sub-chuv016_ses-01_acq-haste_run-5_echo-2_T2w,0.9621180295944214,0.9270013570785522,25,3,2,22,0.09090909090909091
AttUNet_checkpoint-70,otherscanners,ses-01,anat,sub-chuv016_ses-01_acq-haste_run-5_echo-3_T2w,0.9612694382667542,0.9254270792007446,23,2,1,22,0.045454545454545456
AttUNet_checkpoint-70,otherscanners,ses-01,anat,sub-chuv016_ses-01_acq-haste_run-5_echo-4_T2w,0.9576577544212341,0.9187555909156799,23,2,1,22,0.045454545454545456
AttUNet_checkpoint-70,otherscanners,ses-01,anat,sub-chuv016_ses-01_acq-haste_run-5_echo-5_T2w,0.9388654232025146,0.8847751021385193,28,5,3,22,0.13636363636363635
AttUNet_checkpoint-70,otherscanners,ses-01,anat,sub-chuv016_ses-01_acq-haste_run-5_echo-6_T2w,0.9077936410903931,0.8311557769775391,28,3,5,22,0.22727272727272727
AttUNet_checkpoint-70,otherscanners,ses-01,anat,sub-chuv016_ses-01_acq-haste_run-7_echo-5_T2w,0.9683619141578674,0.9386643767356873,10,1,0,10,0.0
AttUNet_checkpoint-70,otherscanners,ses-01,anat,sub-chuv016_ses-01_acq-haste_run-7_echo-6_T2w,0.967632532119751,0.9372946619987488,14,4,2,10,0.2
AttUNet_checkpoint-70,otherscanners,ses-01,anat,sub-chuv016_ses-01_acq-haste_run-8_echo-1_T2w,0.9579371809959412,0.9192700386047363,24,2,1,23,0.043478260869565216
AttUNet_checkpoint-70,otherscanners,ses-01,anat,sub-chuv016_ses-01_acq-haste_run-8_echo-2_T2w,0.95635986328125,0.9163693785667419,23,1,0,23,0.0
AttUNet_checkpoint-70,otherscanners,ses-01,anat,sub-chuv016_ses-01_acq-haste_run-8_echo-3_T2w,0.9557860493659973,0.9153162837028503,23,1,0,23,0.0
AttUNet_checkpoint-70,otherscanners,ses-01,anat,sub-chuv016_ses-01_acq-haste_run-8_echo-4_T2w,0.954207181930542,0.9124246835708618,23,1,0,23,0.0
AttUNet_checkpoint-70,otherscanners,ses-01,anat,sub-chuv016_ses-01_acq-haste_run-8_echo-5_T2w,0.9512726068496704,0.9070732593536377,23,1,0,23,0.0
AttUNet_checkpoint-70,otherscanners,ses-01,anat,sub-chuv016_ses-01_acq-haste_run-8_echo-6_T2w,0.9478579163551331,0.9008839726448059,23,1,0,23,0.0
AttUNet_checkpoint-70,otherscanners,ses-01,anat,sub-chuv016_ses-01_acq-haste_run-9_echo-5_T2w,0.945411205291748,0.89647376537323,10,1,0,10,0.0
AttUNet_checkpoint-70,otherscanners,ses-01,anat,sub-chuv016_ses-01_acq-haste_run-9_echo-6_T2w,0.9428938627243042,0.8919576406478882,10,1,0,10,0.0
AttUNet_checkpoint-70,otherscanners,ses-01,anat,sub-chuv021_ses-01_acq-haste_run-1_echo-1_T2w,0.9608768820762634,0.9246997833251953,25,3,1,23,0.043478260869565216
AttUNet_checkpoint-70,otherscanners,ses-01,anat,sub-chuv021_ses-01_acq-haste_run-1_echo-2_T2w,0.9549362063407898,0.9137588143348694,22,1,0,22,0.0
AttUNet_checkpoint-70,otherscanners,ses-01,anat,sub-chuv021_ses-01_acq-haste_run-1_echo-3_T2w,0.9447800517082214,0.8953394889831543,26,2,3,23,0.13043478260869565
AttUNet_checkpoint-70,otherscanners,ses-01,anat,sub-chuv021_ses-01_acq-haste_run-1_echo-4_T2w,0.8726937770843506,0.7741407752037048,44,9,8,22,0.36363636363636365
AttUNet_checkpoint-70,otherscanners,ses-01,anat,sub-chuv021_ses-01_acq-haste_run-1_echo-5_T2w,0.5105603337287903,0.34278687834739685,42,13,7,18,0.3888888888888889
AttUNet_checkpoint-70,otherscanners,ses-01,anat,sub-chuv021_ses-01_acq-haste_run-1_echo-6_T2w,0.1709623634815216,0.0934712141752243,9,3,2,5,0.4
AttUNet_checkpoint-70,otherscanners,ses-01,anat,sub-chuv021_ses-01_acq-haste_run-2_echo-1_T2w,0.0,0.0,2,1,0,2,0.0
AttUNet_checkpoint-70,otherscanners,ses-01,anat,sub-chuv021_ses-01_acq-haste_run-2_echo-2_T2w,0.0,0.0,3,1,0,3,0.0
AttUNet_checkpoint-70,otherscanners,ses-01,anat,sub-chuv021_ses-01_acq-haste_run-2_echo-3_T2w,0.16878215968608856,0.09216935187578201,13,6,3,5,0.6
AttUNet_checkpoint-70,otherscanners,ses-01,anat,sub-chuv021_ses-01_acq-haste_run-2_echo-4_T2w,0.041579343378543854,0.02123105898499489,53,10,8,12,0.6666666666666666
AttUNet_checkpoint-70,otherscanners,ses-01,anat,sub-chuv021_ses-01_acq-haste_run-2_echo-5_T2w,0.0,0.0,14,3,5,7,0.7142857142857143
AttUNet_checkpoint-70,otherscanners,ses-01,anat,sub-chuv021_ses-01_acq-haste_run-2_echo-6_T2w,0.0,0.0,17,9,3,6,0.5
AttUNet_checkpoint-70,otherscanners,ses-01,anat,sub-chuv021_ses-01_acq-haste_run-3_echo-1_T2w,0.9662173390388489,0.9346426129341125,25,1,0,25,0.0
AttUNet_checkpoint-70,otherscanners,ses-01,anat,sub-chuv021_ses-01_acq-haste_run-3_echo-2_T2w,0.9635453224182129,0.9296550154685974,25,1,0,25,0.0
AttUNet_checkpoint-70,otherscanners,ses-01,anat,sub-chuv021_ses-01_acq-haste_run-3_echo-3_T2w,0.9593863487243652,0.921942949295044,25,1,0,25,0.0
AttUNet_checkpoint-70,otherscanners,ses-01,anat,sub-chuv021_ses-01_acq-haste_run-3_echo-4_T2w,0.9532479047775269,0.9106720089912415,26,2,1,25,0.04
AttUNet_checkpoint-70,otherscanners,ses-01,anat,sub-chuv021_ses-01_acq-haste_run-3_echo-5_T2w,0.9118475914001465,0.8379778265953064,27,3,3,23,0.13043478260869565
AttUNet_checkpoint-70,otherscanners,ses-01,anat,sub-chuv021_ses-01_acq-haste_run-3_echo-6_T2w,0.8600667715072632,0.7544887661933899,32,5,5,22,0.22727272727272727
AttUNet_checkpoint-70,otherscanners,ses-01,anat,sub-chuv021_ses-01_acq-haste_run-4_echo-1_T2w,0.9602764844894409,0.9235883355140686,30,3,4,25,0.16
AttUNet_checkpoint-70,otherscanners,ses-01,anat,sub-chuv021_ses-01_acq-haste_run-4_echo-2_T2w,0.951985239982605,0.9083700776100159,27,2,2,25,0.08
AttUNet_checkpoint-70,otherscanners,ses-01,anat,sub-chuv021_ses-01_acq-haste_run-4_echo-3_T2w,0.9414148926734924,0.8893142938613892,27,2,2,25,0.08
AttUNet_checkpoint-70,otherscanners,ses-01,anat,sub-chuv021_ses-01_acq-haste_run-4_echo-4_T2w,0.9204584956169128,0.8526383638381958,29,5,5,20,0.25
AttUNet_checkpoint-70,otherscanners,ses-01,anat,sub-chuv021_ses-01_acq-haste_run-4_echo-5_T2w,0.8305513262748718,0.7102076411247253,38,6,10,17,0.5882352941176471
AttUNet_checkpoint-70,otherscanners,ses-01,anat,sub-chuv021_ses-01_acq-haste_run-4_echo-6_T2w,0.7444903254508972,0.5929785966873169,41,5,14,17,0.8235294117647058
AttUNet_checkpoint-70,otherscanners,ses-01,anat,sub-chuv021_ses-01_acq-haste_run-5_echo-1_T2w,0.9438266754150391,0.8936286568641663,36,4,4,28,0.14285714285714285
AttUNet_checkpoint-70,otherscanners,ses-01,anat,sub-chuv021_ses-01_acq-haste_run-5_echo-2_T2w,0.9320147633552551,0.8726850748062134,31,3,3,27,0.1111111111111111
AttUNet_checkpoint-70,otherscanners,ses-01,anat,sub-chuv021_ses-01_acq-haste_run-5_echo-3_T2w,0.8932127356529236,0.8070319890975952,36,4,4,26,0.15384615384615385
AttUNet_checkpoint-70,otherscanners,ses-01,anat,sub-chuv021_ses-01_acq-haste_run-5_echo-4_T2w,0.8639840483665466,0.7605386972427368,41,9,8,22,0.36363636363636365
AttUNet_checkpoint-70,otherscanners,ses-01,anat,sub-chuv021_ses-01_acq-haste_run-5_echo-5_T2w,0.8046572804450989,0.6731602549552917,39,5,11,20,0.55
AttUNet_checkpoint-70,otherscanners,ses-01,anat,sub-chuv021_ses-01_acq-haste_run-5_echo-6_T2w,0.7489805817604065,0.598696231842041,46,6,12,20,0.6
AttUNet_checkpoint-70,otherscanners,ses-01,anat,sub-chuv021_ses-01_acq-haste_run-6_echo-1_T2w,0.9600257277488708,0.9231245517730713,22,1,0,22,0.0
AttUNet_checkpoint-70,otherscanners,ses-01,anat,sub-chuv021_ses-01_acq-haste_run-6_echo-2_T2w,0.9534183144569397,0.910983145236969,25,2,3,22,0.13636363636363635
AttUNet_checkpoint-70,otherscanners,ses-01,anat,sub-chuv021_ses-01_acq-haste_run-6_echo-3_T2w,0.9370172619819641,0.8814981579780579,32,5,5,23,0.21739130434782608
AttUNet_checkpoint-70,otherscanners,ses-01,anat,sub-chuv021_ses-01_acq-haste_run-6_echo-4_T2w,0.8389241695404053,0.7225403785705566,47,9,7,21,0.3333333333333333
AttUNet_checkpoint-70,otherscanners,ses-01,anat,sub-chuv021_ses-01_acq-haste_run-6_echo-5_T2w,0.5634392499923706,0.3922140300273895,46,13,6,15,0.4
AttUNet_checkpoint-70,otherscanners,ses-01,anat,sub-chuv021_ses-01_acq-haste_run-6_echo-6_T2w,0.23706264793872833,0.13447025418281555,21,6,5,9,0.5555555555555556
AttUNet_checkpoint-70,otherscanners,ses-01,anat,sub-chuv021_ses-01_acq-haste_run-7_echo-1_T2w,0.9583788514137268,0.9200838804244995,24,1,0,24,0.0
AttUNet_checkpoint-70,otherscanners,ses-01,anat,sub-chuv021_ses-01_acq-haste_run-7_echo-2_T2w,0.9547098875045776,0.9133444428443909,23,1,0,23,0.0
AttUNet_checkpoint-70,otherscanners,ses-01,anat,sub-chuv021_ses-01_acq-haste_run-7_echo-3_T2w,0.9529132843017578,0.9100614190101624,24,2,1,23,0.043478260869565216
AttUNet_checkpoint-70,otherscanners,ses-01,anat,sub-chuv021_ses-01_acq-haste_run-7_echo-4_T2w,0.9487007260322571,0.9024078845977783,25,2,2,23,0.08695652173913043
AttUNet_checkpoint-70,otherscanners,ses-01,anat,sub-chuv021_ses-01_acq-haste_run-7_echo-5_T2w,0.9094845056533813,0.83399498462677,28,3,4,22,0.18181818181818182
AttUNet_checkpoint-70,otherscanners,ses-01,anat,sub-chuv021_ses-01_acq-haste_run-7_echo-6_T2w,0.8103184700012207,0.6811221241950989,29,6,5,20,0.25
AttUNet_checkpoint-70,otherscanners,ses-01,anat,sub-chuv024_ses-01_acq-haste_run-1_echo-1_T2w,0.9724501371383667,0.9463775753974915,28,1,0,28,0.0
AttUNet_checkpoint-70,otherscanners,ses-01,anat,sub-chuv024_ses-01_acq-haste_run-1_echo-2_T2w,0.9714880585670471,0.9445568919181824,28,1,0,28,0.0
AttUNet_checkpoint-70,otherscanners,ses-01,anat,sub-chuv024_ses-01_acq-haste_run-1_echo-3_T2w,0.9707948565483093,0.9432471394538879,28,1,0,28,0.0
AttUNet_checkpoint-70,otherscanners,ses-01,anat,sub-chuv024_ses-01_acq-haste_run-1_echo-4_T2w,0.9692102074623108,0.9402597546577454,28,1,0,28,0.0
AttUNet_checkpoint-70,otherscanners,ses-01,anat,sub-chuv024_ses-01_acq-haste_run-1_echo-5_T2w,0.9672581553459167,0.9365924000740051,28,1,0,28,0.0
AttUNet_checkpoint-70,otherscanners,ses-01,anat,sub-chuv024_ses-01_acq-haste_run-1_echo-6_T2w,0.964215874671936,0.9309042692184448,28,1,0,28,0.0
AttUNet_checkpoint-70,otherscanners,ses-01,anat,sub-chuv024_ses-01_acq-haste_run-2_echo-1_T2w,0.9719693064689636,0.9454671740531921,22,1,0,22,0.0
AttUNet_checkpoint-70,otherscanners,ses-01,anat,sub-chuv024_ses-01_acq-haste_run-2_echo-2_T2w,0.9708985090255737,0.9434428811073303,22,1,0,22,0.0
AttUNet_checkpoint-70,otherscanners,ses-01,anat,sub-chuv024_ses-01_acq-haste_run-2_echo-3_T2w,0.9696469902992249,0.9410823583602905,23,2,1,22,0.045454545454545456
AttUNet_checkpoint-70,otherscanners,ses-01,anat,sub-chuv024_ses-01_acq-haste_run-2_echo-4_T2w,0.9662355184555054,0.9346766471862793,22,1,0,22,0.0
AttUNet_checkpoint-70,otherscanners,ses-01,anat,sub-chuv024_ses-01_acq-haste_run-2_echo-5_T2w,0.9639504551887512,0.9304096698760986,22,1,0,22,0.0
AttUNet_checkpoint-70,otherscanners,ses-01,anat,sub-chuv024_ses-01_acq-haste_run-2_echo-6_T2w,0.9616872668266296,0.9262019395828247,22,1,0,22,0.0
AttUNet_checkpoint-70,otherscanners,ses-01,anat,sub-chuv024_ses-01_acq-haste_run-3_echo-1_T2w,0.8316614627838135,0.711832582950592,17,10,1,8,0.125
AttUNet_checkpoint-70,otherscanners,ses-01,anat,sub-chuv024_ses-01_acq-haste_run-3_echo-2_T2w,0.8277040123939514,0.7060537338256836,9,2,1,8,0.125
AttUNet_checkpoint-70,otherscanners,ses-01,anat,sub-chuv024_ses-01_acq-haste_run-3_echo-3_T2w,0.818149209022522,0.6922609806060791,8,2,1,7,0.14285714285714285
AttUNet_checkpoint-70,otherscanners,ses-01,anat,sub-chuv024_ses-01_acq-haste_run-3_echo-4_T2w,0.7846055030822754,0.6455562710762024,11,5,1,7,0.14285714285714285
AttUNet_checkpoint-70,otherscanners,ses-01,anat,sub-chuv024_ses-01_acq-haste_run-3_echo-5_T2w,0.754050076007843,0.6052009463310242,15,8,2,7,0.2857142857142857
AttUNet_checkpoint-70,otherscanners,ses-01,anat,sub-chuv024_ses-01_acq-haste_run-3_echo-6_T2w,0.7568544149398804,0.6088220477104187,7,2,1,6,0.16666666666666666
AttUNet_checkpoint-70,otherscanners,ses-01,anat,sub-chuv024_ses-01_acq-haste_run-4_echo-1_T2w,0.874836802482605,0.777519941329956,23,3,2,20,0.1
AttUNet_checkpoint-70,otherscanners,ses-01,anat,sub-chuv024_ses-01_acq-haste_run-4_echo-2_T2w,0.8725547194480896,0.7739220261573792,22,3,1,20,0.05
AttUNet_checkpoint-70,otherscanners,ses-01,anat,sub-chuv024_ses-01_acq-haste_run-4_echo-3_T2w,0.8713511228561401,0.7720303535461426,23,3,2,20,0.1
AttUNet_checkpoint-70,otherscanners,ses-01,anat,sub-chuv024_ses-01_acq-haste_run-4_echo-4_T2w,0.8573152422904968,0.7502639889717102,24,4,1,21,0.047619047619047616
AttUNet_checkpoint-70,otherscanners,ses-01,anat,sub-chuv024_ses-01_acq-haste_run-4_echo-5_T2w,0.8506778478622437,0.7401561737060547,30,6,3,21,0.14285714285714285
AttUNet_checkpoint-70,otherscanners,ses-01,anat,sub-chuv024_ses-01_acq-haste_run-4_echo-6_T2w,0.8387221693992615,0.7222408056259155,31,6,4,21,0.19047619047619047
AttUNet_checkpoint-70,otherscanners,ses-01,anat,sub-chuv024_ses-01_acq-haste_run-5_echo-1_T2w,0.9572331309318542,0.9179742336273193,32,7,4,19,0.21052631578947367
AttUNet_checkpoint-70,otherscanners,ses-01,anat,sub-chuv024_ses-01_acq-haste_run-5_echo-2_T2w,0.9573441743850708,0.9181784987449646,25,3,3,19,0.15789473684210525
AttUNet_checkpoint-70,otherscanners,ses-01,anat,sub-chuv024_ses-01_acq-haste_run-5_echo-3_T2w,0.9565026164054871,0.9166315197944641,28,5,5,19,0.2631578947368421
AttUNet_checkpoint-70,otherscanners,ses-01,anat,sub-chuv024_ses-01_acq-haste_run-5_echo-4_T2w,0.9554167985916138,0.9146392941474915,26,3,6,19,0.3157894736842105
AttUNet_checkpoint-70,otherscanners,ses-01,anat,sub-chuv024_ses-01_acq-haste_run-5_echo-5_T2w,0.9521693587303162,0.9087054133415222,30,3,7,19,0.3684210526315789
AttUNet_checkpoint-70,otherscanners,ses-01,anat,sub-chuv024_ses-01_acq-haste_run-5_echo-6_T2w,0.9477105736732483,0.9006178379058838,36,5,10,19,0.5263157894736842
AttUNet_checkpoint-70,otherscanners,ses-01,anat,sub-chuv024_ses-01_acq-haste_run-6_echo-1_T2w,0.8546583652496338,0.7462038397789001,13,2,1,12,0.08333333333333333
AttUNet_checkpoint-70,otherscanners,ses-01,anat,sub-chuv024_ses-01_acq-haste_run-6_echo-2_T2w,0.8531174063682556,0.7438576817512512,12,1,0,12,0.0
AttUNet_checkpoint-70,otherscanners,ses-01,anat,sub-chuv024_ses-01_acq-haste_run-6_echo-3_T2w,0.8514413833618164,0.7413129806518555,13,2,1,12,0.08333333333333333
AttUNet_checkpoint-70,otherscanners,ses-01,anat,sub-chuv024_ses-01_acq-haste_run-6_echo-4_T2w,0.8470165729522705,0.7346303462982178,14,2,2,12,0.16666666666666666
AttUNet_checkpoint-70,otherscanners,ses-01,anat,sub-chuv024_ses-01_acq-haste_run-6_echo-5_T2w,0.8361385464668274,0.7184175848960876,24,6,4,13,0.3076923076923077
AttUNet_checkpoint-70,otherscanners,ses-01,anat,sub-chuv024_ses-01_acq-haste_run-6_echo-6_T2w,0.8257617354393005,0.7032318115234375,31,9,5,13,0.38461538461538464
AttUNet_checkpoint-70,otherscanners,ses-01,anat,sub-chuv024_ses-01_acq-haste_run-7_echo-1_T2w,0.7794575095176697,0.6386156678199768,24,3,4,19,0.21052631578947367
AttUNet_checkpoint-70,otherscanners,ses-01,anat,sub-chuv024_ses-01_acq-haste_run-7_echo-2_T2w,0.7799651622772217,0.6392974853515625,22,2,3,19,0.15789473684210525
AttUNet_checkpoint-70,otherscanners,ses-01,anat,sub-chuv024_ses-01_acq-haste_run-7_echo-3_T2w,0.7795882225036621,0.6387911438941956,22,2,3,19,0.15789473684210525
AttUNet_checkpoint-70,otherscanners,ses-01,anat,sub-chuv024_ses-01_acq-haste_run-7_echo-4_T2w,0.7773670554161072,0.6358138918876648,27,5,5,19,0.2631578947368421
AttUNet_checkpoint-70,otherscanners,ses-01,anat,sub-chuv024_ses-01_acq-haste_run-7_echo-5_T2w,0.7793705463409424,0.6384989023208618,28,4,6,19,0.3157894736842105
AttUNet_checkpoint-70,otherscanners,ses-01,anat,sub-chuv024_ses-01_acq-haste_run-7_echo-6_T2w,0.7697649598121643,0.6257055997848511,29,4,5,19,0.2631578947368421
AttUNet_checkpoint-70,otherscanners,ses-01,anat,sub-chuv024_ses-01_acq-haste_run-8_echo-1_T2w,0.818166196346283,0.6922853589057922,14,3,1,12,0.08333333333333333
AttUNet_checkpoint-70,otherscanners,ses-01,anat,sub-chuv024_ses-01_acq-haste_run-8_echo-2_T2w,0.8206058740615845,0.6957859992980957,13,1,0,13,0.0
AttUNet_checkpoint-70,otherscanners,ses-01,anat,sub-chuv024_ses-01_acq-haste_run-8_echo-3_T2w,0.8207186460494995,0.6959481239318848,16,2,3,13,0.23076923076923078
AttUNet_checkpoint-70,otherscanners,ses-01,anat,sub-chuv024_ses-01_acq-haste_run-8_echo-4_T2w,0.8121694922447205,0.6837419271469116,15,2,2,13,0.15384615384615385
AttUNet_checkpoint-70,otherscanners,ses-01,anat,sub-chuv024_ses-01_acq-haste_run-8_echo-5_T2w,0.8151259422302246,0.6879431009292603,20,6,3,13,0.23076923076923078
AttUNet_checkpoint-70,otherscanners,ses-01,anat,sub-chuv024_ses-01_acq-haste_run-8_echo-6_T2w,0.8179242610931396,0.6919389963150024,18,4,3,13,0.23076923076923078
AttUNet_checkpoint-70,otherscanners,ses-01,anat,sub-chuv024_ses-01_acq-haste_run-9_echo-1_T2w,0.8426795601844788,0.7281299233436584,19,1,0,19,0.0
AttUNet_checkpoint-70,otherscanners,ses-01,anat,sub-chuv024_ses-01_acq-haste_run-9_echo-2_T2w,0.8406813740730286,0.7251512408256531,19,1,0,19,0.0
AttUNet_checkpoint-70,otherscanners,ses-01,anat,sub-chuv024_ses-01_acq-haste_run-9_echo-3_T2w,0.8377396464347839,0.7207847833633423,21,2,2,19,0.10526315789473684
AttUNet_checkpoint-70,otherscanners,ses-01,anat,sub-chuv024_ses-01_acq-haste_run-9_echo-4_T2w,0.8197728395462036,0.6945890188217163,25,4,3,20,0.15
AttUNet_checkpoint-70,otherscanners,ses-01,anat,sub-chuv024_ses-01_acq-haste_run-9_echo-5_T2w,0.8013449907302856,0.6685368418693542,23,3,3,19,0.15789473684210525
AttUNet_checkpoint-70,otherscanners,ses-01,anat,sub-chuv024_ses-01_acq-haste_run-9_echo-6_T2w,0.7848877906799316,0.645938515663147,24,3,4,19,0.21052631578947367
AttUNet_checkpoint-70,otherscanners,ses-01,anat,sub-chuv038_ses-01_acq-haste_run-2_echo-1_T2w,0.9763186573982239,0.9537330269813538,29,2,4,25,0.16
AttUNet_checkpoint-70,otherscanners,ses-01,anat,sub-chuv038_ses-01_acq-haste_run-2_echo-2_T2w,0.9756350517272949,0.9524292349815369,29,2,4,25,0.16
AttUNet_checkpoint-70,otherscanners,ses-01,anat,sub-chuv038_ses-01_acq-haste_run-2_echo-3_T2w,0.9747816920280457,0.9508039951324463,30,2,5,25,0.2
AttUNet_checkpoint-70,otherscanners,ses-01,anat,sub-chuv038_ses-01_acq-haste_run-2_echo-4_T2w,0.9724260568618774,0.9463319182395935,29,3,4,24,0.16666666666666666
AttUNet_checkpoint-70,otherscanners,ses-01,anat,sub-chuv038_ses-01_acq-haste_run-2_echo-5_T2w,0.9709396362304688,0.9435205459594727,27,2,3,24,0.125
AttUNet_checkpoint-70,otherscanners,ses-01,anat,sub-chuv038_ses-01_acq-haste_run-2_echo-6_T2w,0.9674490690231323,0.9369505047798157,28,2,4,24,0.16666666666666666
AttUNet_checkpoint-70,otherscanners,ses-01,anat,sub-chuv038_ses-01_acq-haste_run-3_echo-1_T2w,0.9581149220466614,0.9195975661277771,25,2,1,24,0.041666666666666664
AttUNet_checkpoint-70,otherscanners,ses-01,anat,sub-chuv038_ses-01_acq-haste_run-3_echo-2_T2w,0.9526312947273254,0.9095472693443298,24,1,0,24,0.0
AttUNet_checkpoint-70,otherscanners,ses-01,anat,sub-chuv038_ses-01_acq-haste_run-3_echo-3_T2w,0.9505894780158997,0.9058318138122559,24,1,0,24,0.0
AttUNet_checkpoint-70,otherscanners,ses-01,anat,sub-chuv038_ses-01_acq-haste_run-3_echo-4_T2w,0.9410658478736877,0.8886916041374207,28,5,2,23,0.08695652173913043
AttUNet_checkpoint-70,otherscanners,ses-01,anat,sub-chuv038_ses-01_acq-haste_run-3_echo-5_T2w,0.9258154034614563,0.8618773818016052,29,3,4,23,0.17391304347826086
AttUNet_checkpoint-70,otherscanners,ses-01,anat,sub-chuv038_ses-01_acq-haste_run-3_echo-6_T2w,0.8957676887512207,0.8112130165100098,30,5,5,22,0.22727272727272727
AttUNet_checkpoint-70,otherscanners,ses-01,anat,sub-chuv038_ses-01_acq-haste_run-4_echo-1_T2w,0.7311262488365173,0.5762009620666504,27,4,2,23,0.08695652173913043
AttUNet_checkpoint-70,otherscanners,ses-01,anat,sub-chuv038_ses-01_acq-haste_run-4_echo-2_T2w,0.7292958498001099,0.5739304423332214,29,6,2,23,0.08695652173913043
AttUNet_checkpoint-70,otherscanners,ses-01,anat,sub-chuv038_ses-01_acq-haste_run-4_echo-3_T2w,0.7331417798995972,0.5787086486816406,36,12,2,23,0.08695652173913043
AttUNet_checkpoint-70,otherscanners,ses-01,anat,sub-chuv038_ses-01_acq-haste_run-4_echo-4_T2w,0.7333663702011108,0.5789886116981506,25,3,1,23,0.043478260869565216
AttUNet_checkpoint-70,otherscanners,ses-01,anat,sub-chuv038_ses-01_acq-haste_run-4_echo-5_T2w,0.7161704897880554,0.5578392148017883,31,7,4,22,0.18181818181818182
AttUNet_checkpoint-70,otherscanners,ses-01,anat,sub-chuv038_ses-01_acq-haste_run-4_echo-6_T2w,0.6948758959770203,0.532421350479126,28,5,3,22,0.13636363636363635
AttUNet_checkpoint-70,otherscanners,ses-01,anat,sub-chuv038_ses-01_acq-haste_run-5_echo-1_T2w,0.9604611992835999,0.9239301681518555,36,4,2,32,0.0625
AttUNet_checkpoint-70,otherscanners,ses-01,anat,sub-chuv038_ses-01_acq-haste_run-5_echo-2_T2w,0.9570932984352112,0.9177170395851135,36,3,3,32,0.09375
AttUNet_checkpoint-70,otherscanners,ses-01,anat,sub-chuv038_ses-01_acq-haste_run-5_echo-3_T2w,0.9521027207374573,0.9085840582847595,36,3,4,31,0.12903225806451613
AttUNet_checkpoint-70,otherscanners,ses-01,anat,sub-chuv038_ses-01_acq-haste_run-5_echo-4_T2w,0.938673198223114,0.8844336867332458,45,8,5,32,0.15625
AttUNet_checkpoint-70,otherscanners,ses-01,anat,sub-chuv038_ses-01_acq-haste_run-5_echo-5_T2w,0.9262643456459045,0.8626558780670166,42,5,6,30,0.2
AttUNet_checkpoint-70,otherscanners,ses-01,anat,sub-chuv038_ses-01_acq-haste_run-5_echo-6_T2w,0.918589174747467,0.8494359254837036,35,3,4,30,0.13333333333333333
AttUNet_checkpoint-70,otherscanners,ses-01,anat,sub-chuv038_ses-01_acq-haste_run-6_echo-1_T2w,0.9679479598999023,0.9378867745399475,24,2,1,23,0.043478260869565216
AttUNet_checkpoint-70,otherscanners,ses-01,anat,sub-chuv038_ses-01_acq-haste_run-6_echo-2_T2w,0.9657638072967529,0.9337942004203796,23,1,0,23,0.0
AttUNet_checkpoint-70,otherscanners,ses-01,anat,sub-chuv038_ses-01_acq-haste_run-6_echo-3_T2w,0.9640859365463257,0.9306620955467224,23,1,0,23,0.0
AttUNet_checkpoint-70,otherscanners,ses-01,anat,sub-chuv038_ses-01_acq-haste_run-6_echo-4_T2w,0.9596714377403259,0.9224695563316345,23,1,0,23,0.0
AttUNet_checkpoint-70,otherscanners,ses-01,anat,sub-chuv038_ses-01_acq-haste_run-6_echo-5_T2w,0.9489278793334961,0.9028189778327942,25,3,1,23,0.043478260869565216
AttUNet_checkpoint-70,otherscanners,ses-01,anat,sub-chuv038_ses-01_acq-haste_run-6_echo-6_T2w,0.9255966544151306,0.861498236656189,41,8,7,23,0.30434782608695654
AttUNet_checkpoint-70,otherscanners,ses-01,anat,sub-chuv038_ses-01_acq-haste_run-7_echo-1_T2w,0.9731925129890442,0.9477847814559937,32,2,3,29,0.10344827586206896
AttUNet_checkpoint-70,otherscanners,ses-01,anat,sub-chuv038_ses-01_acq-haste_run-7_echo-2_T2w,0.9724717736244202,0.9464185833930969,32,2,3,29,0.10344827586206896
AttUNet_checkpoint-70,otherscanners,ses-01,anat,sub-chuv038_ses-01_acq-haste_run-7_echo-3_T2w,0.9708260893821716,0.9433061480522156,32,2,3,29,0.10344827586206896
AttUNet_checkpoint-70,otherscanners,ses-01,anat,sub-chuv038_ses-01_acq-haste_run-7_echo-4_T2w,0.9672908782958984,0.9366537928581238,30,2,2,28,0.07142857142857142
AttUNet_checkpoint-70,otherscanners,ses-01,anat,sub-chuv038_ses-01_acq-haste_run-7_echo-5_T2w,0.9579516649246216,0.9192968010902405,29,2,1,28,0.03571428571428571
AttUNet_checkpoint-70,otherscanners,ses-01,anat,sub-chuv038_ses-01_acq-haste_run-7_echo-6_T2w,0.9437612891197205,0.8935113549232483,33,3,4,28,0.14285714285714285
AttUNet_checkpoint-70,otherscanners,ses-01,anat,sub-chuv038_ses-01_acq-haste_run-8_echo-1_T2w,0.9633538722991943,0.9292986989021301,31,3,3,27,0.1111111111111111
AttUNet_checkpoint-70,otherscanners,ses-01,anat,sub-chuv038_ses-01_acq-haste_run-8_echo-2_T2w,0.9623271226882935,0.9273896217346191,26,1,0,26,0.0
AttUNet_checkpoint-70,otherscanners,ses-01,anat,sub-chuv038_ses-01_acq-haste_run-8_echo-3_T2w,0.9612690806388855,0.9254264831542969,26,1,0,26,0.0
AttUNet_checkpoint-70,otherscanners,ses-01,anat,sub-chuv038_ses-01_acq-haste_run-8_echo-4_T2w,0.957358181476593,0.9182042479515076,26,1,0,26,0.0
AttUNet_checkpoint-70,otherscanners,ses-01,anat,sub-chuv038_ses-01_acq-haste_run-8_echo-5_T2w,0.9484584331512451,0.9019695520401001,26,1,0,26,0.0
AttUNet_checkpoint-70,otherscanners,ses-01,anat,sub-chuv038_ses-01_acq-haste_run-8_echo-6_T2w,0.9302161931991577,0.8695365786552429,30,3,3,26,0.11538461538461539
AttUNet_checkpoint-70,otherscanners,ses-01,anat,sub-chuv043_ses-01_acq-haste_run-1_echo-1_T2w,0.9648476243019104,0.9320827126502991,27,2,3,24,0.125
AttUNet_checkpoint-70,otherscanners,ses-01,anat,sub-chuv043_ses-01_acq-haste_run-1_echo-2_T2w,0.962636411190033,0.9279643893241882,28,2,3,25,0.12
AttUNet_checkpoint-70,otherscanners,ses-01,anat,sub-chuv043_ses-01_acq-haste_run-1_echo-3_T2w,0.9605456590652466,0.9240863919258118,30,2,4,26,0.15384615384615385
AttUNet_checkpoint-70,otherscanners,ses-01,anat,sub-chuv043_ses-01_acq-haste_run-1_echo-4_T2w,0.9555013179779053,0.9147941470146179,32,3,4,26,0.15384615384615385
AttUNet_checkpoint-70,otherscanners,ses-01,anat,sub-chuv043_ses-01_acq-haste_run-1_echo-5_T2w,0.9538806080818176,0.9118276238441467,32,3,4,26,0.15384615384615385
AttUNet_checkpoint-70,otherscanners,ses-01,anat,sub-chuv043_ses-01_acq-haste_run-1_echo-6_T2w,0.9541100263595581,0.9122470617294312,37,7,4,25,0.16
AttUNet_checkpoint-70,otherscanners,ses-01,anat,sub-chuv043_ses-01_acq-haste_run-2_echo-1_T2w,0.9688641428947449,0.939608633518219,32,2,1,31,0.03225806451612903
AttUNet_checkpoint-70,otherscanners,ses-01,anat,sub-chuv043_ses-01_acq-haste_run-2_echo-2_T2w,0.9682720303535461,0.9384954571723938,32,2,1,31,0.03225806451612903
AttUNet_checkpoint-70,otherscanners,ses-01,anat,sub-chuv043_ses-01_acq-haste_run-2_echo-3_T2w,0.9677428007125854,0.9375016689300537,32,2,1,31,0.03225806451612903
AttUNet_checkpoint-70,otherscanners,ses-01,anat,sub-chuv043_ses-01_acq-haste_run-2_echo-4_T2w,0.966740071773529,0.9356213808059692,32,2,1,31,0.03225806451612903
AttUNet_checkpoint-70,otherscanners,ses-01,anat,sub-chuv043_ses-01_acq-haste_run-2_echo-5_T2w,0.9659894704818726,0.9342162609100342,33,2,2,31,0.06451612903225806
AttUNet_checkpoint-70,otherscanners,ses-01,anat,sub-chuv043_ses-01_acq-haste_run-2_echo-6_T2w,0.9653328061103821,0.9329886436462402,31,1,0,31,0.0
AttUNet_checkpoint-70,otherscanners,ses-01,anat,sub-chuv043_ses-01_acq-haste_run-3_echo-1_T2w,0.9751991629600525,0.9515986442565918,26,1,0,26,0.0
AttUNet_checkpoint-70,otherscanners,ses-01,anat,sub-chuv043_ses-01_acq-haste_run-3_echo-2_T2w,0.9734072685241699,0.9481922388076782,26,1,0,26,0.0
AttUNet_checkpoint-70,otherscanners,ses-01,anat,sub-chuv043_ses-01_acq-haste_run-3_echo-3_T2w,0.9719831347465515,0.9454933404922485,26,1,0,26,0.0
AttUNet_checkpoint-70,otherscanners,ses-01,anat,sub-chuv043_ses-01_acq-haste_run-3_echo-4_T2w,0.9685385227203369,0.9389962553977966,26,1,0,26,0.0
AttUNet_checkpoint-70,otherscanners,ses-01,anat,sub-chuv043_ses-01_acq-haste_run-3_echo-5_T2w,0.9641656279563904,0.9308105707168579,26,1,0,26,0.0
AttUNet_checkpoint-70,otherscanners,ses-01,anat,sub-chuv043_ses-01_acq-haste_run-3_echo-6_T2w,0.959522545337677,0.9221944212913513,27,2,1,26,0.038461538461538464
AttUNet_checkpoint-70,otherscanners,ses-01,anat,sub-chuv043_ses-01_acq-haste_run-4_echo-1_T2w,0.9734693169593811,0.9483100175857544,27,3,3,23,0.13043478260869565
AttUNet_checkpoint-70,otherscanners,ses-01,anat,sub-chuv043_ses-01_acq-haste_run-4_echo-2_T2w,0.9713691473007202,0.9443321824073792,26,2,3,23,0.13043478260869565
AttUNet_checkpoint-70,otherscanners,ses-01,anat,sub-chuv043_ses-01_acq-haste_run-4_echo-3_T2w,0.9702273607254028,0.9421762228012085,27,3,3,23,0.13043478260869565
AttUNet_checkpoint-70,otherscanners,ses-01,anat,sub-chuv043_ses-01_acq-haste_run-4_echo-4_T2w,0.9685799479484558,0.9390741586685181,27,2,3,24,0.125
AttUNet_checkpoint-70,otherscanners,ses-01,anat,sub-chuv043_ses-01_acq-haste_run-4_echo-5_T2w,0.9668495059013367,0.9358264207839966,27,2,3,24,0.125
AttUNet_checkpoint-70,otherscanners,ses-01,anat,sub-chuv043_ses-01_acq-haste_run-4_echo-6_T2w,0.964850902557373,0.9320887923240662,27,2,4,23,0.17391304347826086
AttUNet_checkpoint-70,otherscanners,ses-01,anat,sub-chuv043_ses-01_acq-haste_run-6_echo-1_T2w,0.9732053875923157,0.9478092193603516,25,1,0,25,0.0
AttUNet_checkpoint-70,otherscanners,ses-01,anat,sub-chuv043_ses-01_acq-haste_run-6_echo-2_T2w,0.9711630940437317,0.943942666053772,25,1,0,25,0.0
AttUNet_checkpoint-70,otherscanners,ses-01,anat,sub-chuv043_ses-01_acq-haste_run-6_echo-3_T2w,0.9696822166442871,0.9411486983299255,26,2,1,25,0.04
AttUNet_checkpoint-70,otherscanners,ses-01,anat,sub-chuv043_ses-01_acq-haste_run-6_echo-4_T2w,0.9662889242172241,0.9347766041755676,28,3,2,25,0.08
AttUNet_checkpoint-70,otherscanners,ses-01,anat,sub-chuv043_ses-01_acq-haste_run-6_echo-5_T2w,0.9617347717285156,0.9262900948524475,27,3,1,25,0.04
AttUNet_checkpoint-70,otherscanners,ses-01,anat,sub-chuv043_ses-01_acq-haste_run-6_echo-6_T2w,0.9562729001045227,0.9162096977233887,26,2,1,25,0.04
AttUNet_checkpoint-70,otherscanners,ses-01,anat,sub-chuv043_ses-01_acq-haste_run-7_echo-1_T2w,0.9735502004623413,0.9484635591506958,30,3,4,24,0.16666666666666666
AttUNet_checkpoint-70,otherscanners,ses-01,anat,sub-chuv043_ses-01_acq-haste_run-7_echo-2_T2w,0.971855640411377,0.9452521204948425,29,3,4,24,0.16666666666666666
AttUNet_checkpoint-70,otherscanners,ses-01,anat,sub-chuv043_ses-01_acq-haste_run-7_echo-3_T2w,0.970672070980072,0.943015456199646,28,2,4,24,0.16666666666666666
AttUNet_checkpoint-70,otherscanners,ses-01,anat,sub-chuv043_ses-01_acq-haste_run-7_echo-4_T2w,0.9686067700386047,0.939124584197998,27,2,3,24,0.125
AttUNet_checkpoint-70,otherscanners,ses-01,anat,sub-chuv043_ses-01_acq-haste_run-7_echo-5_T2w,0.9668682813644409,0.9358615875244141,27,2,3,24,0.125
AttUNet_checkpoint-70,otherscanners,ses-01,anat,sub-chuv043_ses-01_acq-haste_run-7_echo-6_T2w,0.9641335010528564,0.9307507872581482,29,3,3,24,0.125
AttUNet_checkpoint-70,otherscanners,ses-01,anat,sub-chuv043_ses-01_acq-haste_run-8_echo-1_T2w,0.9684132933616638,0.9387609362602234,32,2,2,30,0.06666666666666667
AttUNet_checkpoint-70,otherscanners,ses-01,anat,sub-chuv043_ses-01_acq-haste_run-8_echo-2_T2w,0.9671103358268738,0.9363152384757996,34,3,3,30,0.1
AttUNet_checkpoint-70,otherscanners,ses-01,anat,sub-chuv043_ses-01_acq-haste_run-8_echo-3_T2w,0.9663914442062378,0.9349684715270996,32,2,2,30,0.06666666666666667
AttUNet_checkpoint-70,otherscanners,ses-01,anat,sub-chuv043_ses-01_acq-haste_run-8_echo-4_T2w,0.9654511213302612,0.9332097768783569,31,2,1,30,0.03333333333333333
AttUNet_checkpoint-70,otherscanners,ses-01,anat,sub-chuv043_ses-01_acq-haste_run-8_echo-5_T2w,0.9647160172462463,0.9318371415138245,30,1,0,30,0.0
AttUNet_checkpoint-70,otherscanners,ses-01,anat,sub-chuv043_ses-01_acq-haste_run-8_echo-6_T2w,0.9639775156974792,0.9304599761962891,30,1,0,30,0.0
AttUNet_checkpoint-70,otherscanners,ses-01,anat,sub-chuv050_ses-01_acq-haste_run-1_echo-1_T2w,0.9628912806510925,0.9284381866455078,23,1,0,23,0.0
AttUNet_checkpoint-70,otherscanners,ses-01,anat,sub-chuv050_ses-01_acq-haste_run-1_echo-2_T2w,0.9621397256851196,0.9270416498184204,24,2,1,23,0.043478260869565216
AttUNet_checkpoint-70,otherscanners,ses-01,anat,sub-chuv050_ses-01_acq-haste_run-1_echo-3_T2w,0.961861252784729,0.926524817943573,25,3,1,23,0.043478260869565216
AttUNet_checkpoint-70,otherscanners,ses-01,anat,sub-chuv050_ses-01_acq-haste_run-1_echo-4_T2w,0.9609401226043701,0.924816906452179,26,4,1,23,0.043478260869565216
AttUNet_checkpoint-70,otherscanners,ses-01,anat,sub-chuv050_ses-01_acq-haste_run-1_echo-5_T2w,0.9598367810249329,0.922775149345398,26,4,1,23,0.043478260869565216
AttUNet_checkpoint-70,otherscanners,ses-01,anat,sub-chuv050_ses-01_acq-haste_run-1_echo-6_T2w,0.9585637450218201,0.92042475938797,26,4,1,23,0.043478260869565216
AttUNet_checkpoint-70,otherscanners,ses-01,anat,sub-chuv050_ses-01_acq-haste_run-2_echo-1_T2w,0.974848747253418,0.9509316086769104,22,1,0,22,0.0
AttUNet_checkpoint-70,otherscanners,ses-01,anat,sub-chuv050_ses-01_acq-haste_run-2_echo-2_T2w,0.9739840626716614,0.949287474155426,22,1,0,22,0.0
AttUNet_checkpoint-70,otherscanners,ses-01,anat,sub-chuv050_ses-01_acq-haste_run-2_echo-3_T2w,0.9731807708740234,0.9477624893188477,22,1,0,22,0.0
AttUNet_checkpoint-70,otherscanners,ses-01,anat,sub-chuv050_ses-01_acq-haste_run-2_echo-4_T2w,0.9712622761726379,0.9441301226615906,22,1,0,22,0.0
AttUNet_checkpoint-70,otherscanners,ses-01,anat,sub-chuv050_ses-01_acq-haste_run-2_echo-5_T2w,0.9685570597648621,0.9390311241149902,23,2,1,22,0.045454545454545456
AttUNet_checkpoint-70,otherscanners,ses-01,anat,sub-chuv050_ses-01_acq-haste_run-2_echo-6_T2w,0.9661183953285217,0.9344574809074402,24,2,2,22,0.09090909090909091
AttUNet_checkpoint-70,otherscanners,ses-01,anat,sub-chuv050_ses-01_acq-haste_run-3_echo-1_T2w,0.977631688117981,0.9562421441078186,24,2,2,22,0.09090909090909091
AttUNet_checkpoint-70,otherscanners,ses-01,anat,sub-chuv050_ses-01_acq-haste_run-3_echo-2_T2w,0.9775667786598206,0.9561179876327515,25,2,3,22,0.13636363636363635
AttUNet_checkpoint-70,otherscanners,ses-01,anat,sub-chuv050_ses-01_acq-haste_run-3_echo-3_T2w,0.9775506854057312,0.9560872316360474,26,2,4,22,0.18181818181818182
AttUNet_checkpoint-70,otherscanners,ses-01,anat,sub-chuv050_ses-01_acq-haste_run-3_echo-4_T2w,0.9770418405532837,0.9551141262054443,25,2,3,22,0.13636363636363635
AttUNet_checkpoint-70,otherscanners,ses-01,anat,sub-chuv050_ses-01_acq-haste_run-3_echo-5_T2w,0.9758124351501465,0.9527673125267029,24,2,2,22,0.09090909090909091
AttUNet_checkpoint-70,otherscanners,ses-01,anat,sub-chuv050_ses-01_acq-haste_run-3_echo-6_T2w,0.9747816920280457,0.9508039951324463,25,2,3,22,0.13636363636363635
AttUNet_checkpoint-70,otherscanners,ses-01,anat,sub-chuv050_ses-01_acq-haste_run-4_echo-1_T2w,0.9507445693016052,0.9061135649681091,3,1,0,3,0.0
AttUNet_checkpoint-70,otherscanners,ses-01,anat,sub-chuv050_ses-01_acq-haste_run-4_echo-2_T2w,0.9562245607376099,0.9161210060119629,5,3,1,3,0.3333333333333333
AttUNet_checkpoint-70,otherscanners,ses-01,anat,sub-chuv050_ses-01_acq-haste_run-4_echo-3_T2w,0.9590314626693726,0.9212876558303833,5,3,1,3,0.3333333333333333
AttUNet_checkpoint-70,otherscanners,ses-01,anat,sub-chuv050_ses-01_acq-haste_run-4_echo-4_T2w,0.9623332023620605,0.9274009466171265,5,3,1,3,0.3333333333333333
AttUNet_checkpoint-70,otherscanners,ses-01,anat,sub-chuv050_ses-01_acq-haste_run-4_echo-5_T2w,0.9596378803253174,0.9224075675010681,5,3,1,3,0.3333333333333333
AttUNet_checkpoint-70,otherscanners,ses-01,anat,sub-chuv050_ses-01_acq-haste_run-4_echo-6_T2w,0.9437253475189209,0.8934468626976013,3,1,0,3,0.0
AttUNet_checkpoint-70,otherscanners,ses-01,anat,sub-chuv050_ses-01_acq-haste_run-5_echo-1_T2w,0.9784868359565735,0.9578798413276672,23,2,1,22,0.045454545454545456
AttUNet_checkpoint-70,otherscanners,ses-01,anat,sub-chuv050_ses-01_acq-haste_run-5_echo-2_T2w,0.977996289730072,0.9569399952888489,23,2,1,22,0.045454545454545456
AttUNet_checkpoint-70,otherscanners,ses-01,anat,sub-chuv050_ses-01_acq-haste_run-5_echo-3_T2w,0.9777390360832214,0.9564476013183594,24,2,2,22,0.09090909090909091
AttUNet_checkpoint-70,otherscanners,ses-01,anat,sub-chuv050_ses-01_acq-haste_run-5_echo-4_T2w,0.976872444152832,0.9547905325889587,25,2,3,22,0.13636363636363635
AttUNet_checkpoint-70,otherscanners,ses-01,anat,sub-chuv050_ses-01_acq-haste_run-5_echo-5_T2w,0.9747593402862549,0.9507614374160767,25,2,3,22,0.13636363636363635
AttUNet_checkpoint-70,otherscanners,ses-01,anat,sub-chuv050_ses-01_acq-haste_run-5_echo-6_T2w,0.9732117652893066,0.947821319103241,25,3,2,22,0.09090909090909091
AttUNet_checkpoint-70,otherscanners,ses-01,anat,sub-chuv050_ses-01_acq-haste_run-6_echo-1_T2w,0.96370530128479,0.9299529194831848,23,2,1,22,0.045454545454545456
AttUNet_checkpoint-70,otherscanners,ses-01,anat,sub-chuv050_ses-01_acq-haste_run-6_echo-2_T2w,0.9636182188987732,0.9297908544540405,23,2,1,22,0.045454545454545456
AttUNet_checkpoint-70,otherscanners,ses-01,anat,sub-chuv050_ses-01_acq-haste_run-6_echo-3_T2w,0.9635546207427979,0.929672360420227,23,2,1,22,0.045454545454545456
AttUNet_checkpoint-70,otherscanners,ses-01,anat,sub-chuv050_ses-01_acq-haste_run-6_echo-4_T2w,0.9624381065368652,0.9275957942008972,23,2,1,22,0.045454545454545456
AttUNet_checkpoint-70,otherscanners,ses-01,anat,sub-chuv050_ses-01_acq-haste_run-6_echo-5_T2w,0.9617980122566223,0.9264073967933655,23,2,1,22,0.045454545454545456
AttUNet_checkpoint-70,otherscanners,ses-01,anat,sub-chuv050_ses-01_acq-haste_run-6_echo-6_T2w,0.9609788656234741,0.9248887300491333,24,3,1,22,0.045454545454545456
AttUNet_checkpoint-70,otherscanners,ses-01,anat,sub-chuv050_ses-01_acq-haste_run-7_echo-1_T2w,0.9749220609664917,0.9510710835456848,22,1,0,22,0.0
AttUNet_checkpoint-70,otherscanners,ses-01,anat,sub-chuv050_ses-01_acq-haste_run-7_echo-2_T2w,0.9743167757987976,0.9499198198318481,22,1,0,22,0.0
AttUNet_checkpoint-70,otherscanners,ses-01,anat,sub-chuv050_ses-01_acq-haste_run-7_echo-3_T2w,0.9738930463790894,0.9491145610809326,23,2,1,22,0.045454545454545456
AttUNet_checkpoint-70,otherscanners,ses-01,anat,sub-chuv050_ses-01_acq-haste_run-7_echo-4_T2w,0.9724838137626648,0.9464413523674011,24,2,2,22,0.09090909090909091
AttUNet_checkpoint-70,otherscanners,ses-01,anat,sub-chuv050_ses-01_acq-haste_run-7_echo-5_T2w,0.97001713514328,0.9417799115180969,25,3,2,22,0.09090909090909091
AttUNet_checkpoint-70,otherscanners,ses-01,anat,sub-chuv050_ses-01_acq-haste_run-7_echo-6_T2w,0.9682655334472656,0.9384832978248596,25,3,2,22,0.09090909090909091
AttUNet_checkpoint-70,otherscanners,ses-01,anat,sub-chuv050_ses-01_acq-haste_run-8_echo-1_T2w,0.9677409529685974,0.9374982118606567,24,1,0,24,0.0
AttUNet_checkpoint-70,otherscanners,ses-01,anat,sub-chuv050_ses-01_acq-haste_run-8_echo-2_T2w,0.9674304723739624,0.9369155764579773,24,1,0,24,0.0
AttUNet_checkpoint-70,otherscanners,ses-01,anat,sub-chuv050_ses-01_acq-haste_run-8_echo-3_T2w,0.9672931432723999,0.9366579651832581,24,1,0,24,0.0
AttUNet_checkpoint-70,otherscanners,ses-01,anat,sub-chuv050_ses-01_acq-haste_run-8_echo-4_T2w,0.9669263362884521,0.9359703660011292,24,1,0,24,0.0
AttUNet_checkpoint-70,otherscanners,ses-01,anat,sub-chuv050_ses-01_acq-haste_run-8_echo-5_T2w,0.9665266275405884,0.9352216124534607,24,1,0,24,0.0
AttUNet_checkpoint-70,otherscanners,ses-01,anat,sub-chuv050_ses-01_acq-haste_run-8_echo-6_T2w,0.9664531350135803,0.9350839853286743,24,1,0,24,0.0
AttUNet_checkpoint-70,otherscanners,ses-01,anat,sub-chuv068_ses-01_acq-haste_run-1_echo-1_T2w,0.9400379061698914,0.8868599534034729,15,1,0,15,0.0
AttUNet_checkpoint-70,otherscanners,ses-01,anat,sub-chuv068_ses-01_acq-haste_run-1_echo-2_T2w,0.9402377009391785,0.8872157335281372,15,1,0,15,0.0
AttUNet_checkpoint-70,otherscanners,ses-01,anat,sub-chuv068_ses-01_acq-haste_run-1_echo-3_T2w,0.9404995441436768,0.8876820802688599,16,2,1,15,0.06666666666666667
AttUNet_checkpoint-70,otherscanners,ses-01,anat,sub-chuv068_ses-01_acq-haste_run-1_echo-4_T2w,0.9410154819488525,0.8886017799377441,15,1,0,15,0.0
AttUNet_checkpoint-70,otherscanners,ses-01,anat,sub-chuv068_ses-01_acq-haste_run-1_echo-5_T2w,0.9402349591255188,0.8872107863426208,15,1,0,15,0.0
AttUNet_checkpoint-70,otherscanners,ses-01,anat,sub-chuv068_ses-01_acq-haste_run-1_echo-6_T2w,0.9378544092178345,0.8829810619354248,16,1,0,16,0.0
AttUNet_checkpoint-70,otherscanners,ses-01,anat,sub-chuv068_ses-01_acq-haste_run-2_echo-1_T2w,0.9517794847488403,0.9079955220222473,19,3,2,16,0.125
AttUNet_checkpoint-70,otherscanners,ses-01,anat,sub-chuv068_ses-01_acq-haste_run-2_echo-2_T2w,0.9513166546821594,0.9071534276008606,19,3,2,16,0.125
AttUNet_checkpoint-70,otherscanners,ses-01,anat,sub-chuv068_ses-01_acq-haste_run-2_echo-3_T2w,0.9511009454727173,0.9067612290382385,18,3,1,16,0.0625
AttUNet_checkpoint-70,otherscanners,ses-01,anat,sub-chuv068_ses-01_acq-haste_run-2_echo-4_T2w,0.9496219158172607,0.904076337814331,18,3,1,16,0.0625
AttUNet_checkpoint-70,otherscanners,ses-01,anat,sub-chuv068_ses-01_acq-haste_run-2_echo-5_T2w,0.9486397504806519,0.9022975564002991,17,2,1,16,0.0625
AttUNet_checkpoint-70,otherscanners,ses-01,anat,sub-chuv068_ses-01_acq-haste_run-2_echo-6_T2w,0.9477929472923279,0.9007665514945984,17,2,1,16,0.0625
AttUNet_checkpoint-70,otherscanners,ses-01,anat,sub-chuv068_ses-01_acq-haste_run-3_echo-1_T2w,0.9592981338500977,0.921779990196228,22,1,0,22,0.0
AttUNet_checkpoint-70,otherscanners,ses-01,anat,sub-chuv068_ses-01_acq-haste_run-3_echo-2_T2w,0.9593262076377869,0.9218318462371826,22,1,0,22,0.0
AttUNet_checkpoint-70,otherscanners,ses-01,anat,sub-chuv068_ses-01_acq-haste_run-3_echo-3_T2w,0.9594668745994568,0.9220916628837585,22,1,0,22,0.0
AttUNet_checkpoint-70,otherscanners,ses-01,anat,sub-chuv068_ses-01_acq-haste_run-3_echo-4_T2w,0.959436297416687,0.9220352172851562,22,1,0,22,0.0
AttUNet_checkpoint-70,otherscanners,ses-01,anat,sub-chuv068_ses-01_acq-haste_run-3_echo-5_T2w,0.9590373039245605,0.9212984442710876,22,1,0,22,0.0
AttUNet_checkpoint-70,otherscanners,ses-01,anat,sub-chuv068_ses-01_acq-haste_run-3_echo-6_T2w,0.9586367011070251,0.9205593466758728,22,1,0,22,0.0
AttUNet_checkpoint-70,otherscanners,ses-01,anat,sub-chuv068_ses-01_acq-haste_run-4_echo-1_T2w,0.9188921451568604,0.8499542474746704,16,2,1,15,0.06666666666666667
AttUNet_checkpoint-70,otherscanners,ses-01,anat,sub-chuv068_ses-01_acq-haste_run-4_echo-2_T2w,0.920548141002655,0.8527922034263611,15,1,0,15,0.0
AttUNet_checkpoint-70,otherscanners,ses-01,anat,sub-chuv068_ses-01_acq-haste_run-4_echo-3_T2w,0.9209239482879639,0.8534374833106995,15,1,0,15,0.0
AttUNet_checkpoint-70,otherscanners,ses-01,anat,sub-chuv068_ses-01_acq-haste_run-4_echo-4_T2w,0.9206981658935547,0.8530497550964355,20,3,2,17,0.11764705882352941
AttUNet_checkpoint-70,otherscanners,ses-01,anat,sub-chuv068_ses-01_acq-haste_run-4_echo-5_T2w,0.922118067741394,0.8554908037185669,24,4,3,17,0.17647058823529413
AttUNet_checkpoint-70,otherscanners,ses-01,anat,sub-chuv068_ses-01_acq-haste_run-4_echo-6_T2w,0.9217711687088013,0.8548938035964966,23,4,2,17,0.11764705882352941
AttUNet_checkpoint-70,otherscanners,ses-01,anat,sub-chuv068_ses-01_acq-haste_run-5_echo-1_T2w,0.9641048908233643,0.9306973814964294,20,1,0,20,0.0
AttUNet_checkpoint-70,otherscanners,ses-01,anat,sub-chuv068_ses-01_acq-haste_run-5_echo-2_T2w,0.9644994139671326,0.9314329624176025,20,1,0,20,0.0
AttUNet_checkpoint-70,otherscanners,ses-01,anat,sub-chuv068_ses-01_acq-haste_run-5_echo-3_T2w,0.964632511138916,0.9316812753677368,20,1,0,20,0.0
AttUNet_checkpoint-70,otherscanners,ses-01,anat,sub-chuv068_ses-01_acq-haste_run-5_echo-4_T2w,0.9650648832321167,0.9324883222579956,22,3,1,20,0.05
AttUNet_checkpoint-70,otherscanners,ses-01,anat,sub-chuv068_ses-01_acq-haste_run-5_echo-5_T2w,0.9643327593803406,0.9311221837997437,20,1,0,20,0.0
AttUNet_checkpoint-70,otherscanners,ses-01,anat,sub-chuv068_ses-01_acq-haste_run-5_echo-6_T2w,0.9639338850975037,0.9303787350654602,20,1,0,20,0.0
AttUNet_checkpoint-70,otherscanners,ses-01,anat,sub-chuv068_ses-01_acq-haste_run-6_echo-1_T2w,0.9583103656768799,0.91995769739151,22,1,0,22,0.0
AttUNet_checkpoint-70,otherscanners,ses-01,anat,sub-chuv068_ses-01_acq-haste_run-6_echo-2_T2w,0.9580024480819702,0.9193903803825378,22,1,0,22,0.0
AttUNet_checkpoint-70,otherscanners,ses-01,anat,sub-chuv068_ses-01_acq-haste_run-6_echo-3_T2w,0.9577552676200867,0.9189351201057434,22,1,0,22,0.0
AttUNet_checkpoint-70,otherscanners,ses-01,anat,sub-chuv068_ses-01_acq-haste_run-6_echo-4_T2w,0.9573538899421692,0.9181963801383972,22,1,0,22,0.0
AttUNet_checkpoint-70,otherscanners,ses-01,anat,sub-chuv068_ses-01_acq-haste_run-6_echo-5_T2w,0.957011878490448,0.9175673127174377,22,1,0,22,0.0
AttUNet_checkpoint-70,otherscanners,ses-01,anat,sub-chuv068_ses-01_acq-haste_run-6_echo-6_T2w,0.956590473651886,0.9167929291725159,22,1,0,22,0.0
AttUNet_checkpoint-70,otherscanners,ses-01,anat,sub-chuv068_ses-01_acq-haste_run-7_echo-1_T2w,0.8995007276535034,0.8173570036888123,23,7,1,17,0.058823529411764705
AttUNet_checkpoint-70,otherscanners,ses-01,anat,sub-chuv068_ses-01_acq-haste_run-7_echo-2_T2w,0.8987402319908142,0.8161019086837769,16,1,0,16,0.0
AttUNet_checkpoint-70,otherscanners,ses-01,anat,sub-chuv068_ses-01_acq-haste_run-7_echo-3_T2w,0.8983427286148071,0.815446674823761,16,1,0,16,0.0
AttUNet_checkpoint-70,otherscanners,ses-01,anat,sub-chuv068_ses-01_acq-haste_run-7_echo-4_T2w,0.8997193574905396,0.8177180886268616,18,2,1,17,0.058823529411764705
AttUNet_checkpoint-70,otherscanners,ses-01,anat,sub-chuv068_ses-01_acq-haste_run-7_echo-5_T2w,0.9021952152252197,0.8218175768852234,24,3,4,18,0.2222222222222222
AttUNet_checkpoint-70,otherscanners,ses-01,anat,sub-chuv068_ses-01_acq-haste_run-7_echo-6_T2w,0.9034326672554016,0.8238734602928162,22,3,3,18,0.16666666666666666
AttUNet_checkpoint-70,otherscanners,ses-01,anat,sub-chuv104_ses-01_acq-haste_run-1_echo-1_T2w,0.9703230261802673,0.9423567056655884,19,1,0,19,0.0
AttUNet_checkpoint-70,otherscanners,ses-01,anat,sub-chuv104_ses-01_acq-haste_run-1_echo-2_T2w,0.9686009287834167,0.9391136169433594,19,1,0,19,0.0
AttUNet_checkpoint-70,otherscanners,ses-01,anat,sub-chuv104_ses-01_acq-haste_run-1_echo-3_T2w,0.9672487378120422,0.9365746974945068,19,1,0,19,0.0
AttUNet_checkpoint-70,otherscanners,ses-01,anat,sub-chuv104_ses-01_acq-haste_run-1_echo-4_T2w,0.9646928906440735,0.9317939281463623,19,1,0,19,0.0
AttUNet_checkpoint-70,otherscanners,ses-01,anat,sub-chuv104_ses-01_acq-haste_run-1_echo-5_T2w,0.960996150970459,0.9249207377433777,20,2,1,19,0.05263157894736842
AttUNet_checkpoint-70,otherscanners,ses-01,anat,sub-chuv104_ses-01_acq-haste_run-1_echo-6_T2w,0.9568003416061401,0.9171785116195679,21,3,1,19,0.05263157894736842
AttUNet_checkpoint-70,otherscanners,ses-01,anat,sub-chuv104_ses-01_acq-haste_run-2_echo-1_T2w,0.9659706950187683,0.9341810941696167,19,1,0,19,0.0
AttUNet_checkpoint-70,otherscanners,ses-01,anat,sub-chuv104_ses-01_acq-haste_run-2_echo-2_T2w,0.9658425450325012,0.9339414834976196,19,1,0,19,0.0
AttUNet_checkpoint-70,otherscanners,ses-01,anat,sub-chuv104_ses-01_acq-haste_run-2_echo-3_T2w,0.9649383425712585,0.932252049446106,20,2,1,19,0.05263157894736842
AttUNet_checkpoint-70,otherscanners,ses-01,anat,sub-chuv104_ses-01_acq-haste_run-2_echo-4_T2w,0.9587538242340088,0.9207753539085388,19,1,0,19,0.0
AttUNet_checkpoint-70,otherscanners,ses-01,anat,sub-chuv104_ses-01_acq-haste_run-2_echo-5_T2w,0.9328279495239258,0.874112069606781,20,2,1,19,0.05263157894736842
AttUNet_checkpoint-70,otherscanners,ses-01,anat,sub-chuv104_ses-01_acq-haste_run-2_echo-6_T2w,0.9034379124641418,0.8238821625709534,26,5,4,19,0.21052631578947367
AttUNet_checkpoint-70,otherscanners,ses-01,anat,sub-chuv104_ses-01_acq-haste_run-3_echo-1_T2w,0.9652234315872192,0.932784378528595,23,2,1,22,0.045454545454545456
AttUNet_checkpoint-70,otherscanners,ses-01,anat,sub-chuv104_ses-01_acq-haste_run-3_echo-2_T2w,0.9671132564544678,0.9363207817077637,23,2,1,22,0.045454545454545456
AttUNet_checkpoint-70,otherscanners,ses-01,anat,sub-chuv104_ses-01_acq-haste_run-3_echo-3_T2w,0.9690281748771667,0.9399171471595764,22,2,1,21,0.047619047619047616
AttUNet_checkpoint-70,otherscanners,ses-01,anat,sub-chuv104_ses-01_acq-haste_run-3_echo-4_T2w,0.9636330604553223,0.9298184514045715,22,2,1,21,0.047619047619047616
AttUNet_checkpoint-70,otherscanners,ses-01,anat,sub-chuv104_ses-01_acq-haste_run-3_echo-5_T2w,0.9337031841278076,0.8756503462791443,27,3,5,21,0.23809523809523808
AttUNet_checkpoint-70,otherscanners,ses-01,anat,sub-chuv104_ses-01_acq-haste_run-3_echo-6_T2w,0.8691086769104004,0.7685165405273438,41,6,9,21,0.42857142857142855
AttUNet_checkpoint-70,otherscanners,ses-01,anat,sub-chuv104_ses-01_acq-haste_run-4_echo-1_T2w,0.9574289321899414,0.9183344841003418,31,9,1,23,0.043478260869565216
AttUNet_checkpoint-70,otherscanners,ses-01,anat,sub-chuv104_ses-01_acq-haste_run-4_echo-2_T2w,0.9557735919952393,0.9152934551239014,22,1,0,22,0.0
AttUNet_checkpoint-70,otherscanners,ses-01,anat,sub-chuv104_ses-01_acq-haste_run-4_echo-3_T2w,0.9558246731758118,0.9153871536254883,22,1,0,22,0.0
AttUNet_checkpoint-70,otherscanners,ses-01,anat,sub-chuv104_ses-01_acq-haste_run-4_echo-4_T2w,0.9505155682563782,0.9056977033615112,26,3,2,23,0.08695652173913043
AttUNet_checkpoint-70,otherscanners,ses-01,anat,sub-chuv104_ses-01_acq-haste_run-4_echo-5_T2w,0.9383658766746521,0.8838881850242615,24,2,1,23,0.043478260869565216
AttUNet_checkpoint-70,otherscanners,ses-01,anat,sub-chuv104_ses-01_acq-haste_run-4_echo-6_T2w,0.9243229627609253,0.8592941164970398,24,2,1,23,0.043478260869565216
AttUNet_checkpoint-70,otherscanners,ses-01,anat,sub-chuv104_ses-01_acq-haste_run-5_echo-1_T2w,0.9420267939567566,0.8904070854187012,15,1,0,15,0.0
AttUNet_checkpoint-70,otherscanners,ses-01,anat,sub-chuv104_ses-01_acq-haste_run-5_echo-2_T2w,0.9444937109947205,0.8948252201080322,16,1,0,16,0.0
AttUNet_checkpoint-70,otherscanners,ses-01,anat,sub-chuv104_ses-01_acq-haste_run-5_echo-3_T2w,0.9386220574378967,0.8843429088592529,16,1,0,16,0.0
AttUNet_checkpoint-70,otherscanners,ses-01,anat,sub-chuv104_ses-01_acq-haste_run-5_echo-4_T2w,0.9147860407829285,0.8429545164108276,21,4,2,16,0.125
AttUNet_checkpoint-70,otherscanners,ses-01,anat,sub-chuv104_ses-01_acq-haste_run-5_echo-5_T2w,0.8934035301208496,0.8073435425758362,22,3,3,18,0.16666666666666666
AttUNet_checkpoint-70,otherscanners,ses-01,anat,sub-chuv104_ses-01_acq-haste_run-5_echo-6_T2w,0.8800271153450012,0.7857575416564941,30,5,6,18,0.3333333333333333
AttUNet_checkpoint-70,otherscanners,ses-01,anat,sub-chuv104_ses-01_acq-haste_run-6_echo-1_T2w,0.868370771408081,0.7673633694648743,20,2,3,17,0.17647058823529413
AttUNet_checkpoint-70,otherscanners,ses-01,anat,sub-chuv104_ses-01_acq-haste_run-6_echo-2_T2w,0.8696767687797546,0.7694053649902344,20,3,1,18,0.05555555555555555
AttUNet_checkpoint-70,otherscanners,ses-01,anat,sub-chuv104_ses-01_acq-haste_run-6_echo-3_T2w,0.8705647587776184,0.770796537399292,21,3,2,18,0.1111111111111111
AttUNet_checkpoint-70,otherscanners,ses-01,anat,sub-chuv104_ses-01_acq-haste_run-6_echo-4_T2w,0.8773955702781677,0.7815713882446289,17,1,0,17,0.0
AttUNet_checkpoint-70,otherscanners,ses-01,anat,sub-chuv104_ses-01_acq-haste_run-6_echo-5_T2w,0.8598592281341553,0.7541694045066833,24,5,3,17,0.17647058823529413
AttUNet_checkpoint-70,otherscanners,ses-01,anat,sub-chuv104_ses-01_acq-haste_run-6_echo-6_T2w,0.8731153607368469,0.7748045325279236,21,4,2,17,0.11764705882352941
AttUNet_checkpoint-70,otherscanners,ses-01,anat,sub-chuv104_ses-01_acq-haste_run-7_echo-1_T2w,0.9640172719955444,0.9305340647697449,20,1,0,20,0.0
AttUNet_checkpoint-70,otherscanners,ses-01,anat,sub-chuv104_ses-01_acq-haste_run-7_echo-2_T2w,0.9651170969009399,0.9325858354568481,20,1,0,20,0.0
AttUNet_checkpoint-70,otherscanners,ses-01,anat,sub-chuv104_ses-01_acq-haste_run-7_echo-3_T2w,0.9654557704925537,0.9332184791564941,20,1,0,20,0.0
AttUNet_checkpoint-70,otherscanners,ses-01,anat,sub-chuv104_ses-01_acq-haste_run-7_echo-4_T2w,0.9586652517318726,0.9206120371818542,20,1,0,20,0.0
AttUNet_checkpoint-70,otherscanners,ses-01,anat,sub-chuv104_ses-01_acq-haste_run-7_echo-5_T2w,0.9373369812965393,0.882064163684845,20,1,0,20,0.0
AttUNet_checkpoint-70,otherscanners,ses-01,anat,sub-chuv104_ses-01_acq-haste_run-7_echo-6_T2w,0.915217399597168,0.8436873555183411,24,4,2,20,0.1
AttUNet_checkpoint-70,otherscanners,ses-01,anat,sub-chuv104_ses-01_acq-haste_run-8_echo-1_T2w,0.9619036316871643,0.9266034364700317,17,1,0,17,0.0
AttUNet_checkpoint-70,otherscanners,ses-01,anat,sub-chuv104_ses-01_acq-haste_run-8_echo-2_T2w,0.9618809223175049,0.9265612363815308,16,1,0,16,0.0
AttUNet_checkpoint-70,otherscanners,ses-01,anat,sub-chuv104_ses-01_acq-haste_run-8_echo-3_T2w,0.9601075053215027,0.9232757091522217,16,1,0,16,0.0
AttUNet_checkpoint-70,otherscanners,ses-01,anat,sub-chuv104_ses-01_acq-haste_run-8_echo-4_T2w,0.9469332695007324,0.8992149233818054,24,4,2,19,0.10526315789473684
AttUNet_checkpoint-70,otherscanners,ses-01,anat,sub-chuv104_ses-01_acq-haste_run-8_echo-5_T2w,0.9179644584655762,0.8483681082725525,23,3,3,18,0.16666666666666666
AttUNet_checkpoint-70,otherscanners,ses-01,anat,sub-chuv104_ses-01_acq-haste_run-8_echo-6_T2w,0.8904750347137451,0.8025732636451721,24,3,5,18,0.2777777777777778
AttUNet_checkpoint-70,otherscanners,ses-01,anat,sub-chuv104_ses-01_acq-haste_run-9_echo-1_T2w,0.9660283923149109,0.9342890381813049,22,2,1,21,0.047619047619047616
AttUNet_checkpoint-70,otherscanners,ses-01,anat,sub-chuv104_ses-01_acq-haste_run-9_echo-2_T2w,0.9672728180885315,0.9366199374198914,22,2,1,21,0.047619047619047616
AttUNet_checkpoint-70,otherscanners,ses-01,anat,sub-chuv104_ses-01_acq-haste_run-9_echo-3_T2w,0.9677695035934448,0.9375517964363098,21,1,0,21,0.0
AttUNet_checkpoint-70,otherscanners,ses-01,anat,sub-chuv104_ses-01_acq-haste_run-9_echo-4_T2w,0.9572581648826599,0.9180203080177307,23,2,1,22,0.045454545454545456
AttUNet_checkpoint-70,otherscanners,ses-01,anat,sub-chuv104_ses-01_acq-haste_run-9_echo-5_T2w,0.9270452260971069,0.8640114665031433,25,2,3,22,0.13636363636363635
AttUNet_checkpoint-70,otherscanners,ses-01,anat,sub-chuv104_ses-01_acq-haste_run-9_echo-6_T2w,0.883084774017334,0.7906461954116821,31,5,5,22,0.22727272727272727
AttUNet_checkpoint-70,otherscanners,ses-01,anat,sub-chuv109_ses-01_acq-haste_run-1_echo-1_T2w,0.6567621827125549,0.48893964290618896,106,18,12,24,0.5
AttUNet_checkpoint-70,otherscanners,ses-01,anat,sub-chuv109_ses-01_acq-haste_run-1_echo-2_T2w,0.6281315684318542,0.45786574482917786,85,13,13,23,0.5652173913043478
AttUNet_checkpoint-70,otherscanners,ses-01,anat,sub-chuv109_ses-01_acq-haste_run-1_echo-3_T2w,0.5717564821243286,0.40032145380973816,80,13,12,22,0.5454545454545454
AttUNet_checkpoint-70,otherscanners,ses-01,anat,sub-chuv109_ses-01_acq-haste_run-1_echo-4_T2w,0.4582013785839081,0.2971862554550171,48,11,7,16,0.4375
AttUNet_checkpoint-70,otherscanners,ses-01,anat,sub-chuv109_ses-01_acq-haste_run-1_echo-5_T2w,0.3425409495830536,0.20666630566120148,39,13,6,13,0.46153846153846156
AttUNet_checkpoint-70,otherscanners,ses-01,anat,sub-chuv109_ses-01_acq-haste_run-1_echo-6_T2w,0.3500562310218811,0.21216252446174622,78,18,11,19,0.5789473684210527
AttUNet_checkpoint-70,otherscanners,ses-01,anat,sub-chuv109_ses-01_acq-haste_run-2_echo-1_T2w,0.9413616061210632,0.8892192244529724,36,5,3,29,0.10344827586206896
AttUNet_checkpoint-70,otherscanners,ses-01,anat,sub-chuv109_ses-01_acq-haste_run-2_echo-2_T2w,0.9373637437820435,0.8821116089820862,33,2,4,29,0.13793103448275862
AttUNet_checkpoint-70,otherscanners,ses-01,anat,sub-chuv109_ses-01_acq-haste_run-2_echo-3_T2w,0.925619900226593,0.8615385890007019,50,12,5,29,0.1724137931034483
AttUNet_checkpoint-70,otherscanners,ses-01,anat,sub-chuv109_ses-01_acq-haste_run-2_echo-4_T2w,0.8835412859916687,0.791378378868103,43,6,8,29,0.27586206896551724
AttUNet_checkpoint-70,otherscanners,ses-01,anat,sub-chuv109_ses-01_acq-haste_run-2_echo-5_T2w,0.793656051158905,0.6579020023345947,59,11,6,29,0.20689655172413793
AttUNet_checkpoint-70,otherscanners,ses-01,anat,sub-chuv109_ses-01_acq-haste_run-2_echo-6_T2w,0.7179338335990906,0.5599819421768188,61,9,10,26,0.38461538461538464
AttUNet_checkpoint-70,otherscanners,ses-01,anat,sub-chuv109_ses-01_acq-haste_run-3_echo-1_T2w,0.6198580265045166,0.44912630319595337,85,17,14,24,0.5833333333333334
AttUNet_checkpoint-70,otherscanners,ses-01,anat,sub-chuv109_ses-01_acq-haste_run-3_echo-2_T2w,0.6184549331665039,0.4476545453071594,94,14,16,24,0.6666666666666666
AttUNet_checkpoint-70,otherscanners,ses-01,anat,sub-chuv109_ses-01_acq-haste_run-3_echo-3_T2w,0.5901705026626587,0.4186112880706787,97,13,16,24,0.6666666666666666
AttUNet_checkpoint-70,otherscanners,ses-01,anat,sub-chuv109_ses-01_acq-haste_run-3_echo-4_T2w,0.5086153745651245,0.3410356938838959,86,17,14,23,0.6086956521739131
AttUNet_checkpoint-70,otherscanners,ses-01,anat,sub-chuv109_ses-01_acq-haste_run-3_echo-5_T2w,0.42587509751319885,0.27054721117019653,65,11,13,21,0.6190476190476191
AttUNet_checkpoint-70,otherscanners,ses-01,anat,sub-chuv109_ses-01_acq-haste_run-3_echo-6_T2w,0.37546923756599426,0.23112472891807556,52,10,12,19,0.631578947368421
AttUNet_checkpoint-70,otherscanners,ses-01,anat,sub-chuv109_ses-01_acq-haste_run-4_echo-1_T2w,0.6148231029510498,0.44385889172554016,61,11,10,16,0.625
AttUNet_checkpoint-70,otherscanners,ses-01,anat,sub-chuv109_ses-01_acq-haste_run-4_echo-2_T2w,0.5893843173980713,0.41782060265541077,52,13,12,18,0.6666666666666666
AttUNet_checkpoint-70,otherscanners,ses-01,anat,sub-chuv109_ses-01_acq-haste_run-4_echo-3_T2w,0.5722012519836426,0.40075764060020447,50,9,10,18,0.5555555555555556
AttUNet_checkpoint-70,otherscanners,ses-01,anat,sub-chuv109_ses-01_acq-haste_run-4_echo-4_T2w,0.5256592631340027,0.3565385043621063,33,7,6,14,0.42857142857142855
AttUNet_checkpoint-70,otherscanners,ses-01,anat,sub-chuv109_ses-01_acq-haste_run-4_echo-5_T2w,0.48795565962791443,0.3227125406265259,48,21,7,13,0.5384615384615384
AttUNet_checkpoint-70,otherscanners,ses-01,anat,sub-chuv109_ses-01_acq-haste_run-4_echo-6_T2w,0.4924147427082062,0.3266248106956482,47,21,5,13,0.38461538461538464
AttUNet_checkpoint-70,otherscanners,ses-01,anat,sub-chuv117_ses-01_acq-haste_run-1_echo-1_T2w,0.9225741624832153,0.8562763333320618,32,2,4,28,0.14285714285714285
AttUNet_checkpoint-70,otherscanners,ses-01,anat,sub-chuv117_ses-01_acq-haste_run-1_echo-2_T2w,0.7258094549179077,0.5696239471435547,38,4,8,25,0.32
AttUNet_checkpoint-70,otherscanners,ses-01,anat,sub-chuv117_ses-01_acq-haste_run-1_echo-3_T2w,0.5268624424934387,0.35764646530151367,64,14,10,21,0.47619047619047616
AttUNet_checkpoint-70,otherscanners,ses-01,anat,sub-chuv117_ses-01_acq-haste_run-1_echo-4_T2w,0.13408659398555756,0.07186110317707062,19,8,3,9,0.3333333333333333
AttUNet_checkpoint-70,otherscanners,ses-01,anat,sub-chuv117_ses-01_acq-haste_run-1_echo-5_T2w,0.05559611693024635,0.02859288640320301,6,3,1,4,0.25
AttUNet_checkpoint-70,otherscanners,ses-01,anat,sub-chuv117_ses-01_acq-haste_run-1_echo-6_T2w,0.02877097576856613,0.014595450833439827,6,2,2,4,0.5
AttUNet_checkpoint-70,otherscanners,ses-01,anat,sub-chuv117_ses-01_acq-haste_run-2_echo-1_T2w,0.7675477266311646,0.6227808594703674,53,6,10,25,0.4
AttUNet_checkpoint-70,otherscanners,ses-01,anat,sub-chuv117_ses-01_acq-haste_run-2_echo-2_T2w,0.33050593733787537,0.19796772301197052,61,10,11,17,0.6470588235294118
AttUNet_checkpoint-70,otherscanners,ses-01,anat,sub-chuv117_ses-01_acq-haste_run-2_echo-3_T2w,0.323343425989151,0.19285012781620026,55,15,7,17,0.4117647058823529
AttUNet_checkpoint-70,otherscanners,ses-01,anat,sub-chuv117_ses-01_acq-haste_run-2_echo-4_T2w,0.14105674624443054,0.07588007301092148,56,24,9,11,0.8181818181818182
AttUNet_checkpoint-70,otherscanners,ses-01,anat,sub-chuv117_ses-01_acq-haste_run-2_echo-5_T2w,0.058250147849321365,0.029998792335391045,12,7,2,5,0.4
AttUNet_checkpoint-70,otherscanners,ses-01,anat,sub-chuv117_ses-01_acq-haste_run-2_echo-6_T2w,0.0473199263215065,0.024233324453234673,5,4,1,2,0.5
AttUNet_checkpoint-70,otherscanners,ses-01,anat,sub-chuv117_ses-01_acq-haste_run-3_echo-1_T2w,0.7239611148834229,0.5673503279685974,51,10,7,17,0.4117647058823529
AttUNet_checkpoint-70,otherscanners,ses-01,anat,sub-chuv117_ses-01_acq-haste_run-3_echo-2_T2w,0.6567107439041138,0.48888257145881653,40,11,6,15,0.4
AttUNet_checkpoint-70,otherscanners,ses-01,anat,sub-chuv117_ses-01_acq-haste_run-3_echo-3_T2w,0.5921676158905029,0.42062368988990784,38,13,6,14,0.42857142857142855
AttUNet_checkpoint-70,otherscanners,ses-01,anat,sub-chuv117_ses-01_acq-haste_run-3_echo-4_T2w,0.5987741351127625,0.4273216426372528,64,20,11,17,0.6470588235294118
AttUNet_checkpoint-70,otherscanners,ses-01,anat,sub-chuv117_ses-01_acq-haste_run-3_echo-5_T2w,0.2034727931022644,0.113258957862854,40,10,8,10,0.8
AttUNet_checkpoint-70,otherscanners,ses-01,anat,sub-chuv117_ses-01_acq-haste_run-3_echo-6_T2w,0.05340971797704697,0.027437575161457062,24,9,4,5,0.8
AttUNet_checkpoint-70,otherscanners,ses-01,anat,sub-chuv117_ses-01_acq-haste_run-4_echo-1_T2w,0.741199254989624,0.5888137817382812,43,9,7,21,0.3333333333333333
AttUNet_checkpoint-70,otherscanners,ses-01,anat,sub-chuv117_ses-01_acq-haste_run-4_echo-2_T2w,0.4472478926181793,0.2880356013774872,74,17,9,17,0.5294117647058824
AttUNet_checkpoint-70,otherscanners,ses-01,anat,sub-chuv117_ses-01_acq-haste_run-4_echo-3_T2w,0.3301365375518799,0.19770272076129913,42,9,11,14,0.7857142857142857
AttUNet_checkpoint-70,otherscanners,ses-01,anat,sub-chuv117_ses-01_acq-haste_run-4_echo-4_T2w,0.03150654211640358,0.01600540801882744,17,4,5,9,0.5555555555555556
AttUNet_checkpoint-70,otherscanners,ses-01,anat,sub-chuv117_ses-01_acq-haste_run-4_echo-5_T2w,0.008304530754685402,0.004169578198343515,12,2,5,7,0.7142857142857143
AttUNet_checkpoint-70,otherscanners,ses-01,anat,sub-chuv117_ses-01_acq-haste_run-4_echo-6_T2w,0.0,0.0,12,6,3,5,0.6
AttUNet_checkpoint-70,otherscanners,ses-01,anat,sub-chuv117_ses-01_acq-haste_run-5_echo-1_T2w,0.6367312073707581,0.4670621156692505,34,9,7,13,0.5384615384615384
AttUNet_checkpoint-70,otherscanners,ses-01,anat,sub-chuv117_ses-01_acq-haste_run-5_echo-2_T2w,0.573357880115509,0.40189328789711,32,10,7,12,0.5833333333333334
AttUNet_checkpoint-70,otherscanners,ses-01,anat,sub-chuv117_ses-01_acq-haste_run-5_echo-3_T2w,0.49495255947113037,0.3288617730140686,52,26,6,11,0.5454545454545454
AttUNet_checkpoint-70,otherscanners,ses-01,anat,sub-chuv117_ses-01_acq-haste_run-5_echo-4_T2w,0.5171091556549072,0.34871694445610046,75,17,11,15,0.7333333333333333
AttUNet_checkpoint-70,otherscanners,ses-01,anat,sub-chuv117_ses-01_acq-haste_run-5_echo-5_T2w,0.19258451461791992,0.10655243694782257,38,8,6,6,1.0
AttUNet_checkpoint-70,otherscanners,ses-01,anat,sub-chuv117_ses-01_acq-haste_run-5_echo-6_T2w,0.03543784096837044,0.018038544803857803,14,7,4,4,1.0
AttUNet_checkpoint-70,otherscanners,ses-01,anat,sub-chuv117_ses-01_acq-haste_run-6_echo-1_T2w,0.9089605808258057,0.8331143260002136,36,4,3,29,0.10344827586206896
AttUNet_checkpoint-70,otherscanners,ses-01,anat,sub-chuv117_ses-01_acq-haste_run-6_echo-2_T2w,0.6927978992462158,0.5299853086471558,44,9,6,26,0.23076923076923078
AttUNet_checkpoint-70,otherscanners,ses-01,anat,sub-chuv117_ses-01_acq-haste_run-6_echo-3_T2w,0.3936628997325897,0.24506868422031403,55,14,9,23,0.391304347826087
AttUNet_checkpoint-70,otherscanners,ses-01,anat,sub-chuv117_ses-01_acq-haste_run-6_echo-4_T2w,0.1025250256061554,0.0540323480963707,15,4,2,10,0.2
AttUNet_checkpoint-70,otherscanners,ses-01,anat,sub-chuv117_ses-01_acq-haste_run-6_echo-5_T2w,0.042183343321084976,0.02154611423611641,4,1,0,4,0.0
AttUNet_checkpoint-70,otherscanners,ses-01,anat,sub-chuv117_ses-01_acq-haste_run-6_echo-6_T2w,0.029175035655498505,0.014803463593125343,3,1,0,3,0.0
AttUNet_checkpoint-70,otherscanners,ses-01,anat,sub-chuv120_ses-01_acq-haste_run-10_echo-1_T2w,0.8983965516090393,0.8155353665351868,22,1,0,22,0.0
AttUNet_checkpoint-70,otherscanners,ses-01,anat,sub-chuv120_ses-01_acq-haste_run-10_echo-2_T2w,0.8861004114151001,0.7954939603805542,21,1,0,21,0.0
AttUNet_checkpoint-70,otherscanners,ses-01,anat,sub-chuv120_ses-01_acq-haste_run-10_echo-3_T2w,0.8583165407180786,0.7517990469932556,21,1,0,21,0.0
AttUNet_checkpoint-70,otherscanners,ses-01,anat,sub-chuv120_ses-01_acq-haste_run-10_echo-4_T2w,0.8158666491508484,0.6889989376068115,21,1,0,21,0.0
AttUNet_checkpoint-70,otherscanners,ses-01,anat,sub-chuv120_ses-01_acq-haste_run-10_echo-5_T2w,0.7956193089485168,0.6606045365333557,23,2,2,21,0.09523809523809523
AttUNet_checkpoint-70,otherscanners,ses-01,anat,sub-chuv120_ses-01_acq-haste_run-10_echo-6_T2w,0.7675608992576599,0.6227982640266418,22,2,2,20,0.1
AttUNet_checkpoint-70,otherscanners,ses-01,anat,sub-chuv120_ses-01_acq-haste_run-1_echo-1_T2w,0.9449610710144043,0.895664632320404,21,3,2,18,0.1111111111111111
AttUNet_checkpoint-70,otherscanners,ses-01,anat,sub-chuv120_ses-01_acq-haste_run-1_echo-2_T2w,0.9378371238708496,0.8829504251480103,20,3,2,17,0.11764705882352941
AttUNet_checkpoint-70,otherscanners,ses-01,anat,sub-chuv120_ses-01_acq-haste_run-1_echo-3_T2w,0.9104414582252502,0.835605800151825,16,1,0,16,0.0
AttUNet_checkpoint-70,otherscanners,ses-01,anat,sub-chuv120_ses-01_acq-haste_run-1_echo-4_T2w,0.8902691602706909,0.8022388219833374,28,5,3,20,0.15
AttUNet_checkpoint-70,otherscanners,ses-01,anat,sub-chuv120_ses-01_acq-haste_run-1_echo-5_T2w,0.850749671459198,0.740264892578125,24,3,3,19,0.15789473684210525
AttUNet_checkpoint-70,otherscanners,ses-01,anat,sub-chuv120_ses-01_acq-haste_run-1_echo-6_T2w,0.8482494354248047,0.736487090587616,33,6,7,18,0.3888888888888889
AttUNet_checkpoint-70,otherscanners,ses-01,anat,sub-chuv120_ses-01_acq-haste_run-2_echo-1_T2w,0.9548941850662231,0.9136818647384644,21,3,1,19,0.05263157894736842
AttUNet_checkpoint-70,otherscanners,ses-01,anat,sub-chuv120_ses-01_acq-haste_run-2_echo-2_T2w,0.9534466862678528,0.9110350012779236,21,3,1,19,0.05263157894736842
AttUNet_checkpoint-70,otherscanners,ses-01,anat,sub-chuv120_ses-01_acq-haste_run-2_echo-3_T2w,0.949891209602356,0.904564619064331,18,2,1,17,0.058823529411764705
AttUNet_checkpoint-70,otherscanners,ses-01,anat,sub-chuv120_ses-01_acq-haste_run-2_echo-4_T2w,0.9109048843383789,0.8363869190216064,21,2,2,19,0.10526315789473684
AttUNet_checkpoint-70,otherscanners,ses-01,anat,sub-chuv120_ses-01_acq-haste_run-2_echo-5_T2w,0.8842055201530457,0.7924448251724243,27,7,4,18,0.2222222222222222
AttUNet_checkpoint-70,otherscanners,ses-01,anat,sub-chuv120_ses-01_acq-haste_run-2_echo-6_T2w,0.8548904657363892,0.7465577721595764,27,5,6,17,0.35294117647058826
AttUNet_checkpoint-70,otherscanners,ses-01,anat,sub-chuv120_ses-01_acq-haste_run-3_echo-1_T2w,0.9636163115501404,0.9297872185707092,19,1,0,19,0.0
AttUNet_checkpoint-70,otherscanners,ses-01,anat,sub-chuv120_ses-01_acq-haste_run-3_echo-2_T2w,0.9392696619033813,0.8854933381080627,18,1,0,18,0.0
AttUNet_checkpoint-70,otherscanners,ses-01,anat,sub-chuv120_ses-01_acq-haste_run-3_echo-3_T2w,0.912605881690979,0.8392595648765564,22,4,2,18,0.1111111111111111
AttUNet_checkpoint-70,otherscanners,ses-01,anat,sub-chuv120_ses-01_acq-haste_run-3_echo-4_T2w,0.8852353096008301,0.7941006422042847,23,4,3,18,0.16666666666666666
AttUNet_checkpoint-70,otherscanners,ses-01,anat,sub-chuv120_ses-01_acq-haste_run-3_echo-5_T2w,0.8473067879676819,0.7350670695304871,27,4,4,18,0.2222222222222222
AttUNet_checkpoint-70,otherscanners,ses-01,anat,sub-chuv120_ses-01_acq-haste_run-3_echo-6_T2w,0.7920634746551514,0.6557161211967468,32,7,4,17,0.23529411764705882
AttUNet_checkpoint-70,otherscanners,ses-01,anat,sub-chuv120_ses-01_acq-haste_run-4_echo-1_T2w,0.9634384512901306,0.9294560551643372,19,1,0,19,0.0
AttUNet_checkpoint-70,otherscanners,ses-01,anat,sub-chuv120_ses-01_acq-haste_run-4_echo-2_T2w,0.9455172419548035,0.896664559841156,18,1,0,18,0.0
AttUNet_checkpoint-70,otherscanners,ses-01,anat,sub-chuv120_ses-01_acq-haste_run-4_echo-3_T2w,0.9079187512397766,0.8313655257225037,24,7,1,18,0.05555555555555555
AttUNet_checkpoint-70,otherscanners,ses-01,anat,sub-chuv120_ses-01_acq-haste_run-4_echo-4_T2w,0.8927395343780518,0.8062597513198853,28,7,4,18,0.2222222222222222
AttUNet_checkpoint-70,otherscanners,ses-01,anat,sub-chuv120_ses-01_acq-haste_run-4_echo-5_T2w,0.8563697934150696,0.7488170862197876,21,4,2,17,0.11764705882352941
AttUNet_checkpoint-70,otherscanners,ses-01,anat,sub-chuv120_ses-01_acq-haste_run-4_echo-6_T2w,0.7745744585990906,0.6320861577987671,31,5,7,16,0.4375
AttUNet_checkpoint-70,otherscanners,ses-01,anat,sub-chuv120_ses-01_acq-haste_run-6_echo-1_T2w,0.8856635093688965,0.7947899699211121,18,1,0,18,0.0
AttUNet_checkpoint-70,otherscanners,ses-01,anat,sub-chuv120_ses-01_acq-haste_run-6_echo-2_T2w,0.866702139377594,0.7647611498832703,21,3,2,18,0.1111111111111111
AttUNet_checkpoint-70,otherscanners,ses-01,anat,sub-chuv120_ses-01_acq-haste_run-6_echo-3_T2w,0.8526142239570618,0.7430928945541382,20,2,1,19,0.05263157894736842
AttUNet_checkpoint-70,otherscanners,ses-01,anat,sub-chuv120_ses-01_acq-haste_run-6_echo-4_T2w,0.8296859860420227,0.7089430689811707,18,1,0,18,0.0
AttUNet_checkpoint-70,otherscanners,ses-01,anat,sub-chuv120_ses-01_acq-haste_run-6_echo-5_T2w,0.7072919011116028,0.5471397042274475,22,7,2,15,0.13333333333333333
AttUNet_checkpoint-70,otherscanners,ses-01,anat,sub-chuv120_ses-01_acq-haste_run-6_echo-6_T2w,0.5562497973442078,0.38528117537498474,12,2,3,9,0.3333333333333333
AttUNet_checkpoint-70,otherscanners,ses-01,anat,sub-chuv120_ses-01_acq-haste_run-7_echo-1_T2w,0.9614641070365906,0.9257880449295044,18,1,0,18,0.0
AttUNet_checkpoint-70,otherscanners,ses-01,anat,sub-chuv120_ses-01_acq-haste_run-7_echo-2_T2w,0.9499190449714661,0.904615044593811,18,1,0,18,0.0
AttUNet_checkpoint-70,otherscanners,ses-01,anat,sub-chuv120_ses-01_acq-haste_run-7_echo-3_T2w,0.9355144500732422,0.8788418173789978,18,1,0,18,0.0
AttUNet_checkpoint-70,otherscanners,ses-01,anat,sub-chuv120_ses-01_acq-haste_run-7_echo-4_T2w,0.9030295014381409,0.8232030868530273,18,1,0,18,0.0
AttUNet_checkpoint-70,otherscanners,ses-01,anat,sub-chuv120_ses-01_acq-haste_run-7_echo-5_T2w,0.8597816824913025,0.754050076007843,18,1,0,18,0.0
AttUNet_checkpoint-70,otherscanners,ses-01,anat,sub-chuv120_ses-01_acq-haste_run-7_echo-6_T2w,0.8010431528091431,0.6681167483329773,24,4,3,18,0.16666666666666666
AttUNet_checkpoint-70,otherscanners,ses-01,anat,sub-chuv120_ses-01_acq-haste_run-8_echo-1_T2w,0.9495233297348022,0.9038976430892944,22,3,1,20,0.05
AttUNet_checkpoint-70,otherscanners,ses-01,anat,sub-chuv120_ses-01_acq-haste_run-8_echo-2_T2w,0.9429470300674438,0.8920527696609497,25,6,1,20,0.05
AttUNet_checkpoint-70,otherscanners,ses-01,anat,sub-chuv120_ses-01_acq-haste_run-8_echo-3_T2w,0.9279757738113403,0.8656294941902161,24,5,1,20,0.05
AttUNet_checkpoint-70,otherscanners,ses-01,anat,sub-chuv120_ses-01_acq-haste_run-8_echo-4_T2w,0.8918054103851318,0.8047371506690979,20,2,1,19,0.05263157894736842
AttUNet_checkpoint-70,otherscanners,ses-01,anat,sub-chuv120_ses-01_acq-haste_run-8_echo-5_T2w,0.8689727783203125,0.7683039903640747,23,4,2,19,0.10526315789473684
AttUNet_checkpoint-70,otherscanners,ses-01,anat,sub-chuv120_ses-01_acq-haste_run-8_echo-6_T2w,0.8462077975273132,0.7334144115447998,24,5,2,19,0.10526315789473684
AttUNet_checkpoint-70,otherscanners,ses-01,anat,sub-chuv120_ses-01_acq-haste_run-9_echo-1_T2w,0.9488202333450317,0.9026241898536682,20,1,0,20,0.0
AttUNet_checkpoint-70,otherscanners,ses-01,anat,sub-chuv120_ses-01_acq-haste_run-9_echo-2_T2w,0.9345889687538147,0.8772097826004028,24,4,3,19,0.15789473684210525
AttUNet_checkpoint-70,otherscanners,ses-01,anat,sub-chuv120_ses-01_acq-haste_run-9_echo-3_T2w,0.9152826070785522,0.8437982201576233,21,2,2,19,0.10526315789473684
AttUNet_checkpoint-70,otherscanners,ses-01,anat,sub-chuv120_ses-01_acq-haste_run-9_echo-4_T2w,0.8443857431411743,0.730681300163269,20,2,2,18,0.1111111111111111
AttUNet_checkpoint-70,otherscanners,ses-01,anat,sub-chuv120_ses-01_acq-haste_run-9_echo-5_T2w,0.7876461744308472,0.64968341588974,22,5,2,17,0.11764705882352941
AttUNet_checkpoint-70,otherscanners,ses-01,anat,sub-chuv120_ses-01_acq-haste_run-9_echo-6_T2w,0.7216629385948181,0.5645325779914856,29,5,5,17,0.29411764705882354
AttUNet_checkpoint-70,otherscanners,ses-01,anat,sub-chuv146_ses-01_acq-haste_run-10_echo-1_T2w,0.961505115032196,0.9258641004562378,19,1,0,19,0.0
AttUNet_checkpoint-70,otherscanners,ses-01,anat,sub-chuv146_ses-01_acq-haste_run-10_echo-2_T2w,0.9603945016860962,0.9238066077232361,19,1,0,19,0.0
AttUNet_checkpoint-70,otherscanners,ses-01,anat,sub-chuv146_ses-01_acq-haste_run-10_echo-3_T2w,0.9597219824790955,0.9225630164146423,19,1,0,19,0.0
AttUNet_checkpoint-70,otherscanners,ses-01,anat,sub-chuv146_ses-01_acq-haste_run-10_echo-4_T2w,0.9581627249717712,0.9196856021881104,20,2,1,19,0.05263157894736842
AttUNet_checkpoint-70,otherscanners,ses-01,anat,sub-chuv146_ses-01_acq-haste_run-10_echo-5_T2w,0.954188346862793,0.9123902320861816,20,2,2,18,0.1111111111111111
AttUNet_checkpoint-70,otherscanners,ses-01,anat,sub-chuv146_ses-01_acq-haste_run-10_echo-6_T2w,0.9462005496025085,0.8978943228721619,20,2,2,18,0.1111111111111111
AttUNet_checkpoint-70,otherscanners,ses-01,anat,sub-chuv146_ses-01_acq-haste_run-11_echo-1_T2w,0.960700511932373,0.9243731498718262,20,1,0,20,0.0
AttUNet_checkpoint-70,otherscanners,ses-01,anat,sub-chuv146_ses-01_acq-haste_run-11_echo-2_T2w,0.9602229595184326,0.9234893321990967,20,1,0,20,0.0
AttUNet_checkpoint-70,otherscanners,ses-01,anat,sub-chuv146_ses-01_acq-haste_run-11_echo-3_T2w,0.9596343040466309,0.922400951385498,20,1,0,20,0.0
AttUNet_checkpoint-70,otherscanners,ses-01,anat,sub-chuv146_ses-01_acq-haste_run-11_echo-4_T2w,0.958171546459198,0.919701874256134,23,4,1,20,0.05
AttUNet_checkpoint-70,otherscanners,ses-01,anat,sub-chuv146_ses-01_acq-haste_run-11_echo-5_T2w,0.9556083083152771,0.9149903655052185,21,2,1,20,0.05
AttUNet_checkpoint-70,otherscanners,ses-01,anat,sub-chuv146_ses-01_acq-haste_run-11_echo-6_T2w,0.9531226754188538,0.9104435443878174,22,2,2,20,0.1
AttUNet_checkpoint-70,otherscanners,ses-01,anat,sub-chuv146_ses-01_acq-haste_run-12_echo-1_T2w,0.9660128355026245,0.9342600107192993,17,1,0,17,0.0
AttUNet_checkpoint-70,otherscanners,ses-01,anat,sub-chuv146_ses-01_acq-haste_run-12_echo-2_T2w,0.9655731320381165,0.9334377646446228,17,1,0,17,0.0
AttUNet_checkpoint-70,otherscanners,ses-01,anat,sub-chuv146_ses-01_acq-haste_run-12_echo-3_T2w,0.9652154445648193,0.9327694773674011,17,1,0,17,0.0
AttUNet_checkpoint-70,otherscanners,ses-01,anat,sub-chuv146_ses-01_acq-haste_run-12_echo-4_T2w,0.9641676545143127,0.9308143854141235,17,1,0,17,0.0
AttUNet_checkpoint-70,otherscanners,ses-01,anat,sub-chuv146_ses-01_acq-haste_run-12_echo-5_T2w,0.9626515507698059,0.9279924631118774,17,1,0,17,0.0
AttUNet_checkpoint-70,otherscanners,ses-01,anat,sub-chuv146_ses-01_acq-haste_run-12_echo-6_T2w,0.9563892483711243,0.9164233803749084,19,3,1,17,0.058823529411764705
AttUNet_checkpoint-70,otherscanners,ses-01,anat,sub-chuv146_ses-01_acq-haste_run-13_echo-1_T2w,0.9583719372749329,0.9200711846351624,23,2,1,22,0.045454545454545456
AttUNet_checkpoint-70,otherscanners,ses-01,anat,sub-chuv146_ses-01_acq-haste_run-13_echo-2_T2w,0.9567655920982361,0.9171146750450134,23,2,1,22,0.045454545454545456
AttUNet_checkpoint-70,otherscanners,ses-01,anat,sub-chuv146_ses-01_acq-haste_run-13_echo-3_T2w,0.9559372663497925,0.915593683719635,23,2,1,22,0.045454545454545456
AttUNet_checkpoint-70,otherscanners,ses-01,anat,sub-chuv146_ses-01_acq-haste_run-13_echo-4_T2w,0.9546326994895935,0.9132031798362732,23,2,1,22,0.045454545454545456
AttUNet_checkpoint-70,otherscanners,ses-01,anat,sub-chuv146_ses-01_acq-haste_run-13_echo-5_T2w,0.9474701881408691,0.9001837372779846,24,2,2,22,0.09090909090909091
AttUNet_checkpoint-70,otherscanners,ses-01,anat,sub-chuv146_ses-01_acq-haste_run-13_echo-6_T2w,0.922761082649231,0.8565983772277832,26,3,4,21,0.19047619047619047
AttUNet_checkpoint-70,otherscanners,ses-01,anat,sub-chuv146_ses-01_acq-haste_run-14_echo-1_T2w,0.8550465703010559,0.7467959523200989,16,4,2,12,0.16666666666666666
AttUNet_checkpoint-70,otherscanners,ses-01,anat,sub-chuv146_ses-01_acq-haste_run-14_echo-2_T2w,0.8460802435874939,0.7332227826118469,13,2,1,12,0.08333333333333333
AttUNet_checkpoint-70,otherscanners,ses-01,anat,sub-chuv146_ses-01_acq-haste_run-14_echo-3_T2w,0.8443363904953003,0.7306073904037476,13,2,1,12,0.08333333333333333
AttUNet_checkpoint-70,otherscanners,ses-01,anat,sub-chuv146_ses-01_acq-haste_run-14_echo-4_T2w,0.8249104619026184,0.7019979357719421,13,2,1,12,0.08333333333333333
AttUNet_checkpoint-70,otherscanners,ses-01,anat,sub-chuv146_ses-01_acq-haste_run-14_echo-5_T2w,0.8360022306442261,0.7182163596153259,15,4,1,12,0.08333333333333333
AttUNet_checkpoint-70,otherscanners,ses-01,anat,sub-chuv146_ses-01_acq-haste_run-14_echo-6_T2w,0.8344242572784424,0.7158902287483215,14,3,1,12,0.08333333333333333
AttUNet_checkpoint-70,otherscanners,ses-01,anat,sub-chuv146_ses-01_acq-haste_run-15_echo-1_T2w,0.9604856967926025,0.9239754676818848,23,2,2,21,0.09523809523809523
AttUNet_checkpoint-70,otherscanners,ses-01,anat,sub-chuv146_ses-01_acq-haste_run-15_echo-2_T2w,0.9597026705741882,0.9225272536277771,23,2,2,21,0.09523809523809523
AttUNet_checkpoint-70,otherscanners,ses-01,anat,sub-chuv146_ses-01_acq-haste_run-15_echo-3_T2w,0.9589040875434875,0.9210526347160339,23,2,2,21,0.09523809523809523
AttUNet_checkpoint-70,otherscanners,ses-01,anat,sub-chuv146_ses-01_acq-haste_run-15_echo-4_T2w,0.9445614814758301,0.8949469327926636,29,5,3,22,0.13636363636363635
AttUNet_checkpoint-70,otherscanners,ses-01,anat,sub-chuv146_ses-01_acq-haste_run-15_echo-5_T2w,0.9363358616828918,0.8802927732467651,26,3,4,21,0.19047619047619047
AttUNet_checkpoint-70,otherscanners,ses-01,anat,sub-chuv146_ses-01_acq-haste_run-15_echo-6_T2w,0.9232169985771179,0.857384443283081,26,3,3,21,0.14285714285714285
AttUNet_checkpoint-70,otherscanners,ses-01,anat,sub-chuv146_ses-01_acq-haste_run-16_echo-1_T2w,0.9649851322174072,0.9323394298553467,17,1,0,17,0.0
AttUNet_checkpoint-70,otherscanners,ses-01,anat,sub-chuv146_ses-01_acq-haste_run-16_echo-2_T2w,0.9639977216720581,0.9304977059364319,17,1,0,17,0.0
AttUNet_checkpoint-70,otherscanners,ses-01,anat,sub-chuv146_ses-01_acq-haste_run-16_echo-3_T2w,0.9632450342178345,0.9290961027145386,17,1,0,17,0.0
AttUNet_checkpoint-70,otherscanners,ses-01,anat,sub-chuv146_ses-01_acq-haste_run-16_echo-4_T2w,0.9614890813827515,0.9258342981338501,18,2,1,17,0.058823529411764705
AttUNet_checkpoint-70,otherscanners,ses-01,anat,sub-chuv146_ses-01_acq-haste_run-16_echo-5_T2w,0.9569504857063293,0.9174544811248779,18,2,1,17,0.058823529411764705
AttUNet_checkpoint-70,otherscanners,ses-01,anat,sub-chuv146_ses-01_acq-haste_run-16_echo-6_T2w,0.9531587362289429,0.9105093479156494,23,5,2,18,0.1111111111111111
AttUNet_checkpoint-70,otherscanners,ses-01,anat,sub-chuv146_ses-01_acq-haste_run-17_echo-1_T2w,0.9634488821029663,0.9294755458831787,18,1,0,18,0.0
AttUNet_checkpoint-70,otherscanners,ses-01,anat,sub-chuv146_ses-01_acq-haste_run-17_echo-2_T2w,0.9621651768684387,0.9270889759063721,18,1,0,18,0.0
AttUNet_checkpoint-70,otherscanners,ses-01,anat,sub-chuv146_ses-01_acq-haste_run-17_echo-3_T2w,0.9614061713218689,0.9256806373596191,18,1,0,18,0.0
AttUNet_checkpoint-70,otherscanners,ses-01,anat,sub-chuv146_ses-01_acq-haste_run-17_echo-4_T2w,0.9593709111213684,0.9219143390655518,20,2,1,19,0.05263157894736842
AttUNet_checkpoint-70,otherscanners,ses-01,anat,sub-chuv146_ses-01_acq-haste_run-17_echo-5_T2w,0.9556674361228943,0.9150987267494202,23,4,1,20,0.05
AttUNet_checkpoint-70,otherscanners,ses-01,anat,sub-chuv146_ses-01_acq-haste_run-17_echo-6_T2w,0.9487515091896057,0.902499794960022,21,2,1,20,0.05
AttUNet_checkpoint-70,otherscanners,ses-01,anat,sub-chuv146_ses-01_acq-haste_run-18_echo-1_T2w,0.9592299461364746,0.9216541051864624,17,1,0,17,0.0
AttUNet_checkpoint-70,otherscanners,ses-01,anat,sub-chuv146_ses-01_acq-haste_run-18_echo-2_T2w,0.9585093259811401,0.920324444770813,17,1,0,17,0.0
AttUNet_checkpoint-70,otherscanners,ses-01,anat,sub-chuv146_ses-01_acq-haste_run-18_echo-3_T2w,0.9581786394119263,0.9197149276733398,17,1,0,17,0.0
AttUNet_checkpoint-70,otherscanners,ses-01,anat,sub-chuv146_ses-01_acq-haste_run-18_echo-4_T2w,0.9577086567878723,0.9188492298126221,17,1,0,17,0.0
AttUNet_checkpoint-70,otherscanners,ses-01,anat,sub-chuv146_ses-01_acq-haste_run-18_echo-5_T2w,0.9562104344367981,0.9160950183868408,17,1,0,17,0.0
AttUNet_checkpoint-70,otherscanners,ses-01,anat,sub-chuv146_ses-01_acq-haste_run-18_echo-6_T2w,0.9550188183784485,0.9139100313186646,17,1,0,17,0.0
AttUNet_checkpoint-70,otherscanners,ses-01,anat,sub-chuv146_ses-01_acq-haste_run-19_echo-1_T2w,0.9546502828598022,0.9132353663444519,19,2,1,18,0.05555555555555555
AttUNet_checkpoint-70,otherscanners,ses-01,anat,sub-chuv146_ses-01_acq-haste_run-19_echo-2_T2w,0.953899085521698,0.9118614792823792,21,2,2,19,0.10526315789473684
AttUNet_checkpoint-70,otherscanners,ses-01,anat,sub-chuv146_ses-01_acq-haste_run-19_echo-3_T2w,0.9534578919410706,0.9110554456710815,21,2,2,19,0.10526315789473684
AttUNet_checkpoint-70,otherscanners,ses-01,anat,sub-chuv146_ses-01_acq-haste_run-19_echo-4_T2w,0.9525002241134644,0.9093083143234253,21,2,2,19,0.10526315789473684
AttUNet_checkpoint-70,otherscanners,ses-01,anat,sub-chuv146_ses-01_acq-haste_run-19_echo-5_T2w,0.9514555335044861,0.9074060320854187,20,2,2,18,0.1111111111111111
AttUNet_checkpoint-70,otherscanners,ses-01,anat,sub-chuv146_ses-01_acq-haste_run-19_echo-6_T2w,0.9501019716262817,0.9049469232559204,21,2,2,19,0.10526315789473684
AttUNet_checkpoint-70,otherscanners,ses-01,anat,sub-chuv146_ses-01_acq-haste_run-1_echo-1_T2w,0.9700164198875427,0.9417784810066223,26,2,4,22,0.18181818181818182
AttUNet_checkpoint-70,otherscanners,ses-01,anat,sub-chuv146_ses-01_acq-haste_run-1_echo-2_T2w,0.9692056775093079,0.9402512907981873,26,2,4,22,0.18181818181818182
AttUNet_checkpoint-70,otherscanners,ses-01,anat,sub-chuv146_ses-01_acq-haste_run-1_echo-3_T2w,0.968772828578949,0.9394369125366211,26,2,4,22,0.18181818181818182
AttUNet_checkpoint-70,otherscanners,ses-01,anat,sub-chuv146_ses-01_acq-haste_run-1_echo-4_T2w,0.9665378928184509,0.9352427124977112,25,2,4,21,0.19047619047619047
AttUNet_checkpoint-70,otherscanners,ses-01,anat,sub-chuv146_ses-01_acq-haste_run-1_echo-5_T2w,0.9635302424430847,0.9296269416809082,24,2,3,21,0.14285714285714285
AttUNet_checkpoint-70,otherscanners,ses-01,anat,sub-chuv146_ses-01_acq-haste_run-1_echo-6_T2w,0.9600783586502075,0.9232217669487,25,2,4,21,0.19047619047619047
AttUNet_checkpoint-70,otherscanners,ses-01,anat,sub-chuv146_ses-01_acq-haste_run-2_echo-1_T2w,0.9588963985443115,0.9210383296012878,23,2,2,21,0.09523809523809523
AttUNet_checkpoint-70,otherscanners,ses-01,anat,sub-chuv146_ses-01_acq-haste_run-2_echo-2_T2w,0.9591725468635559,0.921548068523407,23,2,2,21,0.09523809523809523
AttUNet_checkpoint-70,otherscanners,ses-01,anat,sub-chuv146_ses-01_acq-haste_run-2_echo-3_T2w,0.9593448638916016,0.921866238117218,23,2,2,21,0.09523809523809523
AttUNet_checkpoint-70,otherscanners,ses-01,anat,sub-chuv146_ses-01_acq-haste_run-2_echo-4_T2w,0.9592848420143127,0.9217554330825806,23,2,2,21,0.09523809523809523
AttUNet_checkpoint-70,otherscanners,ses-01,anat,sub-chuv146_ses-01_acq-haste_run-2_echo-5_T2w,0.9586593508720398,0.9206010699272156,22,2,2,20,0.1
AttUNet_checkpoint-70,otherscanners,ses-01,anat,sub-chuv146_ses-01_acq-haste_run-2_echo-6_T2w,0.9584652185440063,0.9202430844306946,23,2,3,20,0.15
AttUNet_checkpoint-70,otherscanners,ses-01,anat,sub-chuv146_ses-01_acq-haste_run-3_echo-1_T2w,0.9666435718536377,0.9354405999183655,20,1,0,20,0.0
AttUNet_checkpoint-70,otherscanners,ses-01,anat,sub-chuv146_ses-01_acq-haste_run-3_echo-2_T2w,0.9642890691757202,0.9310407042503357,20,1,0,20,0.0
AttUNet_checkpoint-70,otherscanners,ses-01,anat,sub-chuv146_ses-01_acq-haste_run-3_echo-3_T2w,0.9626099467277527,0.927915096282959,22,3,1,20,0.05
AttUNet_checkpoint-70,otherscanners,ses-01,anat,sub-chuv146_ses-01_acq-haste_run-3_echo-4_T2w,0.9588821530342102,0.9210120439529419,22,3,1,20,0.05
AttUNet_checkpoint-70,otherscanners,ses-01,anat,sub-chuv146_ses-01_acq-haste_run-3_echo-5_T2w,0.955741822719574,0.9152352213859558,22,2,2,20,0.1
AttUNet_checkpoint-70,otherscanners,ses-01,anat,sub-chuv146_ses-01_acq-haste_run-3_echo-6_T2w,0.9525866508483887,0.9094658493995667,21,2,1,20,0.05
AttUNet_checkpoint-70,otherscanners,ses-01,anat,sub-chuv146_ses-01_acq-haste_run-4_echo-1_T2w,0.9621832370758057,0.9271224141120911,20,1,0,20,0.0
AttUNet_checkpoint-70,otherscanners,ses-01,anat,sub-chuv146_ses-01_acq-haste_run-4_echo-2_T2w,0.9613381624221802,0.9255545139312744,22,3,1,20,0.05
AttUNet_checkpoint-70,otherscanners,ses-01,anat,sub-chuv146_ses-01_acq-haste_run-4_echo-3_T2w,0.9584612250328064,0.920235812664032,22,3,1,20,0.05
AttUNet_checkpoint-70,otherscanners,ses-01,anat,sub-chuv146_ses-01_acq-haste_run-4_echo-4_T2w,0.948714017868042,0.9024319648742676,21,2,1,20,0.05
AttUNet_checkpoint-70,otherscanners,ses-01,anat,sub-chuv146_ses-01_acq-haste_run-4_echo-5_T2w,0.9437742233276367,0.8935345411300659,21,2,1,20,0.05
AttUNet_checkpoint-70,otherscanners,ses-01,anat,sub-chuv146_ses-01_acq-haste_run-4_echo-6_T2w,0.9388036727905273,0.8846654295921326,21,2,1,20,0.05
AttUNet_checkpoint-70,otherscanners,ses-01,anat,sub-chuv146_ses-01_acq-haste_run-5_echo-1_T2w,0.9657679796218872,0.93380206823349,22,2,2,20,0.1
AttUNet_checkpoint-70,otherscanners,ses-01,anat,sub-chuv146_ses-01_acq-haste_run-5_echo-2_T2w,0.9642179608345032,0.9309081435203552,25,4,3,20,0.15
AttUNet_checkpoint-70,otherscanners,ses-01,anat,sub-chuv146_ses-01_acq-haste_run-5_echo-3_T2w,0.9635481834411621,0.929660439491272,25,3,3,20,0.15
AttUNet_checkpoint-70,otherscanners,ses-01,anat,sub-chuv146_ses-01_acq-haste_run-5_echo-4_T2w,0.9583183526992798,0.9199724197387695,25,3,4,20,0.2
AttUNet_checkpoint-70,otherscanners,ses-01,anat,sub-chuv146_ses-01_acq-haste_run-5_echo-5_T2w,0.9530662298202515,0.9103404879570007,22,2,3,19,0.15789473684210525
AttUNet_checkpoint-70,otherscanners,ses-01,anat,sub-chuv146_ses-01_acq-haste_run-5_echo-6_T2w,0.9507265686988831,0.9060808420181274,24,4,3,19,0.15789473684210525
AttUNet_checkpoint-70,otherscanners,ses-01,anat,sub-chuv146_ses-01_acq-haste_run-6_echo-1_T2w,0.9687014222145081,0.9393025636672974,22,1,0,22,0.0
AttUNet_checkpoint-70,otherscanners,ses-01,anat,sub-chuv146_ses-01_acq-haste_run-6_echo-2_T2w,0.9680326581001282,0.938045859336853,22,1,0,22,0.0
AttUNet_checkpoint-70,otherscanners,ses-01,anat,sub-chuv146_ses-01_acq-haste_run-6_echo-3_T2w,0.967599630355835,0.9372329711914062,23,2,1,22,0.045454545454545456
AttUNet_checkpoint-70,otherscanners,ses-01,anat,sub-chuv146_ses-01_acq-haste_run-6_echo-4_T2w,0.9666818380355835,0.9355122447013855,23,2,1,22,0.045454545454545456
AttUNet_checkpoint-70,otherscanners,ses-01,anat,sub-chuv146_ses-01_acq-haste_run-6_echo-5_T2w,0.9655583500862122,0.933410108089447,23,2,1,22,0.045454545454545456
AttUNet_checkpoint-70,otherscanners,ses-01,anat,sub-chuv146_ses-01_acq-haste_run-6_echo-6_T2w,0.963688850402832,0.9299222826957703,22,1,0,22,0.0
AttUNet_checkpoint-70,otherscanners,ses-01,anat,sub-chuv146_ses-01_acq-haste_run-7_echo-1_T2w,0.9668776392936707,0.9358791708946228,21,2,1,20,0.05
AttUNet_checkpoint-70,otherscanners,ses-01,anat,sub-chuv146_ses-01_acq-haste_run-7_echo-2_T2w,0.9668482542037964,0.9358240365982056,21,2,1,20,0.05
AttUNet_checkpoint-70,otherscanners,ses-01,anat,sub-chuv146_ses-01_acq-haste_run-7_echo-3_T2w,0.9668662548065186,0.9358577728271484,21,2,1,20,0.05
AttUNet_checkpoint-70,otherscanners,ses-01,anat,sub-chuv146_ses-01_acq-haste_run-7_echo-4_T2w,0.9662319421768188,0.9346699118614197,21,2,1,20,0.05
AttUNet_checkpoint-70,otherscanners,ses-01,anat,sub-chuv146_ses-01_acq-haste_run-7_echo-5_T2w,0.9652592539787292,0.932851254940033,21,2,1,20,0.05
AttUNet_checkpoint-70,otherscanners,ses-01,anat,sub-chuv146_ses-01_acq-haste_run-7_echo-6_T2w,0.9642909169197083,0.9310441613197327,21,2,1,20,0.05
AttUNet_checkpoint-70,otherscanners,ses-01,anat,sub-chuv146_ses-01_acq-haste_run-8_echo-1_T2w,0.9652206897735596,0.9327792525291443,22,1,0,22,0.0
AttUNet_checkpoint-70,otherscanners,ses-01,anat,sub-chuv146_ses-01_acq-haste_run-8_echo-2_T2w,0.9643141627311707,0.9310875535011292,22,1,0,22,0.0
AttUNet_checkpoint-70,otherscanners,ses-01,anat,sub-chuv146_ses-01_acq-haste_run-8_echo-3_T2w,0.9637869596481323,0.9301050305366516,22,1,0,22,0.0
AttUNet_checkpoint-70,otherscanners,ses-01,anat,sub-chuv146_ses-01_acq-haste_run-8_echo-4_T2w,0.9616971015930176,0.926220178604126,22,1,0,22,0.0
AttUNet_checkpoint-70,otherscanners,ses-01,anat,sub-chuv146_ses-01_acq-haste_run-8_echo-5_T2w,0.9589767456054688,0.9211867451667786,23,2,1,22,0.045454545454545456
AttUNet_checkpoint-70,otherscanners,ses-01,anat,sub-chuv146_ses-01_acq-haste_run-8_echo-6_T2w,0.9557901620864868,0.915323793888092,24,2,2,22,0.09090909090909091
AttUNet_checkpoint-70,otherscanners,ses-01,anat,sub-chuv146_ses-01_acq-haste_run-9_echo-1_T2w,0.9589334726333618,0.9211068153381348,21,1,0,21,0.0
AttUNet_checkpoint-70,otherscanners,ses-01,anat,sub-chuv146_ses-01_acq-haste_run-9_echo-2_T2w,0.9585866928100586,0.9204671382904053,21,1,0,21,0.0
AttUNet_checkpoint-70,otherscanners,ses-01,anat,sub-chuv146_ses-01_acq-haste_run-9_echo-3_T2w,0.9580032825469971,0.9193918704986572,21,1,0,21,0.0
AttUNet_checkpoint-70,otherscanners,ses-01,anat,sub-chuv146_ses-01_acq-haste_run-9_echo-4_T2w,0.9568593502044678,0.9172869920730591,21,1,0,21,0.0
AttUNet_checkpoint-70,otherscanners,ses-01,anat,sub-chuv146_ses-01_acq-haste_run-9_echo-5_T2w,0.9530295729637146,0.9102736115455627,25,4,1,22,0.045454545454545456
AttUNet_checkpoint-70,otherscanners,ses-01,anat,sub-chuv146_ses-01_acq-haste_run-9_echo-6_T2w,0.9388691186904907,0.8847815990447998,26,4,2,22,0.09090909090909091
AttUNet_checkpoint-70,otherscanners,ses-01,anat,sub-chuv151_ses-01_acq-haste_run-2_echo-1_T2w,0.97175133228302,0.9450547695159912,22,1,0,22,0.0
AttUNet_checkpoint-70,otherscanners,ses-01,anat,sub-chuv151_ses-01_acq-haste_run-2_echo-2_T2w,0.9677764773368835,0.9375648498535156,24,3,1,22,0.045454545454545456
AttUNet_checkpoint-70,otherscanners,ses-01,anat,sub-chuv151_ses-01_acq-haste_run-2_echo-3_T2w,0.9648551344871521,0.9320966601371765,21,1,0,21,0.0
AttUNet_checkpoint-70,otherscanners,ses-01,anat,sub-chuv151_ses-01_acq-haste_run-2_echo-4_T2w,0.9496952891349792,0.9042092561721802,27,4,2,21,0.09523809523809523
AttUNet_checkpoint-70,otherscanners,ses-01,anat,sub-chuv151_ses-01_acq-haste_run-2_echo-5_T2w,0.9430972337722778,0.8923217058181763,21,2,1,20,0.05
AttUNet_checkpoint-70,otherscanners,ses-01,anat,sub-chuv151_ses-01_acq-haste_run-2_echo-6_T2w,0.9488596320152283,0.9026954770088196,21,2,1,20,0.05
AttUNet_checkpoint-70,otherscanners,ses-01,anat,sub-chuv151_ses-01_acq-haste_run-3_echo-1_T2w,0.964938223361969,0.9322518706321716,28,3,2,25,0.08
AttUNet_checkpoint-70,otherscanners,ses-01,anat,sub-chuv151_ses-01_acq-haste_run-3_echo-2_T2w,0.9646763205528259,0.9317630529403687,27,3,2,24,0.08333333333333333
AttUNet_checkpoint-70,otherscanners,ses-01,anat,sub-chuv151_ses-01_acq-haste_run-3_echo-3_T2w,0.9648261666297913,0.9320427179336548,27,3,2,24,0.08333333333333333
AttUNet_checkpoint-70,otherscanners,ses-01,anat,sub-chuv151_ses-01_acq-haste_run-3_echo-4_T2w,0.9647510051727295,0.9319024085998535,29,4,2,24,0.08333333333333333
AttUNet_checkpoint-70,otherscanners,ses-01,anat,sub-chuv151_ses-01_acq-haste_run-3_echo-5_T2w,0.9643228650093079,0.9311037659645081,29,3,3,24,0.125
AttUNet_checkpoint-70,otherscanners,ses-01,anat,sub-chuv151_ses-01_acq-haste_run-3_echo-6_T2w,0.9635952711105347,0.9297480583190918,29,4,2,24,0.08333333333333333
AttUNet_checkpoint-70,otherscanners,ses-01,anat,sub-chuv151_ses-01_acq-haste_run-4_echo-1_T2w,0.9634848833084106,0.9295425415039062,28,1,0,28,0.0
AttUNet_checkpoint-70,otherscanners,ses-01,anat,sub-chuv151_ses-01_acq-haste_run-4_echo-2_T2w,0.9627984762191772,0.9282655715942383,30,3,1,28,0.03571428571428571
AttUNet_checkpoint-70,otherscanners,ses-01,anat,sub-chuv151_ses-01_acq-haste_run-4_echo-3_T2w,0.9625263810157776,0.9277598261833191,29,2,1,28,0.03571428571428571
AttUNet_checkpoint-70,otherscanners,ses-01,anat,sub-chuv151_ses-01_acq-haste_run-4_echo-4_T2w,0.9621143341064453,0.9269945621490479,30,2,1,29,0.034482758620689655
AttUNet_checkpoint-70,otherscanners,ses-01,anat,sub-chuv151_ses-01_acq-haste_run-4_echo-5_T2w,0.9619436264038086,0.9266775846481323,30,2,1,29,0.034482758620689655
AttUNet_checkpoint-70,otherscanners,ses-01,anat,sub-chuv151_ses-01_acq-haste_run-4_echo-6_T2w,0.9615584015846252,0.9259628653526306,31,3,1,29,0.034482758620689655
AttUNet_checkpoint-70,otherscanners,ses-01,anat,sub-chuv152_ses-01_acq-haste_run-10_echo-1_T2w,0.8934239149093628,0.8073769211769104,15,1,0,15,0.0
AttUNet_checkpoint-70,otherscanners,ses-01,anat,sub-chuv152_ses-01_acq-haste_run-10_echo-2_T2w,0.8950435519218445,0.8100261092185974,17,2,1,16,0.0625
AttUNet_checkpoint-70,otherscanners,ses-01,anat,sub-chuv152_ses-01_acq-haste_run-10_echo-3_T2w,0.9024168848991394,0.8221855163574219,18,2,1,17,0.058823529411764705
AttUNet_checkpoint-70,otherscanners,ses-01,anat,sub-chuv152_ses-01_acq-haste_run-10_echo-4_T2w,0.903339684009552,0.823718786239624,17,1,0,17,0.0
AttUNet_checkpoint-70,otherscanners,ses-01,anat,sub-chuv152_ses-01_acq-haste_run-10_echo-5_T2w,0.9019994139671326,0.821492612361908,19,3,1,17,0.058823529411764705
AttUNet_checkpoint-70,otherscanners,ses-01,anat,sub-chuv152_ses-01_acq-haste_run-10_echo-6_T2w,0.8954960107803345,0.8107675313949585,19,3,1,17,0.058823529411764705
AttUNet_checkpoint-70,otherscanners,ses-01,anat,sub-chuv152_ses-01_acq-haste_run-11_echo-1_T2w,0.7094652652740479,0.5497452020645142,14,2,1,13,0.07692307692307693
AttUNet_checkpoint-70,otherscanners,ses-01,anat,sub-chuv152_ses-01_acq-haste_run-11_echo-2_T2w,0.6984280943870544,0.536603569984436,17,3,2,13,0.15384615384615385
AttUNet_checkpoint-70,otherscanners,ses-01,anat,sub-chuv152_ses-01_acq-haste_run-11_echo-3_T2w,0.6966671943664551,0.5345274806022644,13,3,1,11,0.09090909090909091
AttUNet_checkpoint-70,otherscanners,ses-01,anat,sub-chuv152_ses-01_acq-haste_run-11_echo-4_T2w,0.6919887065887451,0.5290387272834778,14,3,3,10,0.3
AttUNet_checkpoint-70,otherscanners,ses-01,anat,sub-chuv152_ses-01_acq-haste_run-11_echo-5_T2w,0.6794017553329468,0.5144651532173157,17,3,4,11,0.36363636363636365
AttUNet_checkpoint-70,otherscanners,ses-01,anat,sub-chuv152_ses-01_acq-haste_run-11_echo-6_T2w,0.6703769564628601,0.504185676574707,25,4,7,13,0.5384615384615384
AttUNet_checkpoint-70,otherscanners,ses-01,anat,sub-chuv152_ses-01_acq-haste_run-12_echo-1_T2w,0.9548670649528503,0.9136321544647217,14,1,0,14,0.0
AttUNet_checkpoint-70,otherscanners,ses-01,anat,sub-chuv152_ses-01_acq-haste_run-12_echo-2_T2w,0.9550248980522156,0.9139211773872375,14,1,0,14,0.0
AttUNet_checkpoint-70,otherscanners,ses-01,anat,sub-chuv152_ses-01_acq-haste_run-12_echo-3_T2w,0.955132007598877,0.9141173362731934,14,1,0,14,0.0
AttUNet_checkpoint-70,otherscanners,ses-01,anat,sub-chuv152_ses-01_acq-haste_run-12_echo-4_T2w,0.9558420777320862,0.9154190421104431,14,1,0,14,0.0
AttUNet_checkpoint-70,otherscanners,ses-01,anat,sub-chuv152_ses-01_acq-haste_run-12_echo-5_T2w,0.9504647850990295,0.9056054353713989,14,1,0,14,0.0
AttUNet_checkpoint-70,otherscanners,ses-01,anat,sub-chuv152_ses-01_acq-haste_run-12_echo-6_T2w,0.9384099841117859,0.8839665055274963,13,1,0,13,0.0
AttUNet_checkpoint-70,otherscanners,ses-01,anat,sub-chuv152_ses-01_acq-haste_run-13_echo-1_T2w,0.9369955658912659,0.8814597129821777,23,3,1,21,0.047619047619047616
AttUNet_checkpoint-70,otherscanners,ses-01,anat,sub-chuv152_ses-01_acq-haste_run-13_echo-2_T2w,0.9391038417816162,0.8851986527442932,20,1,0,20,0.0
AttUNet_checkpoint-70,otherscanners,ses-01,anat,sub-chuv152_ses-01_acq-haste_run-13_echo-3_T2w,0.9389751553535461,0.8849700093269348,20,1,0,20,0.0
AttUNet_checkpoint-70,otherscanners,ses-01,anat,sub-chuv152_ses-01_acq-haste_run-13_echo-4_T2w,0.9384730458259583,0.8840783834457397,19,1,0,19,0.0
AttUNet_checkpoint-70,otherscanners,ses-01,anat,sub-chuv152_ses-01_acq-haste_run-13_echo-5_T2w,0.9365348219871521,0.8806446194648743,21,2,1,20,0.05
AttUNet_checkpoint-70,otherscanners,ses-01,anat,sub-chuv152_ses-01_acq-haste_run-13_echo-6_T2w,0.9295815825462341,0.8684282898902893,25,6,1,20,0.05
AttUNet_checkpoint-70,otherscanners,ses-01,anat,sub-chuv152_ses-01_acq-haste_run-14_echo-1_T2w,0.45639175176620483,0.29566553235054016,9,2,1,8,0.125
AttUNet_checkpoint-70,otherscanners,ses-01,anat,sub-chuv152_ses-01_acq-haste_run-14_echo-2_T2w,0.44202712178230286,0.28371939063072205,13,4,2,9,0.2222222222222222
AttUNet_checkpoint-70,otherscanners,ses-01,anat,sub-chuv152_ses-01_acq-haste_run-14_echo-3_T2w,0.4544859230518341,0.2940678000450134,9,1,0,9,0.0
AttUNet_checkpoint-70,otherscanners,ses-01,anat,sub-chuv152_ses-01_acq-haste_run-14_echo-4_T2w,0.49804583191871643,0.33159855008125305,11,1,0,11,0.0
AttUNet_checkpoint-70,otherscanners,ses-01,anat,sub-chuv152_ses-01_acq-haste_run-14_echo-5_T2w,0.5094576478004456,0.3417934477329254,22,7,4,13,0.3076923076923077
AttUNet_checkpoint-70,otherscanners,ses-01,anat,sub-chuv152_ses-01_acq-haste_run-14_echo-6_T2w,0.4592750072479248,0.2980901896953583,24,4,5,14,0.35714285714285715
AttUNet_checkpoint-70,otherscanners,ses-01,anat,sub-chuv152_ses-01_acq-haste_run-15_echo-1_T2w,0.7587290406227112,0.611251711845398,17,1,0,17,0.0
AttUNet_checkpoint-70,otherscanners,ses-01,anat,sub-chuv152_ses-01_acq-haste_run-15_echo-2_T2w,0.7561497092247009,0.6079105138778687,17,1,0,17,0.0
AttUNet_checkpoint-70,otherscanners,ses-01,anat,sub-chuv152_ses-01_acq-haste_run-15_echo-3_T2w,0.7519429922103882,0.6024909019470215,17,1,0,17,0.0
AttUNet_checkpoint-70,otherscanners,ses-01,anat,sub-chuv152_ses-01_acq-haste_run-15_echo-4_T2w,0.7442258596420288,0.5926430821418762,19,2,1,18,0.05555555555555555
AttUNet_checkpoint-70,otherscanners,ses-01,anat,sub-chuv152_ses-01_acq-haste_run-15_echo-5_T2w,0.7560328841209412,0.6077595353126526,19,2,1,18,0.05555555555555555
AttUNet_checkpoint-70,otherscanners,ses-01,anat,sub-chuv152_ses-01_acq-haste_run-15_echo-6_T2w,0.7562415599822998,0.608029305934906,19,2,1,18,0.05555555555555555
AttUNet_checkpoint-70,otherscanners,ses-01,anat,sub-chuv152_ses-01_acq-haste_run-16_echo-1_T2w,0.6990070343017578,0.5372873544692993,16,1,0,16,0.0
AttUNet_checkpoint-70,otherscanners,ses-01,anat,sub-chuv152_ses-01_acq-haste_run-16_echo-2_T2w,0.7181079983711243,0.5601938366889954,19,3,2,16,0.125
AttUNet_checkpoint-70,otherscanners,ses-01,anat,sub-chuv152_ses-01_acq-haste_run-16_echo-3_T2w,0.7219802737236023,0.5649210810661316,20,4,2,16,0.125
AttUNet_checkpoint-70,otherscanners,ses-01,anat,sub-chuv152_ses-01_acq-haste_run-16_echo-4_T2w,0.7150406241416931,0.5564694404602051,22,5,3,16,0.1875
AttUNet_checkpoint-70,otherscanners,ses-01,anat,sub-chuv152_ses-01_acq-haste_run-16_echo-5_T2w,0.7142207622528076,0.5554770231246948,17,2,2,15,0.13333333333333333
AttUNet_checkpoint-70,otherscanners,ses-01,anat,sub-chuv152_ses-01_acq-haste_run-16_echo-6_T2w,0.714576005935669,0.5559068322181702,23,4,3,16,0.1875
AttUNet_checkpoint-70,otherscanners,ses-01,anat,sub-chuv152_ses-01_acq-haste_run-1_echo-1_T2w,0.9641333222389221,0.9307504296302795,14,1,0,14,0.0
AttUNet_checkpoint-70,otherscanners,ses-01,anat,sub-chuv152_ses-01_acq-haste_run-1_echo-2_T2w,0.9643301963806152,0.9311174750328064,14,1,0,14,0.0
AttUNet_checkpoint-70,otherscanners,ses-01,anat,sub-chuv152_ses-01_acq-haste_run-1_echo-3_T2w,0.963809609413147,0.9301472306251526,14,1,0,14,0.0
AttUNet_checkpoint-70,otherscanners,ses-01,anat,sub-chuv152_ses-01_acq-haste_run-1_echo-4_T2w,0.962646484375,0.9279830455780029,14,1,0,14,0.0
AttUNet_checkpoint-70,otherscanners,ses-01,anat,sub-chuv152_ses-01_acq-haste_run-1_echo-5_T2w,0.9543666839599609,0.9127163887023926,16,2,1,15,0.06666666666666667
AttUNet_checkpoint-70,otherscanners,ses-01,anat,sub-chuv152_ses-01_acq-haste_run-1_echo-6_T2w,0.9432669281959534,0.8926255702972412,16,2,1,15,0.06666666666666667
AttUNet_checkpoint-70,otherscanners,ses-01,anat,sub-chuv152_ses-01_acq-haste_run-2_echo-1_T2w,0.6912649869918823,0.5281932353973389,16,1,0,16,0.0
AttUNet_checkpoint-70,otherscanners,ses-01,anat,sub-chuv152_ses-01_acq-haste_run-2_echo-2_T2w,0.6932194232940674,0.530478835105896,17,2,1,16,0.0625
AttUNet_checkpoint-70,otherscanners,ses-01,anat,sub-chuv152_ses-01_acq-haste_run-2_echo-3_T2w,0.6961502432823181,0.5339190363883972,19,3,2,16,0.125
AttUNet_checkpoint-70,otherscanners,ses-01,anat,sub-chuv152_ses-01_acq-haste_run-2_echo-4_T2w,0.691657543182373,0.528651773929596,18,3,2,15,0.13333333333333333
AttUNet_checkpoint-70,otherscanners,ses-01,anat,sub-chuv152_ses-01_acq-haste_run-2_echo-5_T2w,0.6834810972213745,0.5191578269004822,31,13,2,16,0.125
AttUNet_checkpoint-70,otherscanners,ses-01,anat,sub-chuv152_ses-01_acq-haste_run-2_echo-6_T2w,0.666816771030426,0.5001689195632935,17,2,2,15,0.13333333333333333
AttUNet_checkpoint-70,otherscanners,ses-01,anat,sub-chuv152_ses-01_acq-haste_run-3_echo-1_T2w,0.9584749341011047,0.9202609658241272,22,3,2,19,0.10526315789473684
AttUNet_checkpoint-70,otherscanners,ses-01,anat,sub-chuv152_ses-01_acq-haste_run-3_echo-2_T2w,0.95689857006073,0.9173590540885925,24,5,2,19,0.10526315789473684
AttUNet_checkpoint-70,otherscanners,ses-01,anat,sub-chuv152_ses-01_acq-haste_run-3_echo-3_T2w,0.9564703106880188,0.9165722131729126,26,5,2,19,0.10526315789473684
AttUNet_checkpoint-70,otherscanners,ses-01,anat,sub-chuv152_ses-01_acq-haste_run-3_echo-4_T2w,0.9568771123886108,0.9173195958137512,21,2,2,19,0.10526315789473684
AttUNet_checkpoint-70,otherscanners,ses-01,anat,sub-chuv152_ses-01_acq-haste_run-3_echo-5_T2w,0.950146496295929,0.9050277471542358,29,8,3,20,0.15
AttUNet_checkpoint-70,otherscanners,ses-01,anat,sub-chuv152_ses-01_acq-haste_run-3_echo-6_T2w,0.9287643432617188,0.8670029044151306,29,4,5,22,0.22727272727272727
AttUNet_checkpoint-70,otherscanners,ses-01,anat,sub-chuv152_ses-01_acq-haste_run-4_echo-1_T2w,0.9659833312034607,0.9342048168182373,18,1,0,18,0.0
AttUNet_checkpoint-70,otherscanners,ses-01,anat,sub-chuv152_ses-01_acq-haste_run-4_echo-2_T2w,0.9655910134315491,0.933471143245697,18,1,0,18,0.0
AttUNet_checkpoint-70,otherscanners,ses-01,anat,sub-chuv152_ses-01_acq-haste_run-4_echo-3_T2w,0.9652721285820007,0.932875394821167,18,1,0,18,0.0
AttUNet_checkpoint-70,otherscanners,ses-01,anat,sub-chuv152_ses-01_acq-haste_run-4_echo-4_T2w,0.9639224410057068,0.9303573966026306,18,1,0,18,0.0
AttUNet_checkpoint-70,otherscanners,ses-01,anat,sub-chuv152_ses-01_acq-haste_run-4_echo-5_T2w,0.9628221392631531,0.9283095598220825,18,1,0,18,0.0
AttUNet_checkpoint-70,otherscanners,ses-01,anat,sub-chuv152_ses-01_acq-haste_run-4_echo-6_T2w,0.9616854786872864,0.9261986613273621,18,1,0,18,0.0
AttUNet_checkpoint-70,otherscanners,ses-01,anat,sub-chuv152_ses-01_acq-haste_run-5_echo-1_T2w,0.9397757649421692,0.8863934278488159,23,4,2,19,0.10526315789473684
AttUNet_checkpoint-70,otherscanners,ses-01,anat,sub-chuv152_ses-01_acq-haste_run-5_echo-2_T2w,0.9318037629127502,0.8723151683807373,21,2,2,19,0.10526315789473684
AttUNet_checkpoint-70,otherscanners,ses-01,anat,sub-chuv152_ses-01_acq-haste_run-5_echo-3_T2w,0.9173868298530579,0.8473819494247437,26,5,2,19,0.10526315789473684
AttUNet_checkpoint-70,otherscanners,ses-01,anat,sub-chuv152_ses-01_acq-haste_run-5_echo-4_T2w,0.9063861966133118,0.8287991881370544,26,7,2,19,0.10526315789473684
AttUNet_checkpoint-70,otherscanners,ses-01,anat,sub-chuv152_ses-01_acq-haste_run-5_echo-5_T2w,0.9020976424217224,0.8216555714607239,21,2,2,19,0.10526315789473684
AttUNet_checkpoint-70,otherscanners,ses-01,anat,sub-chuv152_ses-01_acq-haste_run-5_echo-6_T2w,0.8984748125076294,0.8156642913818359,24,3,4,19,0.21052631578947367
AttUNet_checkpoint-70,otherscanners,ses-01,anat,sub-chuv152_ses-01_acq-haste_run-6_echo-1_T2w,0.6230911612510681,0.4525289833545685,20,6,5,11,0.45454545454545453
AttUNet_checkpoint-70,otherscanners,ses-01,anat,sub-chuv152_ses-01_acq-haste_run-6_echo-2_T2w,0.579603910446167,0.40805795788764954,21,4,6,11,0.5454545454545454
AttUNet_checkpoint-70,otherscanners,ses-01,anat,sub-chuv152_ses-01_acq-haste_run-6_echo-3_T2w,0.5536577701568604,0.38279861211776733,34,11,7,12,0.5833333333333334
AttUNet_checkpoint-70,otherscanners,ses-01,anat,sub-chuv152_ses-01_acq-haste_run-6_echo-4_T2w,0.5235081911087036,0.3545622229576111,28,6,7,11,0.6363636363636364
AttUNet_checkpoint-70,otherscanners,ses-01,anat,sub-chuv152_ses-01_acq-haste_run-6_echo-5_T2w,0.49346235394477844,0.3275473117828369,17,2,6,11,0.5454545454545454
AttUNet_checkpoint-70,otherscanners,ses-01,anat,sub-chuv152_ses-01_acq-haste_run-6_echo-6_T2w,0.4786224067211151,0.314598023891449,36,5,11,16,0.6875
AttUNet_checkpoint-70,otherscanners,ses-01,anat,sub-chuv152_ses-01_acq-haste_run-7_echo-1_T2w,0.961719274520874,0.9262612462043762,18,1,0,18,0.0
AttUNet_checkpoint-70,otherscanners,ses-01,anat,sub-chuv152_ses-01_acq-haste_run-7_echo-2_T2w,0.9618549346923828,0.9265130758285522,18,1,0,18,0.0
AttUNet_checkpoint-70,otherscanners,ses-01,anat,sub-chuv152_ses-01_acq-haste_run-7_echo-3_T2w,0.9615799784660339,0.9260028600692749,18,1,0,18,0.0
AttUNet_checkpoint-70,otherscanners,ses-01,anat,sub-chuv152_ses-01_acq-haste_run-7_echo-4_T2w,0.959053635597229,0.9213285446166992,18,1,0,18,0.0
AttUNet_checkpoint-70,otherscanners,ses-01,anat,sub-chuv152_ses-01_acq-haste_run-7_echo-5_T2w,0.952905535697937,0.9100473523139954,18,2,1,17,0.058823529411764705
AttUNet_checkpoint-70,otherscanners,ses-01,anat,sub-chuv152_ses-01_acq-haste_run-7_echo-6_T2w,0.95149827003479,0.9074837565422058,18,2,1,17,0.058823529411764705
AttUNet_checkpoint-70,otherscanners,ses-01,anat,sub-chuv152_ses-01_acq-haste_run-8_echo-1_T2w,0.9082580208778381,0.8319346308708191,15,1,0,15,0.0
AttUNet_checkpoint-70,otherscanners,ses-01,anat,sub-chuv152_ses-01_acq-haste_run-8_echo-2_T2w,0.9106531739234924,0.8359625935554504,15,1,0,15,0.0
AttUNet_checkpoint-70,otherscanners,ses-01,anat,sub-chuv152_ses-01_acq-haste_run-8_echo-3_T2w,0.9112356901168823,0.8369448781013489,15,1,0,15,0.0
AttUNet_checkpoint-70,otherscanners,ses-01,anat,sub-chuv152_ses-01_acq-haste_run-8_echo-4_T2w,0.9127525091171265,0.839507520198822,15,1,0,15,0.0
AttUNet_checkpoint-70,otherscanners,ses-01,anat,sub-chuv152_ses-01_acq-haste_run-8_echo-5_T2w,0.9155596494674683,0.8442692160606384,18,2,1,17,0.058823529411764705
AttUNet_checkpoint-70,otherscanners,ses-01,anat,sub-chuv152_ses-01_acq-haste_run-8_echo-6_T2w,0.9152515530586243,0.8437454104423523,18,2,1,17,0.058823529411764705
AttUNet_checkpoint-70,otherscanners,ses-01,anat,sub-chuv152_ses-01_acq-haste_run-9_echo-1_T2w,0.7478228211402893,0.5972180962562561,12,2,1,11,0.09090909090909091
AttUNet_checkpoint-70,otherscanners,ses-01,anat,sub-chuv152_ses-01_acq-haste_run-9_echo-2_T2w,0.740554690361023,0.5880007147789001,11,1,0,11,0.0
AttUNet_checkpoint-70,otherscanners,ses-01,anat,sub-chuv152_ses-01_acq-haste_run-9_echo-3_T2w,0.739130437374115,0.5862069129943848,11,1,0,11,0.0
AttUNet_checkpoint-70,otherscanners,ses-01,anat,sub-chuv152_ses-01_acq-haste_run-9_echo-4_T2w,0.7207960486412048,0.563472330570221,15,2,2,13,0.15384615384615385
AttUNet_checkpoint-70,otherscanners,ses-01,anat,sub-chuv152_ses-01_acq-haste_run-9_echo-5_T2w,0.6903952956199646,0.5271783471107483,14,2,1,13,0.07692307692307693
AttUNet_checkpoint-70,otherscanners,ses-01,anat,sub-chuv152_ses-01_acq-haste_run-9_echo-6_T2w,0.6845341920852661,0.5203740000724792,12,1,0,12,0.0
AttUNet_checkpoint-70,otherscanners,ses-01,anat,sub-chuv154_ses-01_acq-haste_run-10_echo-1_T2w,0.9680234789848328,0.9380285739898682,22,1,0,22,0.0
AttUNet_checkpoint-70,otherscanners,ses-01,anat,sub-chuv154_ses-01_acq-haste_run-10_echo-2_T2w,0.9670806527137756,0.9362595677375793,22,1,0,22,0.0
AttUNet_checkpoint-70,otherscanners,ses-01,anat,sub-chuv154_ses-01_acq-haste_run-10_echo-3_T2w,0.966437041759491,0.935053825378418,22,1,0,22,0.0
AttUNet_checkpoint-70,otherscanners,ses-01,anat,sub-chuv154_ses-01_acq-haste_run-10_echo-4_T2w,0.9649776816368103,0.9323254227638245,22,1,0,22,0.0
AttUNet_checkpoint-70,otherscanners,ses-01,anat,sub-chuv154_ses-01_acq-haste_run-10_echo-5_T2w,0.9635442495346069,0.9296531081199646,22,1,0,22,0.0
AttUNet_checkpoint-70,otherscanners,ses-01,anat,sub-chuv154_ses-01_acq-haste_run-10_echo-6_T2w,0.9622461199760437,0.927239179611206,22,1,0,22,0.0
AttUNet_checkpoint-70,otherscanners,ses-01,anat,sub-chuv154_ses-01_acq-haste_run-11_echo-1_T2w,0.968517541885376,0.9389568567276001,22,1,0,22,0.0
AttUNet_checkpoint-70,otherscanners,ses-01,anat,sub-chuv154_ses-01_acq-haste_run-11_echo-2_T2w,0.9681042432785034,0.9381802678108215,22,1,0,22,0.0
AttUNet_checkpoint-70,otherscanners,ses-01,anat,sub-chuv154_ses-01_acq-haste_run-11_echo-3_T2w,0.9678062200546265,0.9376206994056702,22,1,0,22,0.0
AttUNet_checkpoint-70,otherscanners,ses-01,anat,sub-chuv154_ses-01_acq-haste_run-11_echo-4_T2w,0.9673111438751221,0.9366917610168457,22,1,0,22,0.0
AttUNet_checkpoint-70,otherscanners,ses-01,anat,sub-chuv154_ses-01_acq-haste_run-11_echo-5_T2w,0.9669536352157593,0.9360215067863464,23,2,1,22,0.045454545454545456
AttUNet_checkpoint-70,otherscanners,ses-01,anat,sub-chuv154_ses-01_acq-haste_run-11_echo-6_T2w,0.9662919640541077,0.9347823262214661,22,1,0,22,0.0
AttUNet_checkpoint-70,otherscanners,ses-01,anat,sub-chuv154_ses-01_acq-haste_run-12_echo-5_T2w,0.8920970559120178,0.8052123188972473,15,6,1,10,0.1
AttUNet_checkpoint-70,otherscanners,ses-01,anat,sub-chuv154_ses-01_acq-haste_run-12_echo-6_T2w,0.8879280686378479,0.7984448671340942,10,1,0,10,0.0
AttUNet_checkpoint-70,otherscanners,ses-01,anat,sub-chuv154_ses-01_acq-haste_run-13_echo-1_T2w,0.9610933661460876,0.9251008629798889,22,2,2,20,0.1
AttUNet_checkpoint-70,otherscanners,ses-01,anat,sub-chuv154_ses-01_acq-haste_run-13_echo-2_T2w,0.960986316204071,0.9249024391174316,22,2,2,20,0.1
AttUNet_checkpoint-70,otherscanners,ses-01,anat,sub-chuv154_ses-01_acq-haste_run-13_echo-3_T2w,0.9604719281196594,0.9239500164985657,23,2,3,20,0.15
AttUNet_checkpoint-70,otherscanners,ses-01,anat,sub-chuv154_ses-01_acq-haste_run-13_echo-4_T2w,0.9589009881019592,0.921046793460846,23,2,3,20,0.15
AttUNet_checkpoint-70,otherscanners,ses-01,anat,sub-chuv154_ses-01_acq-haste_run-13_echo-5_T2w,0.955559492111206,0.9149008393287659,22,2,3,19,0.15789473684210525
AttUNet_checkpoint-70,otherscanners,ses-01,anat,sub-chuv154_ses-01_acq-haste_run-13_echo-6_T2w,0.9533591270446777,0.9108750820159912,22,2,3,19,0.15789473684210525
AttUNet_checkpoint-70,otherscanners,ses-01,anat,sub-chuv154_ses-01_acq-haste_run-14_echo-1_T2w,0.9680154919624329,0.9380135536193848,25,2,3,22,0.13636363636363635
AttUNet_checkpoint-70,otherscanners,ses-01,anat,sub-chuv154_ses-01_acq-haste_run-14_echo-2_T2w,0.9671949148178101,0.9364738464355469,26,3,3,22,0.13636363636363635
AttUNet_checkpoint-70,otherscanners,ses-01,anat,sub-chuv154_ses-01_acq-haste_run-14_echo-3_T2w,0.9666549563407898,0.9354619383811951,26,3,3,22,0.13636363636363635
AttUNet_checkpoint-70,otherscanners,ses-01,anat,sub-chuv154_ses-01_acq-haste_run-14_echo-4_T2w,0.9655129313468933,0.9333253502845764,26,3,3,22,0.13636363636363635
AttUNet_checkpoint-70,otherscanners,ses-01,anat,sub-chuv154_ses-01_acq-haste_run-14_echo-5_T2w,0.9639095067977905,0.9303333163261414,26,2,4,22,0.18181818181818182
AttUNet_checkpoint-70,otherscanners,ses-01,anat,sub-chuv154_ses-01_acq-haste_run-14_echo-6_T2w,0.9613763689994812,0.9256253242492676,25,2,3,22,0.13636363636363635
AttUNet_checkpoint-70,otherscanners,ses-01,anat,sub-chuv154_ses-01_acq-haste_run-15_echo-1_T2w,0.9676506519317627,0.9373286366462708,20,1,0,20,0.0
AttUNet_checkpoint-70,otherscanners,ses-01,anat,sub-chuv154_ses-01_acq-haste_run-15_echo-2_T2w,0.9663267731666565,0.9348474144935608,20,1,0,20,0.0
AttUNet_checkpoint-70,otherscanners,ses-01,anat,sub-chuv154_ses-01_acq-haste_run-15_echo-3_T2w,0.9654381275177002,0.9331855177879333,20,1,0,20,0.0
AttUNet_checkpoint-70,otherscanners,ses-01,anat,sub-chuv154_ses-01_acq-haste_run-15_echo-4_T2w,0.9632310271263123,0.9290700554847717,20,1,0,20,0.0
AttUNet_checkpoint-70,otherscanners,ses-01,anat,sub-chuv154_ses-01_acq-haste_run-15_echo-5_T2w,0.9593585729598999,0.9218916296958923,20,1,0,20,0.0
AttUNet_checkpoint-70,otherscanners,ses-01,anat,sub-chuv154_ses-01_acq-haste_run-15_echo-6_T2w,0.9546496272087097,0.9132341742515564,20,1,0,20,0.0
AttUNet_checkpoint-70,otherscanners,ses-01,anat,sub-chuv154_ses-01_acq-haste_run-16_echo-1_T2w,0.9705023765563965,0.942695140838623,22,1,0,22,0.0
AttUNet_checkpoint-70,otherscanners,ses-01,anat,sub-chuv154_ses-01_acq-haste_run-16_echo-2_T2w,0.9701177477836609,0.941969633102417,22,1,0,22,0.0
AttUNet_checkpoint-70,otherscanners,ses-01,anat,sub-chuv154_ses-01_acq-haste_run-16_echo-3_T2w,0.9695768356323242,0.9409500956535339,22,1,0,22,0.0
AttUNet_checkpoint-70,otherscanners,ses-01,anat,sub-chuv154_ses-01_acq-haste_run-16_echo-4_T2w,0.9686917662620544,0.9392843842506409,22,1,0,22,0.0
AttUNet_checkpoint-70,otherscanners,ses-01,anat,sub-chuv154_ses-01_acq-haste_run-16_echo-5_T2w,0.967430830001831,0.936916172504425,22,1,0,22,0.0
AttUNet_checkpoint-70,otherscanners,ses-01,anat,sub-chuv154_ses-01_acq-haste_run-16_echo-6_T2w,0.965365469455719,0.9330496788024902,22,1,0,22,0.0
AttUNet_checkpoint-70,otherscanners,ses-01,anat,sub-chuv154_ses-01_acq-haste_run-1_echo-1_T2w,0.9437333941459656,0.8934613466262817,22,1,0,22,0.0
AttUNet_checkpoint-70,otherscanners,ses-01,anat,sub-chuv154_ses-01_acq-haste_run-1_echo-2_T2w,0.94269198179245,0.8915964365005493,22,1,0,22,0.0
AttUNet_checkpoint-70,otherscanners,ses-01,anat,sub-chuv154_ses-01_acq-haste_run-1_echo-3_T2w,0.9423118233680725,0.8909165263175964,22,1,0,22,0.0
AttUNet_checkpoint-70,otherscanners,ses-01,anat,sub-chuv154_ses-01_acq-haste_run-1_echo-4_T2w,0.9407968521118164,0.8882119059562683,23,2,1,22,0.045454545454545456
AttUNet_checkpoint-70,otherscanners,ses-01,anat,sub-chuv154_ses-01_acq-haste_run-1_echo-5_T2w,0.9393637776374817,0.8856606483459473,22,1,0,22,0.0
AttUNet_checkpoint-70,otherscanners,ses-01,anat,sub-chuv154_ses-01_acq-haste_run-1_echo-6_T2w,0.9386162757873535,0.8843325972557068,22,1,0,22,0.0
AttUNet_checkpoint-70,otherscanners,ses-01,anat,sub-chuv154_ses-01_acq-haste_run-2_echo-5_T2w,0.8713068962097168,0.7719609141349792,31,16,1,16,0.0625
AttUNet_checkpoint-70,otherscanners,ses-01,anat,sub-chuv154_ses-01_acq-haste_run-2_echo-6_T2w,0.861773669719696,0.7571198344230652,16,1,0,16,0.0
AttUNet_checkpoint-70,otherscanners,ses-01,anat,sub-chuv154_ses-01_acq-haste_run-3_echo-1_T2w,0.953125,0.9104477763175964,18,2,2,16,0.125
AttUNet_checkpoint-70,otherscanners,ses-01,anat,sub-chuv154_ses-01_acq-haste_run-3_echo-2_T2w,0.9535349011421204,0.9111960530281067,18,2,2,16,0.125
AttUNet_checkpoint-70,otherscanners,ses-01,anat,sub-chuv154_ses-01_acq-haste_run-3_echo-3_T2w,0.9535506367683411,0.9112247824668884,19,2,3,16,0.1875
AttUNet_checkpoint-70,otherscanners,ses-01,anat,sub-chuv154_ses-01_acq-haste_run-3_echo-4_T2w,0.9522568583488464,0.9088648557662964,19,2,3,16,0.1875
AttUNet_checkpoint-70,otherscanners,ses-01,anat,sub-chuv154_ses-01_acq-haste_run-3_echo-5_T2w,0.9520155787467957,0.9084252715110779,18,2,2,16,0.125
AttUNet_checkpoint-70,otherscanners,ses-01,anat,sub-chuv154_ses-01_acq-haste_run-3_echo-6_T2w,0.9511914849281311,0.9069257974624634,18,2,2,16,0.125
AttUNet_checkpoint-70,otherscanners,ses-01,anat,sub-chuv154_ses-01_acq-haste_run-4_echo-5_T2w,0.7961935997009277,0.6613966822624207,7,2,1,6,0.16666666666666666
AttUNet_checkpoint-70,otherscanners,ses-01,anat,sub-chuv154_ses-01_acq-haste_run-4_echo-6_T2w,0.7976644039154053,0.6634290814399719,10,5,1,6,0.16666666666666666
AttUNet_checkpoint-70,otherscanners,ses-01,anat,sub-chuv154_ses-01_acq-haste_run-5_echo-1_T2w,0.9517050385475159,0.9078599810600281,21,1,0,21,0.0
AttUNet_checkpoint-70,otherscanners,ses-01,anat,sub-chuv154_ses-01_acq-haste_run-5_echo-2_T2w,0.9525284171104431,0.9093596339225769,21,1,0,21,0.0
AttUNet_checkpoint-70,otherscanners,ses-01,anat,sub-chuv154_ses-01_acq-haste_run-5_echo-3_T2w,0.9525508284568787,0.9094005823135376,21,1,0,21,0.0
AttUNet_checkpoint-70,otherscanners,ses-01,anat,sub-chuv154_ses-01_acq-haste_run-5_echo-4_T2w,0.9519131183624268,0.9082387089729309,20,1,0,20,0.0
AttUNet_checkpoint-70,otherscanners,ses-01,anat,sub-chuv154_ses-01_acq-haste_run-5_echo-5_T2w,0.9518590569496155,0.9081403613090515,20,1,0,20,0.0
AttUNet_checkpoint-70,otherscanners,ses-01,anat,sub-chuv154_ses-01_acq-haste_run-5_echo-6_T2w,0.950951337814331,0.9064892530441284,20,1,0,20,0.0
AttUNet_checkpoint-70,otherscanners,ses-01,anat,sub-chuv154_ses-01_acq-haste_run-6_echo-1_T2w,0.9490501284599304,0.9030404090881348,20,1,0,20,0.0
AttUNet_checkpoint-70,otherscanners,ses-01,anat,sub-chuv154_ses-01_acq-haste_run-6_echo-2_T2w,0.9493646621704102,0.9036100506782532,20,1,0,20,0.0
AttUNet_checkpoint-70,otherscanners,ses-01,anat,sub-chuv154_ses-01_acq-haste_run-6_echo-3_T2w,0.9498210549354553,0.9044373631477356,22,2,1,21,0.047619047619047616
AttUNet_checkpoint-70,otherscanners,ses-01,anat,sub-chuv154_ses-01_acq-haste_run-6_echo-4_T2w,0.950456976890564,0.9055912494659424,21,1,0,21,0.0
AttUNet_checkpoint-70,otherscanners,ses-01,anat,sub-chuv154_ses-01_acq-haste_run-6_echo-5_T2w,0.950364887714386,0.9054239988327026,21,1,0,21,0.0
AttUNet_checkpoint-70,otherscanners,ses-01,anat,sub-chuv154_ses-01_acq-haste_run-6_echo-6_T2w,0.949404776096344,0.9036827087402344,21,1,0,21,0.0
AttUNet_checkpoint-70,otherscanners,ses-01,anat,sub-chuv154_ses-01_acq-haste_run-7_echo-1_T2w,0.970202624797821,0.9421296715736389,24,2,2,22,0.09090909090909091
AttUNet_checkpoint-70,otherscanners,ses-01,anat,sub-chuv154_ses-01_acq-haste_run-7_echo-2_T2w,0.9696730375289917,0.9411314129829407,24,2,2,22,0.09090909090909091
AttUNet_checkpoint-70,otherscanners,ses-01,anat,sub-chuv154_ses-01_acq-haste_run-7_echo-3_T2w,0.969218909740448,0.9402762651443481,23,2,1,22,0.045454545454545456
AttUNet_checkpoint-70,otherscanners,ses-01,anat,sub-chuv154_ses-01_acq-haste_run-7_echo-4_T2w,0.9685063362121582,0.9389358162879944,23,2,1,22,0.045454545454545456
AttUNet_checkpoint-70,otherscanners,ses-01,anat,sub-chuv154_ses-01_acq-haste_run-7_echo-5_T2w,0.9677383899688721,0.9374933838844299,23,2,1,22,0.045454545454545456
AttUNet_checkpoint-70,otherscanners,ses-01,anat,sub-chuv154_ses-01_acq-haste_run-7_echo-6_T2w,0.9669911861419678,0.9360918402671814,23,2,1,22,0.045454545454545456
AttUNet_checkpoint-70,otherscanners,ses-01,anat,sub-chuv154_ses-01_acq-haste_run-8_echo-5_T2w,0.9667024612426758,0.9355509281158447,10,1,0,10,0.0
AttUNet_checkpoint-70,otherscanners,ses-01,anat,sub-chuv154_ses-01_acq-haste_run-8_echo-6_T2w,0.9660180807113647,0.9342697858810425,10,1,0,10,0.0
AttUNet_checkpoint-70,otherscanners,ses-01,anat,sub-chuv154_ses-01_acq-haste_run-9_echo-1_T2w,0.9694983959197998,0.9408023953437805,21,2,1,20,0.05
AttUNet_checkpoint-70,otherscanners,ses-01,anat,sub-chuv154_ses-01_acq-haste_run-9_echo-2_T2w,0.9693006873130798,0.9404301047325134,19,1,0,19,0.0
AttUNet_checkpoint-70,otherscanners,ses-01,anat,sub-chuv154_ses-01_acq-haste_run-9_echo-3_T2w,0.9691951274871826,0.940231442451477,19,1,0,19,0.0
AttUNet_checkpoint-70,otherscanners,ses-01,anat,sub-chuv154_ses-01_acq-haste_run-9_echo-4_T2w,0.9677965641021729,0.9376025795936584,19,1,0,19,0.0
AttUNet_checkpoint-70,otherscanners,ses-01,anat,sub-chuv154_ses-01_acq-haste_run-9_echo-5_T2w,0.9661992192268372,0.9346087574958801,19,1,0,19,0.0
AttUNet_checkpoint-70,otherscanners,ses-01,anat,sub-chuv154_ses-01_acq-haste_run-9_echo-6_T2w,0.964682400226593,0.931774377822876,19,1,0,19,0.0
AttUNet_checkpoint-70,otherscanners,ses-01,anat,sub-chuv178_ses-01_acq-haste_run-10_echo-1_T2w,0.8399764895439148,0.7241029739379883,33,6,9,16,0.5625
AttUNet_checkpoint-70,otherscanners,ses-01,anat,sub-chuv178_ses-01_acq-haste_run-10_echo-2_T2w,0.8348624110221863,0.7165354490280151,38,7,8,17,0.47058823529411764
AttUNet_checkpoint-70,otherscanners,ses-01,anat,sub-chuv178_ses-01_acq-haste_run-10_echo-3_T2w,0.8313736319541931,0.7114109396934509,42,8,9,17,0.5294117647058824
AttUNet_checkpoint-70,otherscanners,ses-01,anat,sub-chuv178_ses-01_acq-haste_run-10_echo-4_T2w,0.8250318169593811,0.7021737098693848,38,7,8,17,0.47058823529411764
AttUNet_checkpoint-70,otherscanners,ses-01,anat,sub-chuv178_ses-01_acq-haste_run-10_echo-5_T2w,0.8189404606819153,0.6933947205543518,31,4,8,16,0.5
AttUNet_checkpoint-70,otherscanners,ses-01,anat,sub-chuv178_ses-01_acq-haste_run-10_echo-6_T2w,0.8087844848632812,0.6789572834968567,28,3,8,16,0.5
AttUNet_checkpoint-70,otherscanners,ses-01,anat,sub-chuv178_ses-01_acq-haste_run-11_echo-1_T2w,0.8476930856704712,0.7356487512588501,20,5,2,15,0.13333333333333333
AttUNet_checkpoint-70,otherscanners,ses-01,anat,sub-chuv178_ses-01_acq-haste_run-11_echo-2_T2w,0.8428612351417542,0.7284011840820312,25,6,3,16,0.1875
AttUNet_checkpoint-70,otherscanners,ses-01,anat,sub-chuv178_ses-01_acq-haste_run-11_echo-3_T2w,0.8344370722770691,0.7159090638160706,19,3,2,16,0.125
AttUNet_checkpoint-70,otherscanners,ses-01,anat,sub-chuv178_ses-01_acq-haste_run-11_echo-4_T2w,0.8236359357833862,0.7001539468765259,18,3,2,15,0.13333333333333333
AttUNet_checkpoint-70,otherscanners,ses-01,anat,sub-chuv178_ses-01_acq-haste_run-11_echo-5_T2w,0.8195207715034485,0.6942272186279297,16,2,1,15,0.06666666666666667
AttUNet_checkpoint-70,otherscanners,ses-01,anat,sub-chuv178_ses-01_acq-haste_run-11_echo-6_T2w,0.8148880004882812,0.6876041889190674,17,2,1,16,0.0625
AttUNet_checkpoint-70,otherscanners,ses-01,anat,sub-chuv178_ses-01_acq-haste_run-12_echo-1_T2w,0.8836502432823181,0.7915531992912292,24,7,2,16,0.125
AttUNet_checkpoint-70,otherscanners,ses-01,anat,sub-chuv178_ses-01_acq-haste_run-12_echo-2_T2w,0.8870707154273987,0.7970593571662903,23,7,2,15,0.13333333333333333
AttUNet_checkpoint-70,otherscanners,ses-01,anat,sub-chuv178_ses-01_acq-haste_run-12_echo-3_T2w,0.8949787616729736,0.8099199533462524,19,5,1,15,0.06666666666666667
AttUNet_checkpoint-70,otherscanners,ses-01,anat,sub-chuv178_ses-01_acq-haste_run-12_echo-4_T2w,0.9022474884986877,0.8219043016433716,19,3,3,15,0.2
AttUNet_checkpoint-70,otherscanners,ses-01,anat,sub-chuv178_ses-01_acq-haste_run-12_echo-5_T2w,0.9076435565948486,0.8309041857719421,16,2,2,14,0.14285714285714285
AttUNet_checkpoint-70,otherscanners,ses-01,anat,sub-chuv178_ses-01_acq-haste_run-12_echo-6_T2w,0.9125641584396362,0.8391889333724976,20,5,2,15,0.13333333333333333
AttUNet_checkpoint-70,otherscanners,ses-01,anat,sub-chuv178_ses-01_acq-haste_run-13_echo-1_T2w,0.8806301951408386,0.786719560623169,24,3,2,20,0.1
AttUNet_checkpoint-70,otherscanners,ses-01,anat,sub-chuv178_ses-01_acq-haste_run-13_echo-2_T2w,0.8798738121986389,0.785513162612915,27,5,3,20,0.15
AttUNet_checkpoint-70,otherscanners,ses-01,anat,sub-chuv178_ses-01_acq-haste_run-13_echo-3_T2w,0.8752617835998535,0.7781915068626404,24,3,3,20,0.15
AttUNet_checkpoint-70,otherscanners,ses-01,anat,sub-chuv178_ses-01_acq-haste_run-13_echo-4_T2w,0.8676984310150146,0.766313910484314,25,4,3,20,0.15
AttUNet_checkpoint-70,otherscanners,ses-01,anat,sub-chuv178_ses-01_acq-haste_run-13_echo-5_T2w,0.861380934715271,0.756513774394989,26,4,3,20,0.15
AttUNet_checkpoint-70,otherscanners,ses-01,anat,sub-chuv178_ses-01_acq-haste_run-13_echo-6_T2w,0.8596814870834351,0.7538959383964539,25,4,3,20,0.15
AttUNet_checkpoint-70,otherscanners,ses-01,anat,sub-chuv178_ses-01_acq-haste_run-1_echo-1_T2w,0.9207600355148315,0.8531559705734253,28,8,2,19,0.10526315789473684
AttUNet_checkpoint-70,otherscanners,ses-01,anat,sub-chuv178_ses-01_acq-haste_run-1_echo-2_T2w,0.922627866268158,0.8563687801361084,22,3,2,19,0.10526315789473684
AttUNet_checkpoint-70,otherscanners,ses-01,anat,sub-chuv178_ses-01_acq-haste_run-1_echo-3_T2w,0.9207664132118225,0.8531669974327087,24,4,3,19,0.15789473684210525
AttUNet_checkpoint-70,otherscanners,ses-01,anat,sub-chuv178_ses-01_acq-haste_run-1_echo-4_T2w,0.913631021976471,0.840995192527771,19,2,1,18,0.05555555555555555
AttUNet_checkpoint-70,otherscanners,ses-01,anat,sub-chuv178_ses-01_acq-haste_run-1_echo-5_T2w,0.9111412167549133,0.8367854356765747,21,2,2,19,0.10526315789473684
AttUNet_checkpoint-70,otherscanners,ses-01,anat,sub-chuv178_ses-01_acq-haste_run-1_echo-6_T2w,0.9094099402427673,0.8338696360588074,21,2,2,19,0.10526315789473684
AttUNet_checkpoint-70,otherscanners,ses-01,anat,sub-chuv178_ses-01_acq-haste_run-2_echo-1_T2w,0.9369983077049255,0.8814645409584045,15,1,0,15,0.0
AttUNet_checkpoint-70,otherscanners,ses-01,anat,sub-chuv178_ses-01_acq-haste_run-2_echo-2_T2w,0.936475396156311,0.8805394768714905,15,1,0,15,0.0
AttUNet_checkpoint-70,otherscanners,ses-01,anat,sub-chuv178_ses-01_acq-haste_run-2_echo-3_T2w,0.9360596537590027,0.8798046708106995,16,2,1,15,0.06666666666666667
AttUNet_checkpoint-70,otherscanners,ses-01,anat,sub-chuv178_ses-01_acq-haste_run-2_echo-4_T2w,0.9350147843360901,0.8779603242874146,17,2,2,15,0.13333333333333333
AttUNet_checkpoint-70,otherscanners,ses-01,anat,sub-chuv178_ses-01_acq-haste_run-2_echo-5_T2w,0.9314577579498291,0.8717089295387268,18,3,2,15,0.13333333333333333
AttUNet_checkpoint-70,otherscanners,ses-01,anat,sub-chuv178_ses-01_acq-haste_run-2_echo-6_T2w,0.9294173717498779,0.8681416511535645,20,3,3,15,0.2
AttUNet_checkpoint-70,otherscanners,ses-01,anat,sub-chuv178_ses-01_acq-haste_run-3_echo-1_T2w,0.666930615901947,0.5002970099449158,44,7,10,19,0.5263157894736842
AttUNet_checkpoint-70,otherscanners,ses-01,anat,sub-chuv178_ses-01_acq-haste_run-3_echo-2_T2w,0.6467132568359375,0.47788339853286743,39,6,8,19,0.42105263157894735
AttUNet_checkpoint-70,otherscanners,ses-01,anat,sub-chuv178_ses-01_acq-haste_run-3_echo-3_T2w,0.6407031416893005,0.47134894132614136,44,9,8,19,0.42105263157894735
AttUNet_checkpoint-70,otherscanners,ses-01,anat,sub-chuv178_ses-01_acq-haste_run-3_echo-4_T2w,0.6460015177726746,0.47710657119750977,56,10,8,19,0.42105263157894735
AttUNet_checkpoint-70,otherscanners,ses-01,anat,sub-chuv178_ses-01_acq-haste_run-3_echo-5_T2w,0.6699280142784119,0.5036779642105103,45,8,8,19,0.42105263157894735
AttUNet_checkpoint-70,otherscanners,ses-01,anat,sub-chuv178_ses-01_acq-haste_run-3_echo-6_T2w,0.696811854839325,0.5346977710723877,41,7,8,19,0.42105263157894735
AttUNet_checkpoint-70,otherscanners,ses-01,anat,sub-chuv178_ses-01_acq-haste_run-4_echo-1_T2w,0.9254474639892578,0.8612399101257324,23,3,1,21,0.047619047619047616
AttUNet_checkpoint-70,otherscanners,ses-01,anat,sub-chuv178_ses-01_acq-haste_run-4_echo-2_T2w,0.9236840009689331,0.8581903576850891,21,1,0,21,0.0
AttUNet_checkpoint-70,otherscanners,ses-01,anat,sub-chuv178_ses-01_acq-haste_run-4_echo-3_T2w,0.9234029054641724,0.8577051758766174,22,1,0,22,0.0
AttUNet_checkpoint-70,otherscanners,ses-01,anat,sub-chuv178_ses-01_acq-haste_run-4_echo-4_T2w,0.9246125817298889,0.8597948551177979,22,1,0,22,0.0
AttUNet_checkpoint-70,otherscanners,ses-01,anat,sub-chuv178_ses-01_acq-haste_run-4_echo-5_T2w,0.926416277885437,0.8629193902015686,23,2,1,22,0.045454545454545456
AttUNet_checkpoint-70,otherscanners,ses-01,anat,sub-chuv178_ses-01_acq-haste_run-4_echo-6_T2w,0.929266631603241,0.8678786158561707,23,2,1,22,0.045454545454545456
AttUNet_checkpoint-70,otherscanners,ses-01,anat,sub-chuv178_ses-01_acq-haste_run-5_echo-1_T2w,0.6927275657653809,0.529902994632721,17,3,2,14,0.14285714285714285
AttUNet_checkpoint-70,otherscanners,ses-01,anat,sub-chuv178_ses-01_acq-haste_run-5_echo-2_T2w,0.6931265592575073,0.5303701162338257,17,3,2,14,0.14285714285714285
AttUNet_checkpoint-70,otherscanners,ses-01,anat,sub-chuv178_ses-01_acq-haste_run-5_echo-3_T2w,0.6928324699401855,0.5300257802009583,17,3,2,14,0.14285714285714285
AttUNet_checkpoint-70,otherscanners,ses-01,anat,sub-chuv178_ses-01_acq-haste_run-5_echo-4_T2w,0.6896496415138245,0.5263093709945679,20,3,3,15,0.2
AttUNet_checkpoint-70,otherscanners,ses-01,anat,sub-chuv178_ses-01_acq-haste_run-5_echo-5_T2w,0.6709798574447632,0.5048680901527405,32,8,5,16,0.3125
AttUNet_checkpoint-70,otherscanners,ses-01,anat,sub-chuv178_ses-01_acq-haste_run-5_echo-6_T2w,0.6488125920295715,0.4801795482635498,28,5,4,16,0.25
AttUNet_checkpoint-70,otherscanners,ses-01,anat,sub-chuv178_ses-01_acq-haste_run-6_echo-1_T2w,0.8879977464675903,0.7985575199127197,30,5,5,19,0.2631578947368421
AttUNet_checkpoint-70,otherscanners,ses-01,anat,sub-chuv178_ses-01_acq-haste_run-6_echo-2_T2w,0.8915616273880005,0.8043402433395386,30,5,6,19,0.3157894736842105
AttUNet_checkpoint-70,otherscanners,ses-01,anat,sub-chuv178_ses-01_acq-haste_run-6_echo-3_T2w,0.8931220769882202,0.8068839311599731,28,4,5,19,0.2631578947368421
AttUNet_checkpoint-70,otherscanners,ses-01,anat,sub-chuv178_ses-01_acq-haste_run-6_echo-4_T2w,0.8942371606826782,0.8087061643600464,24,3,4,18,0.2222222222222222
AttUNet_checkpoint-70,otherscanners,ses-01,anat,sub-chuv178_ses-01_acq-haste_run-6_echo-5_T2w,0.8945122361183167,0.8091561198234558,24,3,4,18,0.2222222222222222
AttUNet_checkpoint-70,otherscanners,ses-01,anat,sub-chuv178_ses-01_acq-haste_run-6_echo-6_T2w,0.8941934108734131,0.8086345195770264,24,3,4,18,0.2222222222222222
AttUNet_checkpoint-70,otherscanners,ses-01,anat,sub-chuv178_ses-01_acq-haste_run-7_echo-1_T2w,0.9103257656097412,0.8354109525680542,22,2,4,18,0.2222222222222222
AttUNet_checkpoint-70,otherscanners,ses-01,anat,sub-chuv178_ses-01_acq-haste_run-7_echo-2_T2w,0.9090054631233215,0.8331897854804993,23,3,4,18,0.2222222222222222
AttUNet_checkpoint-70,otherscanners,ses-01,anat,sub-chuv178_ses-01_acq-haste_run-7_echo-3_T2w,0.9085317850112915,0.8323941826820374,26,4,4,18,0.2222222222222222
AttUNet_checkpoint-70,otherscanners,ses-01,anat,sub-chuv178_ses-01_acq-haste_run-7_echo-4_T2w,0.9093688130378723,0.8338004946708679,21,3,3,17,0.17647058823529413
AttUNet_checkpoint-70,otherscanners,ses-01,anat,sub-chuv178_ses-01_acq-haste_run-7_echo-5_T2w,0.9089886546134949,0.833161473274231,20,3,2,17,0.11764705882352941
AttUNet_checkpoint-70,otherscanners,ses-01,anat,sub-chuv178_ses-01_acq-haste_run-7_echo-6_T2w,0.9080426096916199,0.8315733075141907,26,8,3,17,0.17647058823529413
AttUNet_checkpoint-70,otherscanners,ses-01,anat,sub-chuv178_ses-01_acq-haste_run-8_echo-1_T2w,0.9284149408340454,0.8663941025733948,22,1,0,22,0.0
AttUNet_checkpoint-70,otherscanners,ses-01,anat,sub-chuv178_ses-01_acq-haste_run-8_echo-2_T2w,0.9243665933609009,0.8593695163726807,23,2,1,22,0.045454545454545456
AttUNet_checkpoint-70,otherscanners,ses-01,anat,sub-chuv178_ses-01_acq-haste_run-8_echo-3_T2w,0.9227232336997986,0.8565331101417542,23,2,1,22,0.045454545454545456
AttUNet_checkpoint-70,otherscanners,ses-01,anat,sub-chuv178_ses-01_acq-haste_run-8_echo-4_T2w,0.9224702715873718,0.8560972213745117,23,2,1,22,0.045454545454545456
AttUNet_checkpoint-70,otherscanners,ses-01,anat,sub-chuv178_ses-01_acq-haste_run-8_echo-5_T2w,0.9221368432044983,0.8555231094360352,24,3,1,22,0.045454545454545456
AttUNet_checkpoint-70,otherscanners,ses-01,anat,sub-chuv178_ses-01_acq-haste_run-8_echo-6_T2w,0.9228413105010986,0.8567366600036621,24,3,1,22,0.045454545454545456
AttUNet_checkpoint-70,otherscanners,ses-01,anat,sub-chuv178_ses-01_acq-haste_run-9_echo-1_T2w,0.884170651435852,0.7923887372016907,18,3,2,15,0.13333333333333333
AttUNet_checkpoint-70,otherscanners,ses-01,anat,sub-chuv178_ses-01_acq-haste_run-9_echo-2_T2w,0.8833057284355164,0.7910005450248718,18,3,2,15,0.13333333333333333
AttUNet_checkpoint-70,otherscanners,ses-01,anat,sub-chuv178_ses-01_acq-haste_run-9_echo-3_T2w,0.8826577067375183,0.7899618148803711,19,4,2,15,0.13333333333333333
AttUNet_checkpoint-70,otherscanners,ses-01,anat,sub-chuv178_ses-01_acq-haste_run-9_echo-4_T2w,0.882614016532898,0.78989177942276,18,3,2,15,0.13333333333333333
AttUNet_checkpoint-70,otherscanners,ses-01,anat,sub-chuv178_ses-01_acq-haste_run-9_echo-5_T2w,0.8826229572296143,0.7899061441421509,18,3,2,15,0.13333333333333333
AttUNet_checkpoint-70,otherscanners,ses-01,anat,sub-chuv178_ses-01_acq-haste_run-9_echo-6_T2w,0.8842325210571289,0.7924880981445312,17,3,1,15,0.06666666666666667
AttUNet_checkpoint-70,otherscanners,ses-01,anat,sub-chuv198_ses-01_acq-haste_run-1_echo-1_T2w,0.9731151461601257,0.9476380348205566,26,2,1,25,0.04
AttUNet_checkpoint-70,otherscanners,ses-01,anat,sub-chuv198_ses-01_acq-haste_run-1_echo-2_T2w,0.9722382426261902,0.9459762573242188,25,1,0,25,0.0
AttUNet_checkpoint-70,otherscanners,ses-01,anat,sub-chuv198_ses-01_acq-haste_run-1_echo-3_T2w,0.9709701538085938,0.9435781836509705,26,2,1,25,0.04
AttUNet_checkpoint-70,otherscanners,ses-01,anat,sub-chuv198_ses-01_acq-haste_run-1_echo-4_T2w,0.9578740000724792,0.9191536903381348,24,1,0,24,0.0
AttUNet_checkpoint-70,otherscanners,ses-01,anat,sub-chuv198_ses-01_acq-haste_run-1_echo-5_T2w,0.9495095610618591,0.9038726091384888,25,2,1,24,0.041666666666666664
AttUNet_checkpoint-70,otherscanners,ses-01,anat,sub-chuv198_ses-01_acq-haste_run-1_echo-6_T2w,0.9437171816825867,0.8934323191642761,28,2,3,25,0.12
AttUNet_checkpoint-70,otherscanners,ses-01,anat,sub-chuv198_ses-01_acq-haste_run-2_echo-1_T2w,0.9725976586341858,0.9466570615768433,28,2,1,27,0.037037037037037035
AttUNet_checkpoint-70,otherscanners,ses-01,anat,sub-chuv198_ses-01_acq-haste_run-2_echo-2_T2w,0.9720431566238403,0.9456069469451904,28,2,1,27,0.037037037037037035
AttUNet_checkpoint-70,otherscanners,ses-01,anat,sub-chuv198_ses-01_acq-haste_run-2_echo-3_T2w,0.9712573289871216,0.9441207647323608,31,5,1,27,0.037037037037037035
AttUNet_checkpoint-70,otherscanners,ses-01,anat,sub-chuv198_ses-01_acq-haste_run-2_echo-4_T2w,0.9652227759361267,0.9327831864356995,32,5,2,27,0.07407407407407407
AttUNet_checkpoint-70,otherscanners,ses-01,anat,sub-chuv198_ses-01_acq-haste_run-2_echo-5_T2w,0.9475064277648926,0.900249183177948,30,2,3,27,0.1111111111111111
AttUNet_checkpoint-70,otherscanners,ses-01,anat,sub-chuv198_ses-01_acq-haste_run-2_echo-6_T2w,0.9363222122192383,0.8802686929702759,31,3,3,27,0.1111111111111111
AttUNet_checkpoint-70,otherscanners,ses-01,anat,sub-chuv210_ses-01_acq-haste_run-1_echo-1_T2w,0.9723019003868103,0.9460967779159546,31,2,1,30,0.03333333333333333
AttUNet_checkpoint-70,otherscanners,ses-01,anat,sub-chuv210_ses-01_acq-haste_run-1_echo-2_T2w,0.9711533784866333,0.9439244270324707,31,2,1,30,0.03333333333333333
AttUNet_checkpoint-70,otherscanners,ses-01,anat,sub-chuv210_ses-01_acq-haste_run-1_echo-3_T2w,0.9700656533241272,0.9418712854385376,31,2,1,30,0.03333333333333333
AttUNet_checkpoint-70,otherscanners,ses-01,anat,sub-chuv210_ses-01_acq-haste_run-1_echo-4_T2w,0.967269241809845,0.936613142490387,31,2,1,30,0.03333333333333333
AttUNet_checkpoint-70,otherscanners,ses-01,anat,sub-chuv210_ses-01_acq-haste_run-1_echo-5_T2w,0.9629536271095276,0.928554117679596,30,1,0,30,0.0
AttUNet_checkpoint-70,otherscanners,ses-01,anat,sub-chuv210_ses-01_acq-haste_run-1_echo-6_T2w,0.9604927897453308,0.9239885807037354,30,1,0,30,0.0
AttUNet_checkpoint-70,otherscanners,ses-01,anat,sub-chuv210_ses-01_acq-haste_run-2_echo-1_T2w,0.9739580154418945,0.9492380023002625,24,2,2,22,0.09090909090909091
AttUNet_checkpoint-70,otherscanners,ses-01,anat,sub-chuv210_ses-01_acq-haste_run-2_echo-2_T2w,0.9730463624000549,0.9475075602531433,23,2,1,22,0.045454545454545456
AttUNet_checkpoint-70,otherscanners,ses-01,anat,sub-chuv210_ses-01_acq-haste_run-2_echo-3_T2w,0.9724524021148682,0.9463818073272705,23,2,1,22,0.045454545454545456
AttUNet_checkpoint-70,otherscanners,ses-01,anat,sub-chuv210_ses-01_acq-haste_run-2_echo-4_T2w,0.9713360071182251,0.9442694783210754,24,2,2,22,0.09090909090909091
AttUNet_checkpoint-70,otherscanners,ses-01,anat,sub-chuv210_ses-01_acq-haste_run-2_echo-5_T2w,0.9692404270172119,0.9403167366981506,24,2,2,22,0.09090909090909091
AttUNet_checkpoint-70,otherscanners,ses-01,anat,sub-chuv210_ses-01_acq-haste_run-2_echo-6_T2w,0.9670380353927612,0.9361796379089355,24,2,2,22,0.09090909090909091
AttUNet_checkpoint-70,otherscanners,ses-01,anat,sub-chuv210_ses-01_acq-haste_run-3_echo-1_T2w,0.9735098481178284,0.9483869075775146,26,1,0,26,0.0
AttUNet_checkpoint-70,otherscanners,ses-01,anat,sub-chuv210_ses-01_acq-haste_run-3_echo-2_T2w,0.9715030789375305,0.9445853233337402,26,1,0,26,0.0
AttUNet_checkpoint-70,otherscanners,ses-01,anat,sub-chuv210_ses-01_acq-haste_run-3_echo-3_T2w,0.9700942635536194,0.9419253468513489,26,1,0,26,0.0
AttUNet_checkpoint-70,otherscanners,ses-01,anat,sub-chuv210_ses-01_acq-haste_run-3_echo-4_T2w,0.967027485370636,0.9361599683761597,26,1,0,26,0.0
AttUNet_checkpoint-70,otherscanners,ses-01,anat,sub-chuv210_ses-01_acq-haste_run-3_echo-5_T2w,0.9633700847625732,0.9293288588523865,26,1,0,26,0.0
AttUNet_checkpoint-70,otherscanners,ses-01,anat,sub-chuv210_ses-01_acq-haste_run-3_echo-6_T2w,0.9581823945045471,0.9197218418121338,26,1,0,26,0.0
AttUNet_checkpoint-70,otherscanners,ses-01,anat,sub-chuv210_ses-01_acq-haste_run-4_echo-1_T2w,0.9738063812255859,0.948949933052063,23,3,1,21,0.047619047619047616
AttUNet_checkpoint-70,otherscanners,ses-01,anat,sub-chuv210_ses-01_acq-haste_run-4_echo-2_T2w,0.9729275107383728,0.9472822546958923,23,3,1,21,0.047619047619047616
AttUNet_checkpoint-70,otherscanners,ses-01,anat,sub-chuv210_ses-01_acq-haste_run-4_echo-3_T2w,0.9718255996704102,0.9451952576637268,23,3,1,21,0.047619047619047616
AttUNet_checkpoint-70,otherscanners,ses-01,anat,sub-chuv210_ses-01_acq-haste_run-4_echo-4_T2w,0.9694039821624756,0.9406246542930603,23,3,1,21,0.047619047619047616
AttUNet_checkpoint-70,otherscanners,ses-01,anat,sub-chuv210_ses-01_acq-haste_run-4_echo-5_T2w,0.9690387845039368,0.9399372339248657,23,3,1,21,0.047619047619047616
AttUNet_checkpoint-70,otherscanners,ses-01,anat,sub-chuv210_ses-01_acq-haste_run-4_echo-6_T2w,0.9675827622413635,0.9372012615203857,23,2,1,22,0.045454545454545456
AttUNet_checkpoint-70,otherscanners,ses-01,anat,sub-chuv210_ses-01_acq-haste_run-5_echo-1_T2w,0.9715872406959534,0.9447444677352905,26,1,0,26,0.0
AttUNet_checkpoint-70,otherscanners,ses-01,anat,sub-chuv210_ses-01_acq-haste_run-5_echo-2_T2w,0.9687616229057312,0.9394157528877258,26,1,0,26,0.0
AttUNet_checkpoint-70,otherscanners,ses-01,anat,sub-chuv210_ses-01_acq-haste_run-5_echo-3_T2w,0.9668147563934326,0.9357612729072571,26,1,0,26,0.0
AttUNet_checkpoint-70,otherscanners,ses-01,anat,sub-chuv210_ses-01_acq-haste_run-5_echo-4_T2w,0.9637981057167053,0.9301258325576782,26,1,0,26,0.0
AttUNet_checkpoint-70,otherscanners,ses-01,anat,sub-chuv210_ses-01_acq-haste_run-5_echo-5_T2w,0.961233913898468,0.9253612756729126,26,1,0,26,0.0
AttUNet_checkpoint-70,otherscanners,ses-01,anat,sub-chuv210_ses-01_acq-haste_run-5_echo-6_T2w,0.9582381844520569,0.9198246002197266,26,1,0,26,0.0
AttUNet_checkpoint-70,otherscanners,ses-01,anat,sub-chuv210_ses-01_acq-haste_run-6_echo-1_T2w,0.9718241691589355,0.9451925754547119,30,1,0,30,0.0
AttUNet_checkpoint-70,otherscanners,ses-01,anat,sub-chuv210_ses-01_acq-haste_run-6_echo-2_T2w,0.9704777002334595,0.9426485896110535,30,1,0,30,0.0
AttUNet_checkpoint-70,otherscanners,ses-01,anat,sub-chuv210_ses-01_acq-haste_run-6_echo-3_T2w,0.9689568877220154,0.9397830963134766,30,1,0,30,0.0
AttUNet_checkpoint-70,otherscanners,ses-01,anat,sub-chuv210_ses-01_acq-haste_run-6_echo-4_T2w,0.965596616268158,0.9334816336631775,30,1,0,30,0.0
AttUNet_checkpoint-70,otherscanners,ses-01,anat,sub-chuv210_ses-01_acq-haste_run-6_echo-5_T2w,0.9626142382621765,0.9279231429100037,29,1,0,29,0.0
AttUNet_checkpoint-70,otherscanners,ses-01,anat,sub-chuv210_ses-01_acq-haste_run-6_echo-6_T2w,0.9602177739143372,0.9234796762466431,29,1,0,29,0.0
AttUNet_checkpoint-70,otherscanners,ses-01,anat,sub-chuv211_ses-01_acq-haste_run-10_echo-1_T2w,0.5767044425010681,0.40518954396247864,29,4,7,20,0.35
AttUNet_checkpoint-70,otherscanners,ses-01,anat,sub-chuv211_ses-01_acq-haste_run-10_echo-2_T2w,0.5786714553833008,0.4071342349052429,31,4,7,20,0.35
AttUNet_checkpoint-70,otherscanners,ses-01,anat,sub-chuv211_ses-01_acq-haste_run-10_echo-3_T2w,0.5804097652435303,0.4088572859764099,27,3,5,20,0.25
AttUNet_checkpoint-70,otherscanners,ses-01,anat,sub-chuv211_ses-01_acq-haste_run-10_echo-4_T2w,0.581544041633606,0.4099838435649872,31,4,7,21,0.3333333333333333
AttUNet_checkpoint-70,otherscanners,ses-01,anat,sub-chuv211_ses-01_acq-haste_run-10_echo-5_T2w,0.5784090161323547,0.4068744480609894,26,3,5,19,0.2631578947368421
AttUNet_checkpoint-70,otherscanners,ses-01,anat,sub-chuv211_ses-01_acq-haste_run-10_echo-6_T2w,0.5765379667282104,0.4050251841545105,34,5,7,19,0.3684210526315789
AttUNet_checkpoint-70,otherscanners,ses-01,anat,sub-chuv211_ses-01_acq-haste_run-11_echo-1_T2w,0.8343518972396851,0.7157837152481079,22,5,3,16,0.1875
AttUNet_checkpoint-70,otherscanners,ses-01,anat,sub-chuv211_ses-01_acq-haste_run-11_echo-2_T2w,0.8337493538856506,0.7148972153663635,27,9,2,16,0.125
AttUNet_checkpoint-70,otherscanners,ses-01,anat,sub-chuv211_ses-01_acq-haste_run-11_echo-3_T2w,0.8334671854972839,0.7144824266433716,24,8,2,16,0.125
AttUNet_checkpoint-70,otherscanners,ses-01,anat,sub-chuv211_ses-01_acq-haste_run-11_echo-4_T2w,0.8386150002479553,0.7220817804336548,21,5,2,16,0.125
AttUNet_checkpoint-70,otherscanners,ses-01,anat,sub-chuv211_ses-01_acq-haste_run-11_echo-5_T2w,0.8378164768218994,0.7208986282348633,16,2,1,15,0.06666666666666667
AttUNet_checkpoint-70,otherscanners,ses-01,anat,sub-chuv211_ses-01_acq-haste_run-11_echo-6_T2w,0.8324304819107056,0.7129600644111633,16,2,1,15,0.06666666666666667
AttUNet_checkpoint-70,otherscanners,ses-01,anat,sub-chuv211_ses-01_acq-haste_run-12_echo-1_T2w,0.9492349028587341,0.903374969959259,23,2,2,21,0.09523809523809523
AttUNet_checkpoint-70,otherscanners,ses-01,anat,sub-chuv211_ses-01_acq-haste_run-12_echo-2_T2w,0.9486680626869202,0.9023488163948059,23,2,2,21,0.09523809523809523
AttUNet_checkpoint-70,otherscanners,ses-01,anat,sub-chuv211_ses-01_acq-haste_run-12_echo-3_T2w,0.9487906098365784,0.9025705456733704,23,2,2,21,0.09523809523809523
AttUNet_checkpoint-70,otherscanners,ses-01,anat,sub-chuv211_ses-01_acq-haste_run-12_echo-4_T2w,0.9489507675170898,0.9028604626655579,23,2,2,21,0.09523809523809523
AttUNet_checkpoint-70,otherscanners,ses-01,anat,sub-chuv211_ses-01_acq-haste_run-12_echo-5_T2w,0.9529274106025696,0.9100872874259949,33,7,4,22,0.18181818181818182
AttUNet_checkpoint-70,otherscanners,ses-01,anat,sub-chuv211_ses-01_acq-haste_run-12_echo-6_T2w,0.9552578330039978,0.9143480062484741,26,2,4,22,0.18181818181818182
AttUNet_checkpoint-70,otherscanners,ses-01,anat,sub-chuv211_ses-01_acq-haste_run-13_echo-1_T2w,0.9628248810768127,0.9283146858215332,29,2,1,28,0.03571428571428571
AttUNet_checkpoint-70,otherscanners,ses-01,anat,sub-chuv211_ses-01_acq-haste_run-13_echo-2_T2w,0.96226567029953,0.927275538444519,29,2,1,28,0.03571428571428571
AttUNet_checkpoint-70,otherscanners,ses-01,anat,sub-chuv211_ses-01_acq-haste_run-13_echo-3_T2w,0.961962878704071,0.9267133474349976,28,1,0,28,0.0
AttUNet_checkpoint-70,otherscanners,ses-01,anat,sub-chuv211_ses-01_acq-haste_run-13_echo-4_T2w,0.9624313712120056,0.9275833964347839,28,1,0,28,0.0
AttUNet_checkpoint-70,otherscanners,ses-01,anat,sub-chuv211_ses-01_acq-haste_run-13_echo-5_T2w,0.9622296094894409,0.9272086024284363,28,1,0,28,0.0
AttUNet_checkpoint-70,otherscanners,ses-01,anat,sub-chuv211_ses-01_acq-haste_run-13_echo-6_T2w,0.9612104296684265,0.9253177046775818,28,1,0,28,0.0
AttUNet_checkpoint-70,otherscanners,ses-01,anat,sub-chuv211_ses-01_acq-haste_run-14_echo-1_T2w,0.8506261706352234,0.7400779128074646,36,6,5,25,0.2
AttUNet_checkpoint-70,otherscanners,ses-01,anat,sub-chuv211_ses-01_acq-haste_run-14_echo-2_T2w,0.8492418527603149,0.7379845976829529,44,8,6,26,0.23076923076923078
AttUNet_checkpoint-70,otherscanners,ses-01,anat,sub-chuv211_ses-01_acq-haste_run-14_echo-3_T2w,0.8416602611541748,0.7266091108322144,53,8,7,26,0.2692307692307692
AttUNet_checkpoint-70,otherscanners,ses-01,anat,sub-chuv211_ses-01_acq-haste_run-14_echo-4_T2w,0.8242655992507935,0.7010644674301147,41,8,3,26,0.11538461538461539
AttUNet_checkpoint-70,otherscanners,ses-01,anat,sub-chuv211_ses-01_acq-haste_run-14_echo-5_T2w,0.8098164796829224,0.6804131269454956,41,6,5,26,0.19230769230769232
AttUNet_checkpoint-70,otherscanners,ses-01,anat,sub-chuv211_ses-01_acq-haste_run-14_echo-6_T2w,0.7964489459991455,0.6617491841316223,51,9,7,27,0.25925925925925924
AttUNet_checkpoint-70,otherscanners,ses-01,anat,sub-chuv211_ses-01_acq-haste_run-15_echo-1_T2w,0.6487908959388733,0.4801557958126068,85,12,18,24,0.75
AttUNet_checkpoint-70,otherscanners,ses-01,anat,sub-chuv211_ses-01_acq-haste_run-15_echo-2_T2w,0.6556053757667542,0.48765847086906433,87,18,17,24,0.7083333333333334
AttUNet_checkpoint-70,otherscanners,ses-01,anat,sub-chuv211_ses-01_acq-haste_run-15_echo-3_T2w,0.6569498777389526,0.48914772272109985,84,16,15,24,0.625
AttUNet_checkpoint-70,otherscanners,ses-01,anat,sub-chuv211_ses-01_acq-haste_run-15_echo-4_T2w,0.658156156539917,0.49048638343811035,90,14,17,24,0.7083333333333334
AttUNet_checkpoint-70,otherscanners,ses-01,anat,sub-chuv211_ses-01_acq-haste_run-15_echo-5_T2w,0.6654120683670044,0.4985899031162262,88,16,17,24,0.7083333333333334
AttUNet_checkpoint-70,otherscanners,ses-01,anat,sub-chuv211_ses-01_acq-haste_run-15_echo-6_T2w,0.6728318333625793,0.5069680213928223,87,13,17,24,0.7083333333333334
AttUNet_checkpoint-70,otherscanners,ses-01,anat,sub-chuv211_ses-01_acq-haste_run-1_echo-1_T2w,0.6046326756477356,0.43331432342529297,24,3,1,22,0.045454545454545456
AttUNet_checkpoint-70,otherscanners,ses-01,anat,sub-chuv211_ses-01_acq-haste_run-1_echo-2_T2w,0.6045583486557007,0.4332379698753357,26,4,2,22,0.09090909090909091
AttUNet_checkpoint-70,otherscanners,ses-01,anat,sub-chuv211_ses-01_acq-haste_run-1_echo-3_T2w,0.6054290533065796,0.4341328740119934,25,3,2,22,0.09090909090909091
AttUNet_checkpoint-70,otherscanners,ses-01,anat,sub-chuv211_ses-01_acq-haste_run-1_echo-4_T2w,0.6043264269828796,0.4329998195171356,28,3,5,22,0.22727272727272727
AttUNet_checkpoint-70,otherscanners,ses-01,anat,sub-chuv211_ses-01_acq-haste_run-1_echo-5_T2w,0.5939263105392456,0.422400563955307,37,7,8,22,0.36363636363636365
AttUNet_checkpoint-70,otherscanners,ses-01,anat,sub-chuv211_ses-01_acq-haste_run-1_echo-6_T2w,0.5832231044769287,0.41165485978126526,29,5,4,19,0.21052631578947367
AttUNet_checkpoint-70,otherscanners,ses-01,anat,sub-chuv211_ses-01_acq-haste_run-2_echo-1_T2w,0.9622383713722229,0.92722487449646,20,1,0,20,0.0
AttUNet_checkpoint-70,otherscanners,ses-01,anat,sub-chuv211_ses-01_acq-haste_run-2_echo-2_T2w,0.9591222405433655,0.9214552044868469,20,1,0,20,0.0
AttUNet_checkpoint-70,otherscanners,ses-01,anat,sub-chuv211_ses-01_acq-haste_run-2_echo-3_T2w,0.9570795297622681,0.9176917672157288,21,1,0,21,0.0
AttUNet_checkpoint-70,otherscanners,ses-01,anat,sub-chuv211_ses-01_acq-haste_run-2_echo-4_T2w,0.9533509612083435,0.9108601808547974,21,1,0,21,0.0
AttUNet_checkpoint-70,otherscanners,ses-01,anat,sub-chuv211_ses-01_acq-haste_run-2_echo-5_T2w,0.9488076567649841,0.9026013612747192,21,1,0,21,0.0
AttUNet_checkpoint-70,otherscanners,ses-01,anat,sub-chuv211_ses-01_acq-haste_run-2_echo-6_T2w,0.9440693259239197,0.8940637111663818,20,1,0,20,0.0
AttUNet_checkpoint-70,otherscanners,ses-01,anat,sub-chuv211_ses-01_acq-haste_run-3_echo-1_T2w,0.6393861174583435,0.4699247181415558,22,4,4,16,0.25
AttUNet_checkpoint-70,otherscanners,ses-01,anat,sub-chuv211_ses-01_acq-haste_run-3_echo-2_T2w,0.6404385566711426,0.4710626006126404,22,4,4,16,0.25
AttUNet_checkpoint-70,otherscanners,ses-01,anat,sub-chuv211_ses-01_acq-haste_run-3_echo-3_T2w,0.6390056610107422,0.46951383352279663,20,2,4,16,0.25
AttUNet_checkpoint-70,otherscanners,ses-01,anat,sub-chuv211_ses-01_acq-haste_run-3_echo-4_T2w,0.6319111585617065,0.46189337968826294,21,3,4,16,0.25
AttUNet_checkpoint-70,otherscanners,ses-01,anat,sub-chuv211_ses-01_acq-haste_run-3_echo-5_T2w,0.6219388246536255,0.45131435990333557,21,3,4,16,0.25
AttUNet_checkpoint-70,otherscanners,ses-01,anat,sub-chuv211_ses-01_acq-haste_run-3_echo-6_T2w,0.6094616055488586,0.43829184770584106,27,6,5,16,0.3125
AttUNet_checkpoint-70,otherscanners,ses-01,anat,sub-chuv211_ses-01_acq-haste_run-4_echo-1_T2w,0.779252290725708,0.638340175151825,17,2,1,16,0.0625
AttUNet_checkpoint-70,otherscanners,ses-01,anat,sub-chuv211_ses-01_acq-haste_run-4_echo-2_T2w,0.7691853046417236,0.6249399185180664,19,3,2,16,0.125
AttUNet_checkpoint-70,otherscanners,ses-01,anat,sub-chuv211_ses-01_acq-haste_run-4_echo-3_T2w,0.7710568904876709,0.6274146437644958,22,5,3,14,0.21428571428571427
AttUNet_checkpoint-70,otherscanners,ses-01,anat,sub-chuv211_ses-01_acq-haste_run-4_echo-4_T2w,0.7699466943740845,0.6259458065032959,15,2,1,14,0.07142857142857142
AttUNet_checkpoint-70,otherscanners,ses-01,anat,sub-chuv211_ses-01_acq-haste_run-4_echo-5_T2w,0.7494072914123535,0.5992417335510254,14,2,1,13,0.07692307692307693
AttUNet_checkpoint-70,otherscanners,ses-01,anat,sub-chuv211_ses-01_acq-haste_run-4_echo-6_T2w,0.7247296571731567,0.568294882774353,15,3,1,13,0.07692307692307693
AttUNet_checkpoint-70,otherscanners,ses-01,anat,sub-chuv211_ses-01_acq-haste_run-5_echo-1_T2w,0.4897771179676056,0.3243078291416168,29,10,5,12,0.4166666666666667
AttUNet_checkpoint-70,otherscanners,ses-01,anat,sub-chuv211_ses-01_acq-haste_run-5_echo-2_T2w,0.4847232699394226,0.31989091634750366,24,4,6,13,0.46153846153846156
AttUNet_checkpoint-70,otherscanners,ses-01,anat,sub-chuv211_ses-01_acq-haste_run-5_echo-3_T2w,0.4908144772052765,0.3252181112766266,31,6,8,13,0.6153846153846154
AttUNet_checkpoint-70,otherscanners,ses-01,anat,sub-chuv211_ses-01_acq-haste_run-5_echo-4_T2w,0.4856887459754944,0.320732444524765,31,7,7,12,0.5833333333333334
AttUNet_checkpoint-70,otherscanners,ses-01,anat,sub-chuv211_ses-01_acq-haste_run-5_echo-5_T2w,0.47412899136543274,0.3107267916202545,27,7,5,12,0.4166666666666667
AttUNet_checkpoint-70,otherscanners,ses-01,anat,sub-chuv211_ses-01_acq-haste_run-5_echo-6_T2w,0.4650427997112274,0.30296793580055237,19,4,5,12,0.4166666666666667
AttUNet_checkpoint-70,otherscanners,ses-01,anat,sub-chuv211_ses-01_acq-haste_run-6_echo-1_T2w,0.733915388584137,0.5796732902526855,36,5,9,21,0.42857142857142855
AttUNet_checkpoint-70,otherscanners,ses-01,anat,sub-chuv211_ses-01_acq-haste_run-6_echo-2_T2w,0.7368309497833252,0.5833193063735962,36,5,8,21,0.38095238095238093
AttUNet_checkpoint-70,otherscanners,ses-01,anat,sub-chuv211_ses-01_acq-haste_run-6_echo-3_T2w,0.7377339601516724,0.5844520330429077,36,5,8,20,0.4
AttUNet_checkpoint-70,otherscanners,ses-01,anat,sub-chuv211_ses-01_acq-haste_run-6_echo-4_T2w,0.7413336038589478,0.5889833569526672,43,6,9,20,0.45
AttUNet_checkpoint-70,otherscanners,ses-01,anat,sub-chuv211_ses-01_acq-haste_run-6_echo-5_T2w,0.7496222257614136,0.5995165705680847,40,6,10,20,0.5
AttUNet_checkpoint-70,otherscanners,ses-01,anat,sub-chuv211_ses-01_acq-haste_run-6_echo-6_T2w,0.7532916069030762,0.6042243838310242,38,7,8,20,0.4
AttUNet_checkpoint-70,otherscanners,ses-01,anat,sub-chuv211_ses-01_acq-haste_run-7_echo-1_T2w,0.7475833296775818,0.5969126224517822,54,12,8,28,0.2857142857142857
AttUNet_checkpoint-70,otherscanners,ses-01,anat,sub-chuv211_ses-01_acq-haste_run-7_echo-2_T2w,0.7377614378929138,0.5844865441322327,47,4,9,27,0.3333333333333333
AttUNet_checkpoint-70,otherscanners,ses-01,anat,sub-chuv211_ses-01_acq-haste_run-7_echo-3_T2w,0.7341603636741638,0.5799789428710938,52,8,11,28,0.39285714285714285
AttUNet_checkpoint-70,otherscanners,ses-01,anat,sub-chuv211_ses-01_acq-haste_run-7_echo-4_T2w,0.7330856323242188,0.5786386132240295,50,5,11,28,0.39285714285714285
AttUNet_checkpoint-70,otherscanners,ses-01,anat,sub-chuv211_ses-01_acq-haste_run-7_echo-5_T2w,0.7358930110931396,0.5821446180343628,53,7,11,29,0.3793103448275862
AttUNet_checkpoint-70,otherscanners,ses-01,anat,sub-chuv211_ses-01_acq-haste_run-7_echo-6_T2w,0.738649308681488,0.5856018662452698,51,6,11,29,0.3793103448275862
AttUNet_checkpoint-70,otherscanners,ses-01,anat,sub-chuv211_ses-01_acq-haste_run-8_echo-1_T2w,0.9727160930633545,0.9468814134597778,21,1,0,21,0.0
AttUNet_checkpoint-70,otherscanners,ses-01,anat,sub-chuv211_ses-01_acq-haste_run-8_echo-2_T2w,0.9721134305000305,0.9457399249076843,21,1,0,21,0.0
AttUNet_checkpoint-70,otherscanners,ses-01,anat,sub-chuv211_ses-01_acq-haste_run-8_echo-3_T2w,0.9718008637428284,0.9451484680175781,21,1,0,21,0.0
AttUNet_checkpoint-70,otherscanners,ses-01,anat,sub-chuv211_ses-01_acq-haste_run-8_echo-4_T2w,0.9704842567443848,0.9426608681678772,21,1,0,21,0.0
AttUNet_checkpoint-70,otherscanners,ses-01,anat,sub-chuv211_ses-01_acq-haste_run-8_echo-5_T2w,0.9680184721946716,0.9380191564559937,22,1,0,22,0.0
AttUNet_checkpoint-70,otherscanners,ses-01,anat,sub-chuv211_ses-01_acq-haste_run-8_echo-6_T2w,0.9631217122077942,0.9288666844367981,23,2,1,22,0.045454545454545456
AttUNet_checkpoint-70,otherscanners,ses-01,anat,sub-chuv211_ses-01_acq-haste_run-9_echo-1_T2w,0.9700811505317688,0.9419006109237671,22,1,0,22,0.0
AttUNet_checkpoint-70,otherscanners,ses-01,anat,sub-chuv211_ses-01_acq-haste_run-9_echo-2_T2w,0.9679529666900635,0.937896192073822,22,1,0,22,0.0
AttUNet_checkpoint-70,otherscanners,ses-01,anat,sub-chuv211_ses-01_acq-haste_run-9_echo-3_T2w,0.9665100574493408,0.9351906180381775,22,1,0,22,0.0
AttUNet_checkpoint-70,otherscanners,ses-01,anat,sub-chuv211_ses-01_acq-haste_run-9_echo-4_T2w,0.9641693830490112,0.9308176040649414,22,1,0,22,0.0
AttUNet_checkpoint-70,otherscanners,ses-01,anat,sub-chuv211_ses-01_acq-haste_run-9_echo-5_T2w,0.961830198764801,0.9264671802520752,22,1,0,22,0.0
AttUNet_checkpoint-70,otherscanners,ses-01,anat,sub-chuv211_ses-01_acq-haste_run-9_echo-6_T2w,0.9593355059623718,0.9218489527702332,22,1,0,22,0.0
AttUNet_checkpoint-70,otherscanners,ses-01,anat,sub-chuv224_ses-01_acq-haste_run-10_echo-1_T2w,0.906351625919342,0.8287413716316223,25,6,5,16,0.3125
AttUNet_checkpoint-70,otherscanners,ses-01,anat,sub-chuv224_ses-01_acq-haste_run-10_echo-2_T2w,0.905186116695404,0.8267945051193237,19,2,3,16,0.1875
AttUNet_checkpoint-70,otherscanners,ses-01,anat,sub-chuv224_ses-01_acq-haste_run-10_echo-3_T2w,0.9057567119598389,0.827747106552124,21,2,4,17,0.23529411764705882
AttUNet_checkpoint-70,otherscanners,ses-01,anat,sub-chuv224_ses-01_acq-haste_run-10_echo-4_T2w,0.903799831867218,0.8244842886924744,22,2,5,17,0.29411764705882354
AttUNet_checkpoint-70,otherscanners,ses-01,anat,sub-chuv224_ses-01_acq-haste_run-10_echo-5_T2w,0.883821964263916,0.7918288707733154,31,5,8,17,0.47058823529411764
AttUNet_checkpoint-70,otherscanners,ses-01,anat,sub-chuv224_ses-01_acq-haste_run-10_echo-6_T2w,0.8229256868362427,0.6991280913352966,47,12,7,17,0.4117647058823529
AttUNet_checkpoint-70,otherscanners,ses-01,anat,sub-chuv224_ses-01_acq-haste_run-11_echo-1_T2w,0.9490941762924194,0.9031201004981995,21,3,1,19,0.05263157894736842
AttUNet_checkpoint-70,otherscanners,ses-01,anat,sub-chuv224_ses-01_acq-haste_run-11_echo-2_T2w,0.9489222764968872,0.9028088450431824,21,3,1,19,0.05263157894736842
AttUNet_checkpoint-70,otherscanners,ses-01,anat,sub-chuv224_ses-01_acq-haste_run-11_echo-3_T2w,0.9494912028312683,0.9038392901420593,21,3,1,19,0.05263157894736842
AttUNet_checkpoint-70,otherscanners,ses-01,anat,sub-chuv224_ses-01_acq-haste_run-11_echo-4_T2w,0.950725793838501,0.9060794711112976,21,3,1,19,0.05263157894736842
AttUNet_checkpoint-70,otherscanners,ses-01,anat,sub-chuv224_ses-01_acq-haste_run-11_echo-5_T2w,0.950128972530365,0.9049959182739258,21,3,1,19,0.05263157894736842
AttUNet_checkpoint-70,otherscanners,ses-01,anat,sub-chuv224_ses-01_acq-haste_run-11_echo-6_T2w,0.9394873380661011,0.8858803510665894,22,3,1,20,0.05
AttUNet_checkpoint-70,otherscanners,ses-01,anat,sub-chuv224_ses-01_acq-haste_run-12_echo-1_T2w,0.9521324038505554,0.9086381196975708,20,2,1,19,0.05263157894736842
AttUNet_checkpoint-70,otherscanners,ses-01,anat,sub-chuv224_ses-01_acq-haste_run-12_echo-2_T2w,0.9507182836532593,0.9060657620429993,21,2,2,19,0.10526315789473684
AttUNet_checkpoint-70,otherscanners,ses-01,anat,sub-chuv224_ses-01_acq-haste_run-12_echo-3_T2w,0.9492960572242737,0.9034857749938965,21,2,2,19,0.10526315789473684
AttUNet_checkpoint-70,otherscanners,ses-01,anat,sub-chuv224_ses-01_acq-haste_run-12_echo-4_T2w,0.9449604153633118,0.8956634402275085,21,2,2,19,0.10526315789473684
AttUNet_checkpoint-70,otherscanners,ses-01,anat,sub-chuv224_ses-01_acq-haste_run-12_echo-5_T2w,0.9402557015419006,0.8872476816177368,21,2,2,19,0.10526315789473684
AttUNet_checkpoint-70,otherscanners,ses-01,anat,sub-chuv224_ses-01_acq-haste_run-12_echo-6_T2w,0.9346591830253601,0.8773335218429565,21,2,2,19,0.10526315789473684
AttUNet_checkpoint-70,otherscanners,ses-01,anat,sub-chuv224_ses-01_acq-haste_run-13_echo-1_T2w,0.9695040583610535,0.9408131241798401,18,1,0,18,0.0
AttUNet_checkpoint-70,otherscanners,ses-01,anat,sub-chuv224_ses-01_acq-haste_run-13_echo-2_T2w,0.9658123254776001,0.9338849186897278,22,4,2,18,0.1111111111111111
AttUNet_checkpoint-70,otherscanners,ses-01,anat,sub-chuv224_ses-01_acq-haste_run-13_echo-3_T2w,0.9623481035232544,0.927428662776947,21,3,2,18,0.1111111111111111
AttUNet_checkpoint-70,otherscanners,ses-01,anat,sub-chuv224_ses-01_acq-haste_run-13_echo-4_T2w,0.9569525122642517,0.9174582362174988,19,2,1,18,0.05555555555555555
AttUNet_checkpoint-70,otherscanners,ses-01,anat,sub-chuv224_ses-01_acq-haste_run-13_echo-5_T2w,0.9475377202033997,0.9003056287765503,20,2,2,18,0.1111111111111111
AttUNet_checkpoint-70,otherscanners,ses-01,anat,sub-chuv224_ses-01_acq-haste_run-13_echo-6_T2w,0.9383699893951416,0.8838955163955688,19,2,1,18,0.05555555555555555
AttUNet_checkpoint-70,otherscanners,ses-01,anat,sub-chuv224_ses-01_acq-haste_run-14_echo-1_T2w,0.9717427492141724,0.9450385570526123,22,1,0,22,0.0
AttUNet_checkpoint-70,otherscanners,ses-01,anat,sub-chuv224_ses-01_acq-haste_run-14_echo-2_T2w,0.9709172248840332,0.9434782862663269,22,1,0,22,0.0
AttUNet_checkpoint-70,otherscanners,ses-01,anat,sub-chuv224_ses-01_acq-haste_run-14_echo-3_T2w,0.9703511595726013,0.942409873008728,22,1,0,22,0.0
AttUNet_checkpoint-70,otherscanners,ses-01,anat,sub-chuv224_ses-01_acq-haste_run-14_echo-4_T2w,0.9681153893470764,0.9382012486457825,22,1,0,22,0.0
AttUNet_checkpoint-70,otherscanners,ses-01,anat,sub-chuv224_ses-01_acq-haste_run-14_echo-5_T2w,0.965492844581604,0.9332877397537231,22,1,0,22,0.0
AttUNet_checkpoint-70,otherscanners,ses-01,anat,sub-chuv224_ses-01_acq-haste_run-14_echo-6_T2w,0.9628989696502686,0.9284524917602539,22,1,0,22,0.0
AttUNet_checkpoint-70,otherscanners,ses-01,anat,sub-chuv224_ses-01_acq-haste_run-15_echo-1_T2w,0.8274217844009399,0.7056431174278259,34,5,7,22,0.3181818181818182
AttUNet_checkpoint-70,otherscanners,ses-01,anat,sub-chuv224_ses-01_acq-haste_run-15_echo-2_T2w,0.8321667909622192,0.7125733494758606,36,5,7,22,0.3181818181818182
AttUNet_checkpoint-70,otherscanners,ses-01,anat,sub-chuv224_ses-01_acq-haste_run-15_echo-3_T2w,0.8356084823608398,0.7176352739334106,47,7,9,22,0.4090909090909091
AttUNet_checkpoint-70,otherscanners,ses-01,anat,sub-chuv224_ses-01_acq-haste_run-15_echo-4_T2w,0.8460096716880798,0.7331168055534363,43,5,12,22,0.5454545454545454
AttUNet_checkpoint-70,otherscanners,ses-01,anat,sub-chuv224_ses-01_acq-haste_run-15_echo-5_T2w,0.8323367834091187,0.7128226161003113,37,8,8,21,0.38095238095238093
AttUNet_checkpoint-70,otherscanners,ses-01,anat,sub-chuv224_ses-01_acq-haste_run-15_echo-6_T2w,0.817080020904541,0.690731406211853,33,4,8,21,0.38095238095238093
AttUNet_checkpoint-70,otherscanners,ses-01,anat,sub-chuv224_ses-01_acq-haste_run-16_echo-1_T2w,0.9440826773643494,0.8940877318382263,20,1,0,20,0.0
AttUNet_checkpoint-70,otherscanners,ses-01,anat,sub-chuv224_ses-01_acq-haste_run-16_echo-2_T2w,0.9422111511230469,0.89073646068573,21,1,0,21,0.0
AttUNet_checkpoint-70,otherscanners,ses-01,anat,sub-chuv224_ses-01_acq-haste_run-16_echo-3_T2w,0.9404250979423523,0.8875494599342346,21,1,0,21,0.0
AttUNet_checkpoint-70,otherscanners,ses-01,anat,sub-chuv224_ses-01_acq-haste_run-16_echo-4_T2w,0.9145294427871704,0.8425188660621643,22,2,2,20,0.1
AttUNet_checkpoint-70,otherscanners,ses-01,anat,sub-chuv224_ses-01_acq-haste_run-16_echo-5_T2w,0.9008487462997437,0.8195858001708984,27,8,1,20,0.05
AttUNet_checkpoint-70,otherscanners,ses-01,anat,sub-chuv224_ses-01_acq-haste_run-16_echo-6_T2w,0.9059929847717285,0.8281418085098267,33,8,4,21,0.19047619047619047
AttUNet_checkpoint-70,otherscanners,ses-01,anat,sub-chuv224_ses-01_acq-haste_run-17_echo-1_T2w,0.9488527774810791,0.9026830792427063,21,2,3,18,0.16666666666666666
AttUNet_checkpoint-70,otherscanners,ses-01,anat,sub-chuv224_ses-01_acq-haste_run-17_echo-2_T2w,0.9482753872871399,0.9016385078430176,21,2,3,18,0.16666666666666666
AttUNet_checkpoint-70,otherscanners,ses-01,anat,sub-chuv224_ses-01_acq-haste_run-17_echo-3_T2w,0.9472387433052063,0.8997659683227539,21,2,3,18,0.16666666666666666
AttUNet_checkpoint-70,otherscanners,ses-01,anat,sub-chuv224_ses-01_acq-haste_run-17_echo-4_T2w,0.9442240595817566,0.8943413496017456,21,2,3,18,0.16666666666666666
AttUNet_checkpoint-70,otherscanners,ses-01,anat,sub-chuv224_ses-01_acq-haste_run-17_echo-5_T2w,0.941210150718689,0.8889489769935608,20,2,2,18,0.1111111111111111
AttUNet_checkpoint-70,otherscanners,ses-01,anat,sub-chuv224_ses-01_acq-haste_run-17_echo-6_T2w,0.9380207061767578,0.8832758665084839,20,2,1,19,0.05263157894736842
AttUNet_checkpoint-70,otherscanners,ses-01,anat,sub-chuv224_ses-01_acq-haste_run-18_echo-1_T2w,0.9497978687286377,0.9043952822685242,25,2,1,24,0.041666666666666664
AttUNet_checkpoint-70,otherscanners,ses-01,anat,sub-chuv224_ses-01_acq-haste_run-18_echo-2_T2w,0.9508489370346069,0.9063031673431396,25,2,1,24,0.041666666666666664
AttUNet_checkpoint-70,otherscanners,ses-01,anat,sub-chuv224_ses-01_acq-haste_run-18_echo-3_T2w,0.9515194892883301,0.9075223207473755,27,4,1,24,0.041666666666666664
AttUNet_checkpoint-70,otherscanners,ses-01,anat,sub-chuv224_ses-01_acq-haste_run-18_echo-4_T2w,0.9495421648025513,0.903931736946106,24,2,1,23,0.043478260869565216
AttUNet_checkpoint-70,otherscanners,ses-01,anat,sub-chuv224_ses-01_acq-haste_run-18_echo-5_T2w,0.9450438022613525,0.8958132863044739,26,3,2,23,0.08695652173913043
AttUNet_checkpoint-70,otherscanners,ses-01,anat,sub-chuv224_ses-01_acq-haste_run-18_echo-6_T2w,0.9399065971374512,0.8866261839866638,26,2,3,23,0.13043478260869565
AttUNet_checkpoint-70,otherscanners,ses-01,anat,sub-chuv224_ses-01_acq-haste_run-19_echo-1_T2w,0.9697494506835938,0.941275417804718,23,2,1,22,0.045454545454545456
AttUNet_checkpoint-70,otherscanners,ses-01,anat,sub-chuv224_ses-01_acq-haste_run-19_echo-2_T2w,0.969511091709137,0.9408263564109802,23,2,1,22,0.045454545454545456
AttUNet_checkpoint-70,otherscanners,ses-01,anat,sub-chuv224_ses-01_acq-haste_run-19_echo-3_T2w,0.9692829251289368,0.9403966665267944,23,2,1,22,0.045454545454545456
AttUNet_checkpoint-70,otherscanners,ses-01,anat,sub-chuv224_ses-01_acq-haste_run-19_echo-4_T2w,0.9675124287605286,0.937069296836853,23,2,1,22,0.045454545454545456
AttUNet_checkpoint-70,otherscanners,ses-01,anat,sub-chuv224_ses-01_acq-haste_run-19_echo-5_T2w,0.9647797346115112,0.9319559931755066,24,2,2,22,0.09090909090909091
AttUNet_checkpoint-70,otherscanners,ses-01,anat,sub-chuv224_ses-01_acq-haste_run-19_echo-6_T2w,0.9612582921981812,0.9254065155982971,28,4,4,22,0.18181818181818182
AttUNet_checkpoint-70,otherscanners,ses-01,anat,sub-chuv224_ses-01_acq-haste_run-1_echo-1_T2w,0.5731602907180786,0.40169915556907654,16,1,0,16,0.0
AttUNet_checkpoint-70,otherscanners,ses-01,anat,sub-chuv224_ses-01_acq-haste_run-1_echo-2_T2w,0.5710132718086243,0.3995931148529053,15,1,0,15,0.0
AttUNet_checkpoint-70,otherscanners,ses-01,anat,sub-chuv224_ses-01_acq-haste_run-1_echo-3_T2w,0.5696772933006287,0.398285835981369,14,1,0,14,0.0
AttUNet_checkpoint-70,otherscanners,ses-01,anat,sub-chuv224_ses-01_acq-haste_run-1_echo-4_T2w,0.5708073973655701,0.3993915319442749,14,1,0,14,0.0
AttUNet_checkpoint-70,otherscanners,ses-01,anat,sub-chuv224_ses-01_acq-haste_run-1_echo-5_T2w,0.5804968476295471,0.40894368290901184,14,1,0,14,0.0
AttUNet_checkpoint-70,otherscanners,ses-01,anat,sub-chuv224_ses-01_acq-haste_run-1_echo-6_T2w,0.5916616916656494,0.42011329531669617,13,1,0,13,0.0
AttUNet_checkpoint-70,otherscanners,ses-01,anat,sub-chuv224_ses-01_acq-haste_run-20_echo-1_T2w,0.9327000975608826,0.8738875389099121,29,5,2,24,0.08333333333333333
AttUNet_checkpoint-70,otherscanners,ses-01,anat,sub-chuv224_ses-01_acq-haste_run-20_echo-2_T2w,0.9333770871162415,0.8750768899917603,25,2,1,24,0.041666666666666664
AttUNet_checkpoint-70,otherscanners,ses-01,anat,sub-chuv224_ses-01_acq-haste_run-20_echo-3_T2w,0.9353120923042297,0.8784847855567932,25,2,1,24,0.041666666666666664
AttUNet_checkpoint-70,otherscanners,ses-01,anat,sub-chuv224_ses-01_acq-haste_run-20_echo-4_T2w,0.9237101078033447,0.8582354784011841,28,3,3,24,0.125
AttUNet_checkpoint-70,otherscanners,ses-01,anat,sub-chuv224_ses-01_acq-haste_run-20_echo-5_T2w,0.8910497426986694,0.803507387638092,28,2,4,24,0.16666666666666666
AttUNet_checkpoint-70,otherscanners,ses-01,anat,sub-chuv224_ses-01_acq-haste_run-20_echo-6_T2w,0.8728989958763123,0.7744638919830322,28,3,4,22,0.18181818181818182
AttUNet_checkpoint-70,otherscanners,ses-01,anat,sub-chuv224_ses-01_acq-haste_run-21_echo-1_T2w,0.9368386268615723,0.8811819553375244,20,2,2,18,0.1111111111111111
AttUNet_checkpoint-70,otherscanners,ses-01,anat,sub-chuv224_ses-01_acq-haste_run-21_echo-2_T2w,0.9349403977394104,0.8778292536735535,21,2,3,18,0.16666666666666666
AttUNet_checkpoint-70,otherscanners,ses-01,anat,sub-chuv224_ses-01_acq-haste_run-21_echo-3_T2w,0.9310047626495361,0.8709157109260559,20,2,2,18,0.1111111111111111
AttUNet_checkpoint-70,otherscanners,ses-01,anat,sub-chuv224_ses-01_acq-haste_run-21_echo-4_T2w,0.9135977029800415,0.8409386277198792,20,2,2,18,0.1111111111111111
AttUNet_checkpoint-70,otherscanners,ses-01,anat,sub-chuv224_ses-01_acq-haste_run-21_echo-5_T2w,0.8790535926818848,0.7842066287994385,26,4,6,17,0.35294117647058826
AttUNet_checkpoint-70,otherscanners,ses-01,anat,sub-chuv224_ses-01_acq-haste_run-21_echo-6_T2w,0.8377021551132202,0.7207292914390564,26,5,4,17,0.23529411764705882
AttUNet_checkpoint-70,otherscanners,ses-01,anat,sub-chuv224_ses-01_acq-haste_run-22_echo-1_T2w,0.9716796875,0.944919228553772,22,1,0,22,0.0
AttUNet_checkpoint-70,otherscanners,ses-01,anat,sub-chuv224_ses-01_acq-haste_run-22_echo-2_T2w,0.9709609150886536,0.943560779094696,22,1,0,22,0.0
AttUNet_checkpoint-70,otherscanners,ses-01,anat,sub-chuv224_ses-01_acq-haste_run-22_echo-3_T2w,0.9702020883560181,0.942128598690033,22,1,0,22,0.0
AttUNet_checkpoint-70,otherscanners,ses-01,anat,sub-chuv224_ses-01_acq-haste_run-22_echo-4_T2w,0.9683108329772949,0.9385683536529541,22,1,0,22,0.0
AttUNet_checkpoint-70,otherscanners,ses-01,anat,sub-chuv224_ses-01_acq-haste_run-22_echo-5_T2w,0.9655962586402893,0.933480978012085,22,1,0,22,0.0
AttUNet_checkpoint-70,otherscanners,ses-01,anat,sub-chuv224_ses-01_acq-haste_run-22_echo-6_T2w,0.9625281691551208,0.9277631640434265,22,1,0,22,0.0
AttUNet_checkpoint-70,otherscanners,ses-01,anat,sub-chuv224_ses-01_acq-haste_run-23_echo-1_T2w,0.9665453433990479,0.9352567195892334,19,1,0,19,0.0
AttUNet_checkpoint-70,otherscanners,ses-01,anat,sub-chuv224_ses-01_acq-haste_run-23_echo-2_T2w,0.9652382731437683,0.9328120946884155,19,1,0,19,0.0
AttUNet_checkpoint-70,otherscanners,ses-01,anat,sub-chuv224_ses-01_acq-haste_run-23_echo-3_T2w,0.9639697670936584,0.930445671081543,19,1,0,19,0.0
AttUNet_checkpoint-70,otherscanners,ses-01,anat,sub-chuv224_ses-01_acq-haste_run-23_echo-4_T2w,0.9600039124488831,0.9230841994285583,20,1,0,20,0.0
AttUNet_checkpoint-70,otherscanners,ses-01,anat,sub-chuv224_ses-01_acq-haste_run-23_echo-5_T2w,0.9563990235328674,0.9164412617683411,20,1,0,20,0.0
AttUNet_checkpoint-70,otherscanners,ses-01,anat,sub-chuv224_ses-01_acq-haste_run-23_echo-6_T2w,0.939690113067627,0.8862410187721252,24,4,1,21,0.047619047619047616
AttUNet_checkpoint-70,otherscanners,ses-01,anat,sub-chuv224_ses-01_acq-haste_run-24_echo-1_T2w,0.9358075261116028,0.879359245300293,32,8,6,19,0.3157894736842105
AttUNet_checkpoint-70,otherscanners,ses-01,anat,sub-chuv224_ses-01_acq-haste_run-24_echo-2_T2w,0.9246936440467834,0.8599351048469543,36,9,6,19,0.3157894736842105
AttUNet_checkpoint-70,otherscanners,ses-01,anat,sub-chuv224_ses-01_acq-haste_run-24_echo-3_T2w,0.916959285736084,0.8466526865959167,44,8,8,19,0.42105263157894735
AttUNet_checkpoint-70,otherscanners,ses-01,anat,sub-chuv224_ses-01_acq-haste_run-24_echo-4_T2w,0.9093111157417297,0.8337034583091736,47,10,8,19,0.42105263157894735
AttUNet_checkpoint-70,otherscanners,ses-01,anat,sub-chuv224_ses-01_acq-haste_run-24_echo-5_T2w,0.9173650741577148,0.8473447561264038,43,8,9,19,0.47368421052631576
AttUNet_checkpoint-70,otherscanners,ses-01,anat,sub-chuv224_ses-01_acq-haste_run-24_echo-6_T2w,0.9200349450111389,0.8519117832183838,43,8,9,19,0.47368421052631576
AttUNet_checkpoint-70,otherscanners,ses-01,anat,sub-chuv224_ses-01_acq-haste_run-25_echo-1_T2w,0.90755695104599,0.8307590484619141,27,4,4,20,0.2
AttUNet_checkpoint-70,otherscanners,ses-01,anat,sub-chuv224_ses-01_acq-haste_run-25_echo-2_T2w,0.8983649015426636,0.8154831528663635,33,6,4,21,0.19047619047619047
AttUNet_checkpoint-70,otherscanners,ses-01,anat,sub-chuv224_ses-01_acq-haste_run-25_echo-3_T2w,0.8871675133705139,0.7972156405448914,34,5,5,21,0.23809523809523808
AttUNet_checkpoint-70,otherscanners,ses-01,anat,sub-chuv224_ses-01_acq-haste_run-25_echo-4_T2w,0.8778592944145203,0.7823076844215393,42,11,6,21,0.2857142857142857
AttUNet_checkpoint-70,otherscanners,ses-01,anat,sub-chuv224_ses-01_acq-haste_run-25_echo-5_T2w,0.8989103436470032,0.8163824677467346,41,6,7,21,0.3333333333333333
AttUNet_checkpoint-70,otherscanners,ses-01,anat,sub-chuv224_ses-01_acq-haste_run-25_echo-6_T2w,0.9147960543632507,0.8429715633392334,40,6,8,21,0.38095238095238093
AttUNet_checkpoint-70,otherscanners,ses-01,anat,sub-chuv224_ses-01_acq-haste_run-26_echo-1_T2w,0.9654222726821899,0.9331558346748352,22,2,1,21,0.047619047619047616
AttUNet_checkpoint-70,otherscanners,ses-01,anat,sub-chuv224_ses-01_acq-haste_run-26_echo-2_T2w,0.964934229850769,0.9322444200515747,24,2,2,22,0.09090909090909091
AttUNet_checkpoint-70,otherscanners,ses-01,anat,sub-chuv224_ses-01_acq-haste_run-26_echo-3_T2w,0.9642980098724365,0.9310573935508728,23,2,1,22,0.045454545454545456
AttUNet_checkpoint-70,otherscanners,ses-01,anat,sub-chuv224_ses-01_acq-haste_run-26_echo-4_T2w,0.9621767401695251,0.9271103739738464,23,2,2,21,0.09523809523809523
AttUNet_checkpoint-70,otherscanners,ses-01,anat,sub-chuv224_ses-01_acq-haste_run-26_echo-5_T2w,0.9593934416770935,0.921955943107605,23,2,2,21,0.09523809523809523
AttUNet_checkpoint-70,otherscanners,ses-01,anat,sub-chuv224_ses-01_acq-haste_run-26_echo-6_T2w,0.9571635723114014,0.9178463220596313,24,2,3,21,0.14285714285714285
AttUNet_checkpoint-70,otherscanners,ses-01,anat,sub-chuv224_ses-01_acq-haste_run-2_echo-1_T2w,0.888698399066925,0.7996914386749268,26,6,2,19,0.10526315789473684
AttUNet_checkpoint-70,otherscanners,ses-01,anat,sub-chuv224_ses-01_acq-haste_run-2_echo-2_T2w,0.8678744435310364,0.7665885090827942,24,3,3,20,0.15
AttUNet_checkpoint-70,otherscanners,ses-01,anat,sub-chuv224_ses-01_acq-haste_run-2_echo-3_T2w,0.8574079871177673,0.7504060864448547,26,4,3,20,0.15
AttUNet_checkpoint-70,otherscanners,ses-01,anat,sub-chuv224_ses-01_acq-haste_run-2_echo-4_T2w,0.8543157577514648,0.7456817030906677,28,5,3,20,0.15
AttUNet_checkpoint-70,otherscanners,ses-01,anat,sub-chuv224_ses-01_acq-haste_run-2_echo-5_T2w,0.8674153685569763,0.7658724784851074,37,10,4,20,0.2
AttUNet_checkpoint-70,otherscanners,ses-01,anat,sub-chuv224_ses-01_acq-haste_run-2_echo-6_T2w,0.8783625960350037,0.7831074595451355,22,3,1,20,0.05
AttUNet_checkpoint-70,otherscanners,ses-01,anat,sub-chuv224_ses-01_acq-haste_run-3_echo-1_T2w,0.9447669982910156,0.895315945148468,23,3,2,19,0.10526315789473684
AttUNet_checkpoint-70,otherscanners,ses-01,anat,sub-chuv224_ses-01_acq-haste_run-3_echo-2_T2w,0.9448489546775818,0.8954632878303528,23,3,2,19,0.10526315789473684
AttUNet_checkpoint-70,otherscanners,ses-01,anat,sub-chuv224_ses-01_acq-haste_run-3_echo-3_T2w,0.944927990436554,0.895605206489563,23,3,2,19,0.10526315789473684
AttUNet_checkpoint-70,otherscanners,ses-01,anat,sub-chuv224_ses-01_acq-haste_run-3_echo-4_T2w,0.9433238506317139,0.8927274346351624,25,5,2,19,0.10526315789473684
AttUNet_checkpoint-70,otherscanners,ses-01,anat,sub-chuv224_ses-01_acq-haste_run-3_echo-5_T2w,0.9363571405410767,0.8803303837776184,26,4,3,20,0.15
AttUNet_checkpoint-70,otherscanners,ses-01,anat,sub-chuv224_ses-01_acq-haste_run-3_echo-6_T2w,0.923590898513794,0.8580296039581299,25,3,3,21,0.14285714285714285
AttUNet_checkpoint-70,otherscanners,ses-01,anat,sub-chuv224_ses-01_acq-haste_run-4_echo-1_T2w,0.9271320700645447,0.8641623258590698,24,6,1,19,0.05263157894736842
AttUNet_checkpoint-70,otherscanners,ses-01,anat,sub-chuv224_ses-01_acq-haste_run-4_echo-2_T2w,0.9254360198974609,0.8612200021743774,22,3,2,19,0.10526315789473684
AttUNet_checkpoint-70,otherscanners,ses-01,anat,sub-chuv224_ses-01_acq-haste_run-4_echo-3_T2w,0.9230383038520813,0.8570762872695923,23,3,2,19,0.10526315789473684
AttUNet_checkpoint-70,otherscanners,ses-01,anat,sub-chuv224_ses-01_acq-haste_run-4_echo-4_T2w,0.9172558188438416,0.8471583724021912,21,2,2,19,0.10526315789473684
AttUNet_checkpoint-70,otherscanners,ses-01,anat,sub-chuv224_ses-01_acq-haste_run-4_echo-5_T2w,0.9147471189498901,0.8428884148597717,23,4,2,19,0.10526315789473684
AttUNet_checkpoint-70,otherscanners,ses-01,anat,sub-chuv224_ses-01_acq-haste_run-4_echo-6_T2w,0.9088065028190613,0.8328554630279541,21,2,2,19,0.10526315789473684
AttUNet_checkpoint-70,otherscanners,ses-01,anat,sub-chuv224_ses-01_acq-haste_run-5_echo-1_T2w,0.7189416885375977,0.5612092018127441,17,5,2,12,0.16666666666666666
AttUNet_checkpoint-70,otherscanners,ses-01,anat,sub-chuv224_ses-01_acq-haste_run-5_echo-2_T2w,0.7160984873771667,0.5577518939971924,12,1,0,12,0.0
AttUNet_checkpoint-70,otherscanners,ses-01,anat,sub-chuv224_ses-01_acq-haste_run-5_echo-3_T2w,0.7127447724342346,0.553693413734436,15,4,1,12,0.08333333333333333
AttUNet_checkpoint-70,otherscanners,ses-01,anat,sub-chuv224_ses-01_acq-haste_run-5_echo-4_T2w,0.7035421133041382,0.5426648259162903,17,3,3,13,0.23076923076923078
AttUNet_checkpoint-70,otherscanners,ses-01,anat,sub-chuv224_ses-01_acq-haste_run-5_echo-5_T2w,0.6927106380462646,0.5298832058906555,24,9,4,13,0.3076923076923077
AttUNet_checkpoint-70,otherscanners,ses-01,anat,sub-chuv224_ses-01_acq-haste_run-5_echo-6_T2w,0.6884766817092896,0.5249443054199219,22,5,4,13,0.3076923076923077
AttUNet_checkpoint-70,otherscanners,ses-01,anat,sub-chuv224_ses-01_acq-haste_run-6_echo-1_T2w,0.918948233127594,0.8500502109527588,23,2,1,22,0.045454545454545456
AttUNet_checkpoint-70,otherscanners,ses-01,anat,sub-chuv224_ses-01_acq-haste_run-6_echo-2_T2w,0.9190950393676758,0.8503013849258423,25,4,1,22,0.045454545454545456
AttUNet_checkpoint-70,otherscanners,ses-01,anat,sub-chuv224_ses-01_acq-haste_run-6_echo-3_T2w,0.9185446500778198,0.8493597507476807,24,3,1,22,0.045454545454545456
AttUNet_checkpoint-70,otherscanners,ses-01,anat,sub-chuv224_ses-01_acq-haste_run-6_echo-4_T2w,0.9139961004257202,0.8416140675544739,22,1,0,22,0.0
AttUNet_checkpoint-70,otherscanners,ses-01,anat,sub-chuv224_ses-01_acq-haste_run-6_echo-5_T2w,0.9104540348052979,0.835627019405365,22,1,0,22,0.0
AttUNet_checkpoint-70,otherscanners,ses-01,anat,sub-chuv224_ses-01_acq-haste_run-6_echo-6_T2w,0.9105450510978699,0.8357803821563721,22,1,0,22,0.0
AttUNet_checkpoint-70,otherscanners,ses-01,anat,sub-chuv224_ses-01_acq-haste_run-7_echo-1_T2w,0.9389063715934753,0.8848478198051453,20,2,1,19,0.05263157894736842
AttUNet_checkpoint-70,otherscanners,ses-01,anat,sub-chuv224_ses-01_acq-haste_run-7_echo-2_T2w,0.9389152526855469,0.8848636150360107,19,1,0,19,0.0
AttUNet_checkpoint-70,otherscanners,ses-01,anat,sub-chuv224_ses-01_acq-haste_run-7_echo-3_T2w,0.934260368347168,0.876630961894989,20,2,1,19,0.05263157894736842
AttUNet_checkpoint-70,otherscanners,ses-01,anat,sub-chuv224_ses-01_acq-haste_run-7_echo-4_T2w,0.9277684092521667,0.8652686476707458,24,4,3,19,0.15789473684210525
AttUNet_checkpoint-70,otherscanners,ses-01,anat,sub-chuv224_ses-01_acq-haste_run-7_echo-5_T2w,0.9245219230651855,0.8596380949020386,24,4,3,19,0.15789473684210525
AttUNet_checkpoint-70,otherscanners,ses-01,anat,sub-chuv224_ses-01_acq-haste_run-7_echo-6_T2w,0.9178900718688965,0.8482410311698914,23,5,2,18,0.1111111111111111
AttUNet_checkpoint-70,otherscanners,ses-01,anat,sub-chuv224_ses-01_acq-haste_run-8_echo-5_T2w,0.8979429602622986,0.8147881031036377,11,2,1,10,0.1
AttUNet_checkpoint-70,otherscanners,ses-01,anat,sub-chuv224_ses-01_acq-haste_run-8_echo-6_T2w,0.8943840861320496,0.808946430683136,11,2,1,10,0.1
AttUNet_checkpoint-70,otherscanners,ses-01,anat,sub-chuv224_ses-01_acq-haste_run-9_echo-1_T2w,0.947695791721344,0.9005911350250244,25,2,1,24,0.041666666666666664
AttUNet_checkpoint-70,otherscanners,ses-01,anat,sub-chuv224_ses-01_acq-haste_run-9_echo-2_T2w,0.9476861357688904,0.9005736112594604,26,2,2,24,0.08333333333333333
AttUNet_checkpoint-70,otherscanners,ses-01,anat,sub-chuv224_ses-01_acq-haste_run-9_echo-3_T2w,0.9476490616798401,0.9005066156387329,24,2,1,23,0.043478260869565216
AttUNet_checkpoint-70,otherscanners,ses-01,anat,sub-chuv224_ses-01_acq-haste_run-9_echo-4_T2w,0.946832537651062,0.89903324842453,24,2,1,23,0.043478260869565216
AttUNet_checkpoint-70,otherscanners,ses-01,anat,sub-chuv224_ses-01_acq-haste_run-9_echo-5_T2w,0.9455457925796509,0.8967158198356628,24,2,1,23,0.043478260869565216
AttUNet_checkpoint-70,otherscanners,ses-01,anat,sub-chuv224_ses-01_acq-haste_run-9_echo-6_T2w,0.9437858462333679,0.8935554027557373,23,1,0,23,0.0
AttUNet_checkpoint-70,otherscanners,ses-01,anat,sub-chuv256_ses-01_acq-haste_run-1_echo-1_T2w,0.9696986675262451,0.941179633140564,25,1,0,25,0.0
AttUNet_checkpoint-70,otherscanners,ses-01,anat,sub-chuv256_ses-01_acq-haste_run-1_echo-2_T2w,0.9690137505531311,0.9398900270462036,25,1,0,25,0.0
AttUNet_checkpoint-70,otherscanners,ses-01,anat,sub-chuv256_ses-01_acq-haste_run-1_echo-3_T2w,0.968681275844574,0.9392646551132202,25,1,0,25,0.0
AttUNet_checkpoint-70,otherscanners,ses-01,anat,sub-chuv256_ses-01_acq-haste_run-1_echo-4_T2w,0.9685133695602417,0.9389491081237793,25,1,0,25,0.0
AttUNet_checkpoint-70,otherscanners,ses-01,anat,sub-chuv256_ses-01_acq-haste_run-1_echo-5_T2w,0.9684557318687439,0.9388407468795776,25,1,0,25,0.0
AttUNet_checkpoint-70,otherscanners,ses-01,anat,sub-chuv256_ses-01_acq-haste_run-1_echo-6_T2w,0.9680962562561035,0.9381652474403381,25,1,0,25,0.0
AttUNet_checkpoint-70,otherscanners,ses-01,anat,sub-chuv256_ses-01_acq-haste_run-3_echo-1_T2w,0.9697085618972778,0.9411982893943787,24,1,0,24,0.0
AttUNet_checkpoint-70,otherscanners,ses-01,anat,sub-chuv256_ses-01_acq-haste_run-3_echo-2_T2w,0.9689882397651672,0.9398421049118042,24,1,0,24,0.0
AttUNet_checkpoint-70,otherscanners,ses-01,anat,sub-chuv256_ses-01_acq-haste_run-3_echo-3_T2w,0.9688225388526917,0.9395304322242737,24,1,0,24,0.0
AttUNet_checkpoint-70,otherscanners,ses-01,anat,sub-chuv256_ses-01_acq-haste_run-3_echo-4_T2w,0.9686367511749268,0.9391809105873108,24,1,0,24,0.0
AttUNet_checkpoint-70,otherscanners,ses-01,anat,sub-chuv256_ses-01_acq-haste_run-3_echo-5_T2w,0.9683475494384766,0.9386374354362488,24,1,0,24,0.0
AttUNet_checkpoint-70,otherscanners,ses-01,anat,sub-chuv256_ses-01_acq-haste_run-3_echo-6_T2w,0.9676806926727295,0.937385082244873,24,1,0,24,0.0
AttUNet_checkpoint-70,otherscanners,ses-01,anat,sub-chuv256_ses-01_acq-haste_run-4_echo-1_T2w,0.9619704484939575,0.9267274141311646,30,2,1,29,0.034482758620689655
AttUNet_checkpoint-70,otherscanners,ses-01,anat,sub-chuv256_ses-01_acq-haste_run-4_echo-2_T2w,0.9615071415901184,0.9258678555488586,31,3,1,29,0.034482758620689655
AttUNet_checkpoint-70,otherscanners,ses-01,anat,sub-chuv256_ses-01_acq-haste_run-4_echo-3_T2w,0.9609779715538025,0.9248870015144348,28,1,0,28,0.0
AttUNet_checkpoint-70,otherscanners,ses-01,anat,sub-chuv256_ses-01_acq-haste_run-4_echo-4_T2w,0.9602882266044617,0.9236100316047668,28,1,0,28,0.0
AttUNet_checkpoint-70,otherscanners,ses-01,anat,sub-chuv256_ses-01_acq-haste_run-4_echo-5_T2w,0.9600772261619568,0.9232197403907776,28,1,0,28,0.0
AttUNet_checkpoint-70,otherscanners,ses-01,anat,sub-chuv256_ses-01_acq-haste_run-4_echo-6_T2w,0.9600063562393188,0.9230886697769165,28,1,0,28,0.0
AttUNet_checkpoint-70,otherscanners,ses-01,anat,sub-chuv256_ses-01_acq-haste_run-5_echo-5_T2w,0.8882250785827637,0.7989252805709839,3,1,0,3,0.0
AttUNet_checkpoint-70,otherscanners,ses-01,anat,sub-chuv256_ses-01_acq-haste_run-5_echo-6_T2w,0.8878072500228882,0.7982494235038757,3,1,0,3,0.0
AttUNet_checkpoint-70,otherscanners,ses-01,anat,sub-chuv256_ses-01_acq-haste_run-6_echo-1_T2w,0.9715560674667358,0.9446854591369629,33,8,3,23,0.13043478260869565
AttUNet_checkpoint-70,otherscanners,ses-01,anat,sub-chuv256_ses-01_acq-haste_run-6_echo-2_T2w,0.9703066945075989,0.9423259496688843,28,3,3,23,0.13043478260869565
AttUNet_checkpoint-70,otherscanners,ses-01,anat,sub-chuv256_ses-01_acq-haste_run-6_echo-3_T2w,0.970237672328949,0.9421957731246948,30,4,3,23,0.13043478260869565
AttUNet_checkpoint-70,otherscanners,ses-01,anat,sub-chuv256_ses-01_acq-haste_run-6_echo-4_T2w,0.9704428315162659,0.9425827264785767,26,3,2,23,0.08695652173913043
AttUNet_checkpoint-70,otherscanners,ses-01,anat,sub-chuv256_ses-01_acq-haste_run-6_echo-5_T2w,0.9700493216514587,0.9418405294418335,25,3,2,22,0.09090909090909091
AttUNet_checkpoint-70,otherscanners,ses-01,anat,sub-chuv256_ses-01_acq-haste_run-6_echo-6_T2w,0.9695774912834167,0.9409513473510742,27,4,3,22,0.13636363636363635
AttUNet_checkpoint-70,otherscanners,ses-01,anat,sub-chuv256_ses-01_acq-haste_run-7_echo-1_T2w,0.9722544550895691,0.9460070133209229,30,1,0,30,0.0
AttUNet_checkpoint-70,otherscanners,ses-01,anat,sub-chuv256_ses-01_acq-haste_run-7_echo-2_T2w,0.9720473289489746,0.9456149339675903,29,1,0,29,0.0
AttUNet_checkpoint-70,otherscanners,ses-01,anat,sub-chuv256_ses-01_acq-haste_run-7_echo-3_T2w,0.9720028042793274,0.9455305933952332,29,1,0,29,0.0
AttUNet_checkpoint-70,otherscanners,ses-01,anat,sub-chuv256_ses-01_acq-haste_run-7_echo-4_T2w,0.969336211681366,0.9404970407485962,30,1,0,30,0.0
AttUNet_checkpoint-70,otherscanners,ses-01,anat,sub-chuv256_ses-01_acq-haste_run-7_echo-5_T2w,0.9664478302001953,0.9350740909576416,32,3,1,30,0.03333333333333333
AttUNet_checkpoint-70,otherscanners,ses-01,anat,sub-chuv256_ses-01_acq-haste_run-7_echo-6_T2w,0.9654977917671204,0.9332969784736633,30,1,0,30,0.0
AttUNet_checkpoint-70,otherscanners,ses-01,anat,sub-chuv256_ses-01_acq-haste_run-8_echo-1_T2w,0.9742549061775208,0.9498021006584167,26,2,1,25,0.04
AttUNet_checkpoint-70,otherscanners,ses-01,anat,sub-chuv256_ses-01_acq-haste_run-8_echo-2_T2w,0.9750824570655823,0.9513765573501587,26,2,1,25,0.04
AttUNet_checkpoint-70,otherscanners,ses-01,anat,sub-chuv256_ses-01_acq-haste_run-8_echo-3_T2w,0.9750998020172119,0.9514094591140747,26,2,1,25,0.04
AttUNet_checkpoint-70,otherscanners,ses-01,anat,sub-chuv256_ses-01_acq-haste_run-8_echo-4_T2w,0.9748426079750061,0.9509199857711792,27,2,2,25,0.08
AttUNet_checkpoint-70,otherscanners,ses-01,anat,sub-chuv256_ses-01_acq-haste_run-8_echo-5_T2w,0.9742661714553833,0.9498235583305359,26,2,2,24,0.08333333333333333
AttUNet_checkpoint-70,otherscanners,ses-01,anat,sub-chuv256_ses-01_acq-haste_run-8_echo-6_T2w,0.9731842279434204,0.9477689862251282,25,2,2,23,0.08695652173913043
AttUNet_checkpoint-70,otherscanners,ses-01,anat,sub-chuv256_ses-01_acq-haste_run-9_echo-5_T2w,0.9589791297912598,0.9211910963058472,8,1,0,8,0.0
AttUNet_checkpoint-70,otherscanners,ses-01,anat,sub-chuv256_ses-01_acq-haste_run-9_echo-6_T2w,0.9587942361831665,0.9208499193191528,8,1,0,8,0.0
AttUNet_checkpoint-70,otherscanners,ses-01,anat,sub-chuv258_ses-01_acq-haste_run-1_echo-1_T2w,0.9766575694084167,0.9543800950050354,24,1,0,24,0.0
AttUNet_checkpoint-70,otherscanners,ses-01,anat,sub-chuv258_ses-01_acq-haste_run-1_echo-2_T2w,0.9749349355697632,0.9510956406593323,25,2,1,24,0.041666666666666664
AttUNet_checkpoint-70,otherscanners,ses-01,anat,sub-chuv258_ses-01_acq-haste_run-1_echo-3_T2w,0.9654566645622253,0.9332201480865479,24,1,0,24,0.0
AttUNet_checkpoint-70,otherscanners,ses-01,anat,sub-chuv258_ses-01_acq-haste_run-1_echo-4_T2w,0.9165491461753845,0.8459535837173462,24,2,1,23,0.043478260869565216
AttUNet_checkpoint-70,otherscanners,ses-01,anat,sub-chuv258_ses-01_acq-haste_run-1_echo-5_T2w,0.9224082231521606,0.8559904098510742,26,3,2,23,0.08695652173913043
AttUNet_checkpoint-70,otherscanners,ses-01,anat,sub-chuv258_ses-01_acq-haste_run-1_echo-6_T2w,0.8976536989212036,0.8143119215965271,28,3,4,23,0.17391304347826086
AttUNet_checkpoint-70,otherscanners,ses-01,anat,sub-chuv258_ses-01_acq-haste_run-2_echo-1_T2w,0.9507045745849609,0.9060409069061279,21,1,0,21,0.0
AttUNet_checkpoint-70,otherscanners,ses-01,anat,sub-chuv258_ses-01_acq-haste_run-2_echo-2_T2w,0.9456680417060852,0.896935760974884,22,1,0,22,0.0
AttUNet_checkpoint-70,otherscanners,ses-01,anat,sub-chuv258_ses-01_acq-haste_run-2_echo-3_T2w,0.9293691515922546,0.8680574893951416,22,1,0,22,0.0
AttUNet_checkpoint-70,otherscanners,ses-01,anat,sub-chuv258_ses-01_acq-haste_run-2_echo-4_T2w,0.7718409299850464,0.6284535527229309,34,5,7,21,0.3333333333333333
AttUNet_checkpoint-70,otherscanners,ses-01,anat,sub-chuv258_ses-01_acq-haste_run-2_echo-5_T2w,0.8328645825386047,0.7135971784591675,41,5,9,25,0.36
AttUNet_checkpoint-70,otherscanners,ses-01,anat,sub-chuv258_ses-01_acq-haste_run-2_echo-6_T2w,0.8394100069999695,0.7232614159584045,32,4,6,23,0.2608695652173913
AttUNet_checkpoint-70,otherscanners,ses-01,anat,sub-chuv258_ses-01_acq-haste_run-3_echo-1_T2w,0.9704188108444214,0.9425374269485474,22,1,0,22,0.0
AttUNet_checkpoint-70,otherscanners,ses-01,anat,sub-chuv258_ses-01_acq-haste_run-3_echo-2_T2w,0.9628612995147705,0.928382396697998,23,2,1,22,0.045454545454545456
AttUNet_checkpoint-70,otherscanners,ses-01,anat,sub-chuv258_ses-01_acq-haste_run-3_echo-3_T2w,0.938517689704895,0.8841575980186462,23,1,0,23,0.0
AttUNet_checkpoint-70,otherscanners,ses-01,anat,sub-chuv258_ses-01_acq-haste_run-3_echo-4_T2w,0.8522785305976868,0.7425830364227295,31,5,4,23,0.17391304347826086
AttUNet_checkpoint-70,otherscanners,ses-01,anat,sub-chuv258_ses-01_acq-haste_run-3_echo-5_T2w,0.8641844391822815,0.7608492970466614,36,5,6,25,0.24
AttUNet_checkpoint-70,otherscanners,ses-01,anat,sub-chuv258_ses-01_acq-haste_run-3_echo-6_T2w,0.7252702116966248,0.5689600110054016,39,7,8,21,0.38095238095238093
AttUNet_checkpoint-70,otherscanners,ses-01,anat,sub-chuv258_ses-01_acq-haste_run-4_echo-1_T2w,0.9749690890312195,0.9511606097221375,22,3,2,19,0.10526315789473684
AttUNet_checkpoint-70,otherscanners,ses-01,anat,sub-chuv258_ses-01_acq-haste_run-4_echo-2_T2w,0.9716105461120605,0.9447885155677795,23,4,2,19,0.10526315789473684
AttUNet_checkpoint-70,otherscanners,ses-01,anat,sub-chuv258_ses-01_acq-haste_run-4_echo-3_T2w,0.9640963077545166,0.9306814074516296,21,2,2,19,0.10526315789473684
AttUNet_checkpoint-70,otherscanners,ses-01,anat,sub-chuv258_ses-01_acq-haste_run-4_echo-4_T2w,0.8615050315856934,0.7567051649093628,40,14,4,20,0.2
AttUNet_checkpoint-70,otherscanners,ses-01,anat,sub-chuv258_ses-01_acq-haste_run-4_echo-5_T2w,0.9099944829940796,0.8348531723022461,21,3,1,19,0.05263157894736842
AttUNet_checkpoint-70,otherscanners,ses-01,anat,sub-chuv258_ses-01_acq-haste_run-4_echo-6_T2w,0.872475266456604,0.7737969756126404,23,4,4,17,0.23529411764705882
AttUNet_checkpoint-70,otherscanners,ses-01,anat,sub-chuv258_ses-01_acq-haste_run-5_echo-1_T2w,0.9776375889778137,0.9562534093856812,25,1,0,25,0.0
AttUNet_checkpoint-70,otherscanners,ses-01,anat,sub-chuv258_ses-01_acq-haste_run-5_echo-2_T2w,0.9771250486373901,0.9552732706069946,25,1,0,25,0.0
AttUNet_checkpoint-70,otherscanners,ses-01,anat,sub-chuv258_ses-01_acq-haste_run-5_echo-3_T2w,0.9688160419464111,0.9395180940628052,25,1,0,25,0.0
AttUNet_checkpoint-70,otherscanners,ses-01,anat,sub-chuv258_ses-01_acq-haste_run-5_echo-4_T2w,0.9240674376487732,0.8588526248931885,25,1,0,25,0.0
AttUNet_checkpoint-70,otherscanners,ses-01,anat,sub-chuv258_ses-01_acq-haste_run-5_echo-5_T2w,0.9277964234352112,0.8653174638748169,25,1,0,25,0.0
AttUNet_checkpoint-70,otherscanners,ses-01,anat,sub-chuv258_ses-01_acq-haste_run-5_echo-6_T2w,0.8971102237701416,0.8134177923202515,33,3,6,25,0.24
AttUNet_checkpoint-70,otherscanners,ses-01,anat,sub-chuv258_ses-01_acq-haste_run-7_echo-1_T2w,0.973983645439148,0.949286699295044,21,2,2,19,0.10526315789473684
AttUNet_checkpoint-70,otherscanners,ses-01,anat,sub-chuv258_ses-01_acq-haste_run-7_echo-2_T2w,0.9660493731498718,0.9343283772468567,26,4,3,20,0.15
AttUNet_checkpoint-70,otherscanners,ses-01,anat,sub-chuv258_ses-01_acq-haste_run-7_echo-3_T2w,0.9360954761505127,0.8798679113388062,23,3,2,20,0.1
AttUNet_checkpoint-70,otherscanners,ses-01,anat,sub-chuv258_ses-01_acq-haste_run-7_echo-4_T2w,0.802372932434082,0.6699689626693726,23,3,3,18,0.16666666666666666
AttUNet_checkpoint-70,otherscanners,ses-01,anat,sub-chuv258_ses-01_acq-haste_run-7_echo-5_T2w,0.9122864007949829,0.838719367980957,25,4,3,20,0.15
AttUNet_checkpoint-70,otherscanners,ses-01,anat,sub-chuv258_ses-01_acq-haste_run-7_echo-6_T2w,0.8915638327598572,0.8043438792228699,25,5,3,19,0.15789473684210525
AttUNet_checkpoint-70,otherscanners,ses-01,anat,sub-chuv266_ses-01_acq-haste_run-1_echo-1_T2w,0.959653377532959,0.9224361777305603,20,1,0,20,0.0
AttUNet_checkpoint-70,otherscanners,ses-01,anat,sub-chuv266_ses-01_acq-haste_run-1_echo-2_T2w,0.9595781564712524,0.9222972393035889,20,1,0,20,0.0
AttUNet_checkpoint-70,otherscanners,ses-01,anat,sub-chuv266_ses-01_acq-haste_run-1_echo-3_T2w,0.9595819711685181,0.9223042130470276,20,1,0,20,0.0
AttUNet_checkpoint-70,otherscanners,ses-01,anat,sub-chuv266_ses-01_acq-haste_run-1_echo-4_T2w,0.9596609473228455,0.9224501848220825,20,1,0,20,0.0
AttUNet_checkpoint-70,otherscanners,ses-01,anat,sub-chuv266_ses-01_acq-haste_run-1_echo-5_T2w,0.9602411985397339,0.9235230684280396,21,1,0,21,0.0
AttUNet_checkpoint-70,otherscanners,ses-01,anat,sub-chuv266_ses-01_acq-haste_run-1_echo-6_T2w,0.9603152275085449,0.9236599802970886,21,1,0,21,0.0
AttUNet_checkpoint-70,otherscanners,ses-01,anat,sub-chuv266_ses-01_acq-haste_run-2_echo-1_T2w,0.9298093318939209,0.8688257932662964,16,1,0,16,0.0
AttUNet_checkpoint-70,otherscanners,ses-01,anat,sub-chuv266_ses-01_acq-haste_run-2_echo-2_T2w,0.9287831783294678,0.8670356869697571,18,2,1,17,0.058823529411764705
AttUNet_checkpoint-70,otherscanners,ses-01,anat,sub-chuv266_ses-01_acq-haste_run-2_echo-3_T2w,0.9289371967315674,0.8673041462898254,18,2,1,17,0.058823529411764705
AttUNet_checkpoint-70,otherscanners,ses-01,anat,sub-chuv266_ses-01_acq-haste_run-2_echo-4_T2w,0.9292208552360535,0.8677987456321716,18,2,1,17,0.058823529411764705
AttUNet_checkpoint-70,otherscanners,ses-01,anat,sub-chuv266_ses-01_acq-haste_run-2_echo-5_T2w,0.9288741946220398,0.8671942949295044,19,3,1,17,0.058823529411764705
AttUNet_checkpoint-70,otherscanners,ses-01,anat,sub-chuv266_ses-01_acq-haste_run-2_echo-6_T2w,0.9273857474327087,0.8646032214164734,20,3,2,17,0.11764705882352941
AttUNet_checkpoint-70,otherscanners,ses-01,anat,sub-chuv266_ses-01_acq-haste_run-3_echo-1_T2w,0.8699847459793091,0.7698876261711121,19,3,2,16,0.125
AttUNet_checkpoint-70,otherscanners,ses-01,anat,sub-chuv266_ses-01_acq-haste_run-3_echo-2_T2w,0.8746023774147034,0.7771496176719666,19,3,2,16,0.125
AttUNet_checkpoint-70,otherscanners,ses-01,anat,sub-chuv266_ses-01_acq-haste_run-3_echo-3_T2w,0.8757944107055664,0.7790340185165405,18,2,2,16,0.125
AttUNet_checkpoint-70,otherscanners,ses-01,anat,sub-chuv266_ses-01_acq-haste_run-3_echo-4_T2w,0.8768513202667236,0.7807081937789917,20,3,2,17,0.11764705882352941
AttUNet_checkpoint-70,otherscanners,ses-01,anat,sub-chuv266_ses-01_acq-haste_run-3_echo-5_T2w,0.876279890537262,0.7798026204109192,22,3,3,18,0.16666666666666666
AttUNet_checkpoint-70,otherscanners,ses-01,anat,sub-chuv266_ses-01_acq-haste_run-3_echo-6_T2w,0.8741236329078674,0.7763940095901489,28,6,5,19,0.2631578947368421
AttUNet_checkpoint-70,otherscanners,ses-01,anat,sub-chuv266_ses-01_acq-haste_run-4_echo-1_T2w,0.932580828666687,0.8736782073974609,20,2,1,19,0.05263157894736842
AttUNet_checkpoint-70,otherscanners,ses-01,anat,sub-chuv266_ses-01_acq-haste_run-4_echo-2_T2w,0.930026113986969,0.8692044615745544,23,5,1,19,0.05263157894736842
AttUNet_checkpoint-70,otherscanners,ses-01,anat,sub-chuv266_ses-01_acq-haste_run-4_echo-3_T2w,0.928048849105835,0.8657566905021667,21,2,1,20,0.05
AttUNet_checkpoint-70,otherscanners,ses-01,anat,sub-chuv266_ses-01_acq-haste_run-4_echo-4_T2w,0.9242449998855591,0.8591594099998474,22,3,1,20,0.05
AttUNet_checkpoint-70,otherscanners,ses-01,anat,sub-chuv266_ses-01_acq-haste_run-4_echo-5_T2w,0.9219264984130859,0.8551611304283142,22,2,2,20,0.1
AttUNet_checkpoint-70,otherscanners,ses-01,anat,sub-chuv266_ses-01_acq-haste_run-4_echo-6_T2w,0.9223214387893677,0.8558409214019775,21,2,1,20,0.05
AttUNet_checkpoint-70,otherscanners,ses-01,anat,sub-chuv266_ses-01_acq-haste_run-5_echo-1_T2w,0.9686986207962036,0.9392973184585571,24,2,1,23,0.043478260869565216
AttUNet_checkpoint-70,otherscanners,ses-01,anat,sub-chuv266_ses-01_acq-haste_run-5_echo-2_T2w,0.9684722423553467,0.9388716816902161,24,2,1,23,0.043478260869565216
AttUNet_checkpoint-70,otherscanners,ses-01,anat,sub-chuv266_ses-01_acq-haste_run-5_echo-3_T2w,0.9683339595794678,0.9386118650436401,24,2,1,23,0.043478260869565216
AttUNet_checkpoint-70,otherscanners,ses-01,anat,sub-chuv266_ses-01_acq-haste_run-5_echo-4_T2w,0.9679358005523682,0.9378639459609985,25,3,1,23,0.043478260869565216
AttUNet_checkpoint-70,otherscanners,ses-01,anat,sub-chuv266_ses-01_acq-haste_run-5_echo-5_T2w,0.9677796363830566,0.9375708103179932,26,4,1,23,0.043478260869565216
AttUNet_checkpoint-70,otherscanners,ses-01,anat,sub-chuv266_ses-01_acq-haste_run-5_echo-6_T2w,0.9674777388572693,0.9370042085647583,28,6,1,23,0.043478260869565216
AttUNet_checkpoint-70,otherscanners,ses-01,anat,sub-chuv266_ses-01_acq-haste_run-6_echo-1_T2w,0.9524082541465759,0.9091406464576721,23,2,2,21,0.09523809523809523
AttUNet_checkpoint-70,otherscanners,ses-01,anat,sub-chuv266_ses-01_acq-haste_run-6_echo-2_T2w,0.9518027901649475,0.9080379009246826,22,2,1,21,0.047619047619047616
AttUNet_checkpoint-70,otherscanners,ses-01,anat,sub-chuv266_ses-01_acq-haste_run-6_echo-3_T2w,0.9518683552742004,0.908157229423523,22,2,1,21,0.047619047619047616
AttUNet_checkpoint-70,otherscanners,ses-01,anat,sub-chuv266_ses-01_acq-haste_run-6_echo-4_T2w,0.9519513249397278,0.9083083271980286,22,2,1,21,0.047619047619047616
AttUNet_checkpoint-70,otherscanners,ses-01,anat,sub-chuv266_ses-01_acq-haste_run-6_echo-5_T2w,0.951964259147644,0.9083318710327148,22,2,1,21,0.047619047619047616
AttUNet_checkpoint-70,otherscanners,ses-01,anat,sub-chuv266_ses-01_acq-haste_run-6_echo-6_T2w,0.950255274772644,0.9052250981330872,24,2,3,21,0.14285714285714285
AttUNet_checkpoint-70,otherscanners,ses-01,anat,sub-chuv266_ses-01_acq-haste_run-7_echo-1_T2w,0.968153178691864,0.9382721781730652,23,2,2,21,0.09523809523809523
AttUNet_checkpoint-70,otherscanners,ses-01,anat,sub-chuv266_ses-01_acq-haste_run-7_echo-2_T2w,0.9680095911026001,0.9380025267601013,23,2,2,21,0.09523809523809523
AttUNet_checkpoint-70,otherscanners,ses-01,anat,sub-chuv266_ses-01_acq-haste_run-7_echo-3_T2w,0.967978835105896,0.937944769859314,22,2,1,21,0.047619047619047616
AttUNet_checkpoint-70,otherscanners,ses-01,anat,sub-chuv266_ses-01_acq-haste_run-7_echo-4_T2w,0.9674811959266663,0.9370107054710388,22,2,1,21,0.047619047619047616
AttUNet_checkpoint-70,otherscanners,ses-01,anat,sub-chuv266_ses-01_acq-haste_run-7_echo-5_T2w,0.9668374061584473,0.9358037710189819,23,2,2,21,0.09523809523809523
AttUNet_checkpoint-70,otherscanners,ses-01,anat,sub-chuv266_ses-01_acq-haste_run-7_echo-6_T2w,0.9663379192352295,0.9348682761192322,23,2,2,21,0.09523809523809523
