Method,Modality,Type,Subject,Volume,Dice,IoU,n_comp_2d,max_comp_slice,n_slices_multi,n_slices_fg,frac_slices_multi
AttUNet_checkpoint-48,otherscanners,ses-01,anat,sub-chuv008_ses-01_acq-haste_run-1_echo-1_T2w,0.9587922096252441,0.9208462238311768,18,1,0,18,0.0
AttUNet_checkpoint-48,otherscanners,ses-01,anat,sub-chuv008_ses-01_acq-haste_run-1_echo-2_T2w,0.9546136260032654,0.9131682515144348,18,1,0,18,0.0
AttUNet_checkpoint-48,otherscanners,ses-01,anat,sub-chuv008_ses-01_acq-haste_run-1_echo-3_T2w,0.9531010985374451,0.9104040861129761,19,2,1,18,0.05555555555555555
AttUNet_checkpoint-48,otherscanners,ses-01,anat,sub-chuv008_ses-01_acq-haste_run-1_echo-4_T2w,0.9499457478523254,0.9046634435653687,23,3,3,19,0.15789473684210525
AttUNet_checkpoint-48,otherscanners,ses-01,anat,sub-chuv008_ses-01_acq-haste_run-1_echo-5_T2w,0.9450805187225342,0.8958792686462402,30,6,6,20,0.3
AttUNet_checkpoint-48,otherscanners,ses-01,anat,sub-chuv008_ses-01_acq-haste_run-1_echo-6_T2w,0.9351212978363037,0.8781481385231018,37,5,9,23,0.391304347826087
AttUNet_checkpoint-48,otherscanners,ses-01,anat,sub-chuv008_ses-01_acq-haste_run-2_echo-1_T2w,0.9412529468536377,0.8890252709388733,26,3,3,21,0.14285714285714285
AttUNet_checkpoint-48,otherscanners,ses-01,anat,sub-chuv008_ses-01_acq-haste_run-2_echo-2_T2w,0.9404341578483582,0.887565553188324,26,4,3,20,0.15
AttUNet_checkpoint-48,otherscanners,ses-01,anat,sub-chuv008_ses-01_acq-haste_run-2_echo-3_T2w,0.9413622617721558,0.8892203569412231,24,3,2,20,0.1
AttUNet_checkpoint-48,otherscanners,ses-01,anat,sub-chuv008_ses-01_acq-haste_run-2_echo-4_T2w,0.9449131488800049,0.8955785036087036,25,4,2,20,0.1
AttUNet_checkpoint-48,otherscanners,ses-01,anat,sub-chuv008_ses-01_acq-haste_run-2_echo-5_T2w,0.9467015862464905,0.8987971544265747,32,5,3,23,0.13043478260869565
AttUNet_checkpoint-48,otherscanners,ses-01,anat,sub-chuv008_ses-01_acq-haste_run-2_echo-6_T2w,0.9509953856468201,0.9065693616867065,34,6,3,24,0.125
AttUNet_checkpoint-48,otherscanners,ses-01,anat,sub-chuv008_ses-01_acq-haste_run-3_echo-1_T2w,0.9373520016670227,0.8820907473564148,26,3,2,23,0.08695652173913043
AttUNet_checkpoint-48,otherscanners,ses-01,anat,sub-chuv008_ses-01_acq-haste_run-3_echo-2_T2w,0.9245299696922302,0.859652042388916,28,4,3,23,0.13043478260869565
AttUNet_checkpoint-48,otherscanners,ses-01,anat,sub-chuv008_ses-01_acq-haste_run-3_echo-3_T2w,0.9105857610702515,0.8358489871025085,31,4,4,23,0.17391304347826086
AttUNet_checkpoint-48,otherscanners,ses-01,anat,sub-chuv008_ses-01_acq-haste_run-3_echo-4_T2w,0.877036988735199,0.7810025215148926,33,5,5,22,0.22727272727272727
AttUNet_checkpoint-48,otherscanners,ses-01,anat,sub-chuv008_ses-01_acq-haste_run-3_echo-5_T2w,0.8536474108695984,0.7446639537811279,42,9,6,22,0.2727272727272727
AttUNet_checkpoint-48,otherscanners,ses-01,anat,sub-chuv008_ses-01_acq-haste_run-3_echo-6_T2w,0.8405646085739136,0.7249774932861328,46,10,5,22,0.22727272727272727
AttUNet_checkpoint-48,otherscanners,ses-01,anat,sub-chuv016_ses-01_acq-haste_run-10_echo-1_T2w,0.9601855874061584,0.9234201312065125,22,1,0,22,0.0
AttUNet_checkpoint-48,otherscanners,ses-01,anat,sub-chuv016_ses-01_acq-haste_run-10_echo-2_T2w,0.9558790326118469,0.9154868721961975,25,4,1,22,0.045454545454545456
AttUNet_checkpoint-48,otherscanners,ses-01,anat,sub-chuv016_ses-01_acq-haste_run-10_echo-3_T2w,0.9555834531784058,0.9149447083473206,23,2,1,22,0.045454545454545456
AttUNet_checkpoint-48,otherscanners,ses-01,anat,sub-chuv016_ses-01_acq-haste_run-10_echo-4_T2w,0.9549930095672607,0.9138627648353577,22,1,0,22,0.0
AttUNet_checkpoint-48,otherscanners,ses-01,anat,sub-chuv016_ses-01_acq-haste_run-10_echo-5_T2w,0.9505252838134766,0.90571528673172,25,4,1,22,0.045454545454545456
AttUNet_checkpoint-48,otherscanners,ses-01,anat,sub-chuv016_ses-01_acq-haste_run-10_echo-6_T2w,0.9439347386360168,0.8938223719596863,26,4,2,22,0.09090909090909091
AttUNet_checkpoint-48,otherscanners,ses-01,anat,sub-chuv016_ses-01_acq-haste_run-1_echo-1_T2w,0.9640027284622192,0.9305070042610168,22,1,0,22,0.0
AttUNet_checkpoint-48,otherscanners,ses-01,anat,sub-chuv016_ses-01_acq-haste_run-1_echo-2_T2w,0.9612134695053101,0.9253233075141907,22,1,0,22,0.0
AttUNet_checkpoint-48,otherscanners,ses-01,anat,sub-chuv016_ses-01_acq-haste_run-1_echo-3_T2w,0.9586443305015564,0.9205734133720398,22,1,0,22,0.0
AttUNet_checkpoint-48,otherscanners,ses-01,anat,sub-chuv016_ses-01_acq-haste_run-1_echo-4_T2w,0.9530633687973022,0.9103353023529053,22,1,0,22,0.0
AttUNet_checkpoint-48,otherscanners,ses-01,anat,sub-chuv016_ses-01_acq-haste_run-1_echo-5_T2w,0.9480486512184143,0.9012286067008972,22,1,0,22,0.0
AttUNet_checkpoint-48,otherscanners,ses-01,anat,sub-chuv016_ses-01_acq-haste_run-1_echo-6_T2w,0.9426698684692383,0.8915567994117737,24,3,1,22,0.045454545454545456
AttUNet_checkpoint-48,otherscanners,ses-01,anat,sub-chuv016_ses-01_acq-haste_run-2_echo-1_T2w,0.9638723134994507,0.9302640557289124,24,2,1,23,0.043478260869565216
AttUNet_checkpoint-48,otherscanners,ses-01,anat,sub-chuv016_ses-01_acq-haste_run-2_echo-2_T2w,0.9623148441314697,0.9273668527603149,23,1,0,23,0.0
AttUNet_checkpoint-48,otherscanners,ses-01,anat,sub-chuv016_ses-01_acq-haste_run-2_echo-3_T2w,0.9616673588752747,0.9261650443077087,23,1,0,23,0.0
AttUNet_checkpoint-48,otherscanners,ses-01,anat,sub-chuv016_ses-01_acq-haste_run-2_echo-4_T2w,0.9593122005462646,0.9218059182167053,23,1,0,23,0.0
AttUNet_checkpoint-48,otherscanners,ses-01,anat,sub-chuv016_ses-01_acq-haste_run-2_echo-5_T2w,0.9539342522621155,0.9119256734848022,23,1,0,23,0.0
AttUNet_checkpoint-48,otherscanners,ses-01,anat,sub-chuv016_ses-01_acq-haste_run-2_echo-6_T2w,0.9438682198524475,0.893703043460846,29,5,3,23,0.13043478260869565
AttUNet_checkpoint-48,otherscanners,ses-01,anat,sub-chuv016_ses-01_acq-haste_run-3_echo-1_T2w,0.9369149208068848,0.8813169598579407,29,3,4,22,0.18181818181818182
AttUNet_checkpoint-48,otherscanners,ses-01,anat,sub-chuv016_ses-01_acq-haste_run-3_echo-2_T2w,0.9181224703788757,0.848638117313385,36,9,5,22,0.22727272727272727
AttUNet_checkpoint-48,otherscanners,ses-01,anat,sub-chuv016_ses-01_acq-haste_run-3_echo-3_T2w,0.903063952922821,0.8232603073120117,32,6,5,21,0.23809523809523808
AttUNet_checkpoint-48,otherscanners,ses-01,anat,sub-chuv016_ses-01_acq-haste_run-3_echo-4_T2w,0.9010694622993469,0.8199512362480164,25,4,3,19,0.15789473684210525
AttUNet_checkpoint-48,otherscanners,ses-01,anat,sub-chuv016_ses-01_acq-haste_run-3_echo-5_T2w,0.9037986397743225,0.8244823217391968,41,13,4,20,0.2
AttUNet_checkpoint-48,otherscanners,ses-01,anat,sub-chuv016_ses-01_acq-haste_run-3_echo-6_T2w,0.9113341569900513,0.8371109962463379,25,4,3,20,0.15
AttUNet_checkpoint-48,otherscanners,ses-01,anat,sub-chuv016_ses-01_acq-haste_run-4_echo-1_T2w,0.9756479859352112,0.9524537920951843,24,3,1,22,0.045454545454545456
AttUNet_checkpoint-48,otherscanners,ses-01,anat,sub-chuv016_ses-01_acq-haste_run-4_echo-2_T2w,0.9757167100906372,0.9525848031044006,24,3,1,22,0.045454545454545456
AttUNet_checkpoint-48,otherscanners,ses-01,anat,sub-chuv016_ses-01_acq-haste_run-4_echo-3_T2w,0.9757274985313416,0.9526053667068481,24,3,1,22,0.045454545454545456
AttUNet_checkpoint-48,otherscanners,ses-01,anat,sub-chuv016_ses-01_acq-haste_run-4_echo-4_T2w,0.9751529693603516,0.9515107870101929,24,3,1,22,0.045454545454545456
AttUNet_checkpoint-48,otherscanners,ses-01,anat,sub-chuv016_ses-01_acq-haste_run-4_echo-5_T2w,0.9741962552070618,0.9496906399726868,24,3,1,22,0.045454545454545456
AttUNet_checkpoint-48,otherscanners,ses-01,anat,sub-chuv016_ses-01_acq-haste_run-4_echo-6_T2w,0.9729644656181335,0.9473523497581482,24,3,1,22,0.045454545454545456
AttUNet_checkpoint-48,otherscanners,ses-01,anat,sub-chuv016_ses-01_acq-haste_run-5_echo-1_T2w,0.965549111366272,0.9333929419517517,22,1,0,22,0.0
AttUNet_checkpoint-48,otherscanners,ses-01,anat,sub-chuv016_ses-01_acq-haste_run-5_echo-2_T2w,0.9643094539642334,0.9310787320137024,22,1,0,22,0.0
AttUNet_checkpoint-48,otherscanners,ses-01,anat,sub-chuv016_ses-01_acq-haste_run-5_echo-3_T2w,0.9634233713150024,0.929427981376648,22,2,1,21,0.047619047619047616
AttUNet_checkpoint-48,otherscanners,ses-01,anat,sub-chuv016_ses-01_acq-haste_run-5_echo-4_T2w,0.9606617093086243,0.9243013262748718,23,3,1,21,0.047619047619047616
AttUNet_checkpoint-48,otherscanners,ses-01,anat,sub-chuv016_ses-01_acq-haste_run-5_echo-5_T2w,0.9456241726875305,0.8968568444252014,28,7,2,21,0.09523809523809523
AttUNet_checkpoint-48,otherscanners,ses-01,anat,sub-chuv016_ses-01_acq-haste_run-5_echo-6_T2w,0.9104601144790649,0.8356372117996216,28,4,5,21,0.23809523809523808
AttUNet_checkpoint-48,otherscanners,ses-01,anat,sub-chuv016_ses-01_acq-haste_run-7_echo-5_T2w,0.961301326751709,0.9254862666130066,11,2,1,10,0.1
AttUNet_checkpoint-48,otherscanners,ses-01,anat,sub-chuv016_ses-01_acq-haste_run-7_echo-6_T2w,0.9625785946846008,0.9278569221496582,10,1,0,10,0.0
AttUNet_checkpoint-48,otherscanners,ses-01,anat,sub-chuv016_ses-01_acq-haste_run-8_echo-1_T2w,0.9636099934577942,0.9297754764556885,23,1,0,23,0.0
AttUNet_checkpoint-48,otherscanners,ses-01,anat,sub-chuv016_ses-01_acq-haste_run-8_echo-2_T2w,0.9616063237190247,0.9260517954826355,24,2,1,23,0.043478260869565216
AttUNet_checkpoint-48,otherscanners,ses-01,anat,sub-chuv016_ses-01_acq-haste_run-8_echo-3_T2w,0.9604161381721497,0.9238467216491699,23,1,0,23,0.0
AttUNet_checkpoint-48,otherscanners,ses-01,anat,sub-chuv016_ses-01_acq-haste_run-8_echo-4_T2w,0.9569185972213745,0.9173958897590637,25,3,1,23,0.043478260869565216
AttUNet_checkpoint-48,otherscanners,ses-01,anat,sub-chuv016_ses-01_acq-haste_run-8_echo-5_T2w,0.9528088569641113,0.909870982170105,23,1,0,23,0.0
AttUNet_checkpoint-48,otherscanners,ses-01,anat,sub-chuv016_ses-01_acq-haste_run-8_echo-6_T2w,0.9469243288040161,0.8991987705230713,23,1,0,23,0.0
AttUNet_checkpoint-48,otherscanners,ses-01,anat,sub-chuv016_ses-01_acq-haste_run-9_echo-5_T2w,0.9443328976631165,0.8945366144180298,11,2,1,10,0.1
AttUNet_checkpoint-48,otherscanners,ses-01,anat,sub-chuv016_ses-01_acq-haste_run-9_echo-6_T2w,0.9454132318496704,0.8964774012565613,12,3,1,10,0.1
AttUNet_checkpoint-48,otherscanners,ses-01,anat,sub-chuv021_ses-01_acq-haste_run-1_echo-1_T2w,0.9635899066925049,0.9297380447387695,24,2,1,23,0.043478260869565216
AttUNet_checkpoint-48,otherscanners,ses-01,anat,sub-chuv021_ses-01_acq-haste_run-1_echo-2_T2w,0.9567582011222839,0.9171010851860046,24,2,1,23,0.043478260869565216
AttUNet_checkpoint-48,otherscanners,ses-01,anat,sub-chuv021_ses-01_acq-haste_run-1_echo-3_T2w,0.9457147121429443,0.8970197439193726,29,3,4,24,0.16666666666666666
AttUNet_checkpoint-48,otherscanners,ses-01,anat,sub-chuv021_ses-01_acq-haste_run-1_echo-4_T2w,0.9153319597244263,0.8438820838928223,41,4,10,22,0.45454545454545453
AttUNet_checkpoint-48,otherscanners,ses-01,anat,sub-chuv021_ses-01_acq-haste_run-1_echo-5_T2w,0.5897083282470703,0.41814637184143066,36,6,7,15,0.4666666666666667
AttUNet_checkpoint-48,otherscanners,ses-01,anat,sub-chuv021_ses-01_acq-haste_run-1_echo-6_T2w,0.15196958184242249,0.08223326504230499,20,7,4,5,0.8
AttUNet_checkpoint-48,otherscanners,ses-01,anat,sub-chuv021_ses-01_acq-haste_run-2_echo-1_T2w,0.0,0.0,2,1,0,2,0.0
AttUNet_checkpoint-48,otherscanners,ses-01,anat,sub-chuv021_ses-01_acq-haste_run-2_echo-2_T2w,0.0,0.0,1,1,0,1,0.0
AttUNet_checkpoint-48,otherscanners,ses-01,anat,sub-chuv021_ses-01_acq-haste_run-2_echo-3_T2w,0.05187074840068817,0.026625927537679672,20,13,4,4,1.0
AttUNet_checkpoint-48,otherscanners,ses-01,anat,sub-chuv021_ses-01_acq-haste_run-2_echo-4_T2w,0.035542625933885574,0.018092846497893333,32,6,8,12,0.6666666666666666
AttUNet_checkpoint-48,otherscanners,ses-01,anat,sub-chuv021_ses-01_acq-haste_run-2_echo-5_T2w,0.0,0.0,26,6,6,8,0.75
AttUNet_checkpoint-48,otherscanners,ses-01,anat,sub-chuv021_ses-01_acq-haste_run-2_echo-6_T2w,0.0,0.0,10,3,3,5,0.6
AttUNet_checkpoint-48,otherscanners,ses-01,anat,sub-chuv021_ses-01_acq-haste_run-3_echo-1_T2w,0.9663476943969727,0.934886634349823,26,2,1,25,0.04
AttUNet_checkpoint-48,otherscanners,ses-01,anat,sub-chuv021_ses-01_acq-haste_run-3_echo-2_T2w,0.9648292064666748,0.9320483207702637,26,2,1,25,0.04
AttUNet_checkpoint-48,otherscanners,ses-01,anat,sub-chuv021_ses-01_acq-haste_run-3_echo-3_T2w,0.9633660316467285,0.9293212890625,27,2,1,26,0.038461538461538464
AttUNet_checkpoint-48,otherscanners,ses-01,anat,sub-chuv021_ses-01_acq-haste_run-3_echo-4_T2w,0.9596655964851379,0.9224587678909302,26,1,0,26,0.0
AttUNet_checkpoint-48,otherscanners,ses-01,anat,sub-chuv021_ses-01_acq-haste_run-3_echo-5_T2w,0.9124113321304321,0.8389304876327515,36,5,6,24,0.25
AttUNet_checkpoint-48,otherscanners,ses-01,anat,sub-chuv021_ses-01_acq-haste_run-3_echo-6_T2w,0.8086109757423401,0.678712785243988,63,7,19,25,0.76
AttUNet_checkpoint-48,otherscanners,ses-01,anat,sub-chuv021_ses-01_acq-haste_run-4_echo-1_T2w,0.9593504071235657,0.9218764901161194,37,5,9,24,0.375
AttUNet_checkpoint-48,otherscanners,ses-01,anat,sub-chuv021_ses-01_acq-haste_run-4_echo-2_T2w,0.9436254501342773,0.893267810344696,39,5,6,26,0.23076923076923078
AttUNet_checkpoint-48,otherscanners,ses-01,anat,sub-chuv021_ses-01_acq-haste_run-4_echo-3_T2w,0.9343902468681335,0.8768596649169922,36,4,6,25,0.24
AttUNet_checkpoint-48,otherscanners,ses-01,anat,sub-chuv021_ses-01_acq-haste_run-4_echo-4_T2w,0.9200727939605713,0.8519766330718994,48,7,10,20,0.5
AttUNet_checkpoint-48,otherscanners,ses-01,anat,sub-chuv021_ses-01_acq-haste_run-4_echo-5_T2w,0.8095380663871765,0.6800201535224915,57,8,14,18,0.7777777777777778
AttUNet_checkpoint-48,otherscanners,ses-01,anat,sub-chuv021_ses-01_acq-haste_run-4_echo-6_T2w,0.7054249048233032,0.5449084639549255,86,13,15,16,0.9375
AttUNet_checkpoint-48,otherscanners,ses-01,anat,sub-chuv021_ses-01_acq-haste_run-5_echo-1_T2w,0.9445047974586487,0.894845187664032,44,6,7,28,0.25
AttUNet_checkpoint-48,otherscanners,ses-01,anat,sub-chuv021_ses-01_acq-haste_run-5_echo-2_T2w,0.9315047860145569,0.8717913031578064,38,4,8,27,0.2962962962962963
AttUNet_checkpoint-48,otherscanners,ses-01,anat,sub-chuv021_ses-01_acq-haste_run-5_echo-3_T2w,0.9096758365631104,0.8343169093132019,64,9,11,27,0.4074074074074074
AttUNet_checkpoint-48,otherscanners,ses-01,anat,sub-chuv021_ses-01_acq-haste_run-5_echo-4_T2w,0.8629567623138428,0.758948028087616,61,11,12,22,0.5454545454545454
AttUNet_checkpoint-48,otherscanners,ses-01,anat,sub-chuv021_ses-01_acq-haste_run-5_echo-5_T2w,0.7839701175689697,0.6446964740753174,65,8,15,21,0.7142857142857143
AttUNet_checkpoint-48,otherscanners,ses-01,anat,sub-chuv021_ses-01_acq-haste_run-5_echo-6_T2w,0.7130849361419678,0.5541040897369385,63,6,16,19,0.8421052631578947
AttUNet_checkpoint-48,otherscanners,ses-01,anat,sub-chuv021_ses-01_acq-haste_run-6_echo-1_T2w,0.9640287756919861,0.9305555820465088,22,1,0,22,0.0
AttUNet_checkpoint-48,otherscanners,ses-01,anat,sub-chuv021_ses-01_acq-haste_run-6_echo-2_T2w,0.9586383700370789,0.9205624461174011,23,2,1,22,0.045454545454545456
AttUNet_checkpoint-48,otherscanners,ses-01,anat,sub-chuv021_ses-01_acq-haste_run-6_echo-3_T2w,0.9505006074905396,0.9056704640388489,30,3,5,23,0.21739130434782608
AttUNet_checkpoint-48,otherscanners,ses-01,anat,sub-chuv021_ses-01_acq-haste_run-6_echo-4_T2w,0.8839103579521179,0.7919707894325256,43,5,9,23,0.391304347826087
AttUNet_checkpoint-48,otherscanners,ses-01,anat,sub-chuv021_ses-01_acq-haste_run-6_echo-5_T2w,0.6309764981269836,0.460895299911499,27,5,5,16,0.3125
AttUNet_checkpoint-48,otherscanners,ses-01,anat,sub-chuv021_ses-01_acq-haste_run-6_echo-6_T2w,0.2066667675971985,0.11524169147014618,30,8,6,9,0.6666666666666666
AttUNet_checkpoint-48,otherscanners,ses-01,anat,sub-chuv021_ses-01_acq-haste_run-7_echo-1_T2w,0.9596538543701172,0.9224370718002319,25,2,1,24,0.041666666666666664
AttUNet_checkpoint-48,otherscanners,ses-01,anat,sub-chuv021_ses-01_acq-haste_run-7_echo-2_T2w,0.9569650292396545,0.9174812436103821,24,1,0,24,0.0
AttUNet_checkpoint-48,otherscanners,ses-01,anat,sub-chuv021_ses-01_acq-haste_run-7_echo-3_T2w,0.946418046951294,0.8982861042022705,29,3,3,24,0.125
AttUNet_checkpoint-48,otherscanners,ses-01,anat,sub-chuv021_ses-01_acq-haste_run-7_echo-4_T2w,0.945573627948761,0.8967658877372742,27,3,2,24,0.08333333333333333
AttUNet_checkpoint-48,otherscanners,ses-01,anat,sub-chuv021_ses-01_acq-haste_run-7_echo-5_T2w,0.9187102913856506,0.8496430516242981,38,8,5,23,0.21739130434782608
AttUNet_checkpoint-48,otherscanners,ses-01,anat,sub-chuv021_ses-01_acq-haste_run-7_echo-6_T2w,0.783661961555481,0.6442797183990479,65,7,16,23,0.6956521739130435
AttUNet_checkpoint-48,otherscanners,ses-01,anat,sub-chuv024_ses-01_acq-haste_run-1_echo-1_T2w,0.973656177520752,0.9486647248268127,28,1,0,28,0.0
AttUNet_checkpoint-48,otherscanners,ses-01,anat,sub-chuv024_ses-01_acq-haste_run-1_echo-2_T2w,0.972826361656189,0.9470904469490051,28,1,0,28,0.0
AttUNet_checkpoint-48,otherscanners,ses-01,anat,sub-chuv024_ses-01_acq-haste_run-1_echo-3_T2w,0.9719687104225159,0.9454661011695862,28,1,0,28,0.0
AttUNet_checkpoint-48,otherscanners,ses-01,anat,sub-chuv024_ses-01_acq-haste_run-1_echo-4_T2w,0.969688892364502,0.9411612153053284,29,2,1,28,0.03571428571428571
AttUNet_checkpoint-48,otherscanners,ses-01,anat,sub-chuv024_ses-01_acq-haste_run-1_echo-5_T2w,0.9676814079284668,0.9373864531517029,28,1,0,28,0.0
AttUNet_checkpoint-48,otherscanners,ses-01,anat,sub-chuv024_ses-01_acq-haste_run-1_echo-6_T2w,0.9658859968185425,0.9340227246284485,28,1,0,28,0.0
AttUNet_checkpoint-48,otherscanners,ses-01,anat,sub-chuv024_ses-01_acq-haste_run-2_echo-1_T2w,0.9726622104644775,0.9467793703079224,22,1,0,22,0.0
AttUNet_checkpoint-48,otherscanners,ses-01,anat,sub-chuv024_ses-01_acq-haste_run-2_echo-2_T2w,0.9716582298278809,0.9448787569999695,22,1,0,22,0.0
AttUNet_checkpoint-48,otherscanners,ses-01,anat,sub-chuv024_ses-01_acq-haste_run-2_echo-3_T2w,0.9707139730453491,0.9430944919586182,22,1,0,22,0.0
AttUNet_checkpoint-48,otherscanners,ses-01,anat,sub-chuv024_ses-01_acq-haste_run-2_echo-4_T2w,0.9670973420143127,0.9362909197807312,24,2,2,22,0.09090909090909091
AttUNet_checkpoint-48,otherscanners,ses-01,anat,sub-chuv024_ses-01_acq-haste_run-2_echo-5_T2w,0.9625274538993835,0.9277619123458862,25,3,2,22,0.09090909090909091
AttUNet_checkpoint-48,otherscanners,ses-01,anat,sub-chuv024_ses-01_acq-haste_run-2_echo-6_T2w,0.9601109027862549,0.9232820868492126,22,1,0,22,0.0
AttUNet_checkpoint-48,otherscanners,ses-01,anat,sub-chuv024_ses-01_acq-haste_run-3_echo-1_T2w,0.617347240447998,0.44649478793144226,17,4,3,11,0.2727272727272727
AttUNet_checkpoint-48,otherscanners,ses-01,anat,sub-chuv024_ses-01_acq-haste_run-3_echo-2_T2w,0.610741913318634,0.4396173357963562,28,8,4,12,0.3333333333333333
AttUNet_checkpoint-48,otherscanners,ses-01,anat,sub-chuv024_ses-01_acq-haste_run-3_echo-3_T2w,0.6172311902046204,0.4463733732700348,32,8,5,13,0.38461538461538464
AttUNet_checkpoint-48,otherscanners,ses-01,anat,sub-chuv024_ses-01_acq-haste_run-3_echo-4_T2w,0.6018967628479004,0.4305095374584198,24,7,4,13,0.3076923076923077
AttUNet_checkpoint-48,otherscanners,ses-01,anat,sub-chuv024_ses-01_acq-haste_run-3_echo-5_T2w,0.590524435043335,0.41896748542785645,24,4,6,14,0.42857142857142855
AttUNet_checkpoint-48,otherscanners,ses-01,anat,sub-chuv024_ses-01_acq-haste_run-3_echo-6_T2w,0.5875522494316101,0.41598156094551086,23,4,4,13,0.3076923076923077
AttUNet_checkpoint-48,otherscanners,ses-01,anat,sub-chuv024_ses-01_acq-haste_run-4_echo-1_T2w,0.8761582970619202,0.7796100974082947,31,6,5,21,0.23809523809523808
AttUNet_checkpoint-48,otherscanners,ses-01,anat,sub-chuv024_ses-01_acq-haste_run-4_echo-2_T2w,0.8653814196586609,0.7627069354057312,30,5,5,22,0.22727272727272727
AttUNet_checkpoint-48,otherscanners,ses-01,anat,sub-chuv024_ses-01_acq-haste_run-4_echo-3_T2w,0.8602649569511414,0.7547938227653503,25,3,2,22,0.09090909090909091
AttUNet_checkpoint-48,otherscanners,ses-01,anat,sub-chuv024_ses-01_acq-haste_run-4_echo-4_T2w,0.8519384264945984,0.7420668601989746,32,4,5,22,0.22727272727272727
AttUNet_checkpoint-48,otherscanners,ses-01,anat,sub-chuv024_ses-01_acq-haste_run-4_echo-5_T2w,0.8436796069145203,0.7296244502067566,33,5,6,22,0.2727272727272727
AttUNet_checkpoint-48,otherscanners,ses-01,anat,sub-chuv024_ses-01_acq-haste_run-4_echo-6_T2w,0.827073335647583,0.7051364183425903,42,4,9,22,0.4090909090909091
AttUNet_checkpoint-48,otherscanners,ses-01,anat,sub-chuv024_ses-01_acq-haste_run-5_echo-1_T2w,0.9420232772827148,0.8904008269309998,40,5,10,20,0.5
AttUNet_checkpoint-48,otherscanners,ses-01,anat,sub-chuv024_ses-01_acq-haste_run-5_echo-2_T2w,0.9431735873222351,0.8924583792686462,46,8,11,20,0.55
AttUNet_checkpoint-48,otherscanners,ses-01,anat,sub-chuv024_ses-01_acq-haste_run-5_echo-3_T2w,0.9420007467269897,0.8903605341911316,45,8,9,20,0.45
AttUNet_checkpoint-48,otherscanners,ses-01,anat,sub-chuv024_ses-01_acq-haste_run-5_echo-4_T2w,0.9353336691856384,0.8785228133201599,57,8,12,20,0.6
AttUNet_checkpoint-48,otherscanners,ses-01,anat,sub-chuv024_ses-01_acq-haste_run-5_echo-5_T2w,0.9247714281082153,0.8600696325302124,63,7,14,20,0.7
AttUNet_checkpoint-48,otherscanners,ses-01,anat,sub-chuv024_ses-01_acq-haste_run-5_echo-6_T2w,0.9162722826004028,0.8454819917678833,70,9,15,21,0.7142857142857143
AttUNet_checkpoint-48,otherscanners,ses-01,anat,sub-chuv024_ses-01_acq-haste_run-6_echo-1_T2w,0.8564520478248596,0.7489427924156189,14,2,2,12,0.16666666666666666
AttUNet_checkpoint-48,otherscanners,ses-01,anat,sub-chuv024_ses-01_acq-haste_run-6_echo-2_T2w,0.8542407155036926,0.7455673813819885,15,2,3,12,0.25
AttUNet_checkpoint-48,otherscanners,ses-01,anat,sub-chuv024_ses-01_acq-haste_run-6_echo-3_T2w,0.8523868322372437,0.7427475452423096,15,2,3,12,0.25
AttUNet_checkpoint-48,otherscanners,ses-01,anat,sub-chuv024_ses-01_acq-haste_run-6_echo-4_T2w,0.8652692437171936,0.7625325918197632,20,5,4,13,0.3076923076923077
AttUNet_checkpoint-48,otherscanners,ses-01,anat,sub-chuv024_ses-01_acq-haste_run-6_echo-5_T2w,0.8596929311752319,0.7539134621620178,19,4,4,13,0.3076923076923077
AttUNet_checkpoint-48,otherscanners,ses-01,anat,sub-chuv024_ses-01_acq-haste_run-6_echo-6_T2w,0.8463583588600159,0.7336406707763672,25,4,6,13,0.46153846153846156
AttUNet_checkpoint-48,otherscanners,ses-01,anat,sub-chuv024_ses-01_acq-haste_run-7_echo-1_T2w,0.7960572838783264,0.6612086296081543,41,6,6,20,0.3
AttUNet_checkpoint-48,otherscanners,ses-01,anat,sub-chuv024_ses-01_acq-haste_run-7_echo-2_T2w,0.7966225743293762,0.6619889140129089,30,4,6,19,0.3157894736842105
AttUNet_checkpoint-48,otherscanners,ses-01,anat,sub-chuv024_ses-01_acq-haste_run-7_echo-3_T2w,0.7914391756057739,0.65486079454422,33,4,7,19,0.3684210526315789
AttUNet_checkpoint-48,otherscanners,ses-01,anat,sub-chuv024_ses-01_acq-haste_run-7_echo-4_T2w,0.7780266404151917,0.6366969347000122,33,5,7,19,0.3684210526315789
AttUNet_checkpoint-48,otherscanners,ses-01,anat,sub-chuv024_ses-01_acq-haste_run-7_echo-5_T2w,0.7689683437347412,0.6246535778045654,43,8,8,19,0.42105263157894735
AttUNet_checkpoint-48,otherscanners,ses-01,anat,sub-chuv024_ses-01_acq-haste_run-7_echo-6_T2w,0.7618017196655273,0.6152501702308655,39,7,7,19,0.3684210526315789
AttUNet_checkpoint-48,otherscanners,ses-01,anat,sub-chuv024_ses-01_acq-haste_run-8_echo-1_T2w,0.8043991327285767,0.6727991104125977,15,2,2,13,0.15384615384615385
AttUNet_checkpoint-48,otherscanners,ses-01,anat,sub-chuv024_ses-01_acq-haste_run-8_echo-2_T2w,0.8044871687889099,0.6729222536087036,18,5,2,13,0.15384615384615385
AttUNet_checkpoint-48,otherscanners,ses-01,anat,sub-chuv024_ses-01_acq-haste_run-8_echo-3_T2w,0.801746129989624,0.6690953969955444,19,5,3,13,0.23076923076923078
AttUNet_checkpoint-48,otherscanners,ses-01,anat,sub-chuv024_ses-01_acq-haste_run-8_echo-4_T2w,0.7926787734031677,0.656559944152832,20,5,3,13,0.23076923076923078
AttUNet_checkpoint-48,otherscanners,ses-01,anat,sub-chuv024_ses-01_acq-haste_run-8_echo-5_T2w,0.787361741065979,0.6492964625358582,26,6,5,13,0.38461538461538464
AttUNet_checkpoint-48,otherscanners,ses-01,anat,sub-chuv024_ses-01_acq-haste_run-8_echo-6_T2w,0.7937635183334351,0.6580496430397034,33,14,5,13,0.38461538461538464
AttUNet_checkpoint-48,otherscanners,ses-01,anat,sub-chuv024_ses-01_acq-haste_run-9_echo-1_T2w,0.823793888092041,0.7003822326660156,23,2,2,21,0.09523809523809523
AttUNet_checkpoint-48,otherscanners,ses-01,anat,sub-chuv024_ses-01_acq-haste_run-9_echo-2_T2w,0.8241169452667236,0.7008494138717651,21,1,0,21,0.0
AttUNet_checkpoint-48,otherscanners,ses-01,anat,sub-chuv024_ses-01_acq-haste_run-9_echo-3_T2w,0.8245375156402588,0.7014579176902771,22,2,1,21,0.047619047619047616
AttUNet_checkpoint-48,otherscanners,ses-01,anat,sub-chuv024_ses-01_acq-haste_run-9_echo-4_T2w,0.8216258883476257,0.6972538828849792,23,2,3,20,0.15
AttUNet_checkpoint-48,otherscanners,ses-01,anat,sub-chuv024_ses-01_acq-haste_run-9_echo-5_T2w,0.8065858483314514,0.6758641600608826,23,3,3,19,0.15789473684210525
AttUNet_checkpoint-48,otherscanners,ses-01,anat,sub-chuv024_ses-01_acq-haste_run-9_echo-6_T2w,0.7805852890014648,0.6401310563087463,32,7,5,19,0.2631578947368421
AttUNet_checkpoint-48,otherscanners,ses-01,anat,sub-chuv038_ses-01_acq-haste_run-2_echo-1_T2w,0.9765887260437012,0.9542486071586609,30,2,5,25,0.2
AttUNet_checkpoint-48,otherscanners,ses-01,anat,sub-chuv038_ses-01_acq-haste_run-2_echo-2_T2w,0.9752205610275269,0.9516394138336182,30,2,5,25,0.2
AttUNet_checkpoint-48,otherscanners,ses-01,anat,sub-chuv038_ses-01_acq-haste_run-2_echo-3_T2w,0.9743103981018066,0.949907660484314,30,2,5,25,0.2
AttUNet_checkpoint-48,otherscanners,ses-01,anat,sub-chuv038_ses-01_acq-haste_run-2_echo-4_T2w,0.9726281762123108,0.9467148780822754,29,2,4,25,0.16
AttUNet_checkpoint-48,otherscanners,ses-01,anat,sub-chuv038_ses-01_acq-haste_run-2_echo-5_T2w,0.9695971608161926,0.9409884810447693,33,4,5,24,0.20833333333333334
AttUNet_checkpoint-48,otherscanners,ses-01,anat,sub-chuv038_ses-01_acq-haste_run-2_echo-6_T2w,0.9673547744750977,0.9367735981941223,33,5,5,24,0.20833333333333334
AttUNet_checkpoint-48,otherscanners,ses-01,anat,sub-chuv038_ses-01_acq-haste_run-3_echo-1_T2w,0.9657540321350098,0.9337760210037231,30,5,3,24,0.125
AttUNet_checkpoint-48,otherscanners,ses-01,anat,sub-chuv038_ses-01_acq-haste_run-3_echo-2_T2w,0.9627918004989624,0.928253173828125,28,3,3,24,0.125
AttUNet_checkpoint-48,otherscanners,ses-01,anat,sub-chuv038_ses-01_acq-haste_run-3_echo-3_T2w,0.9584283232688904,0.9201751351356506,29,3,3,24,0.125
AttUNet_checkpoint-48,otherscanners,ses-01,anat,sub-chuv038_ses-01_acq-haste_run-3_echo-4_T2w,0.9493517875671387,0.903586745262146,34,9,4,23,0.17391304347826086
AttUNet_checkpoint-48,otherscanners,ses-01,anat,sub-chuv038_ses-01_acq-haste_run-3_echo-5_T2w,0.9457091093063354,0.8970096707344055,27,4,2,23,0.08695652173913043
AttUNet_checkpoint-48,otherscanners,ses-01,anat,sub-chuv038_ses-01_acq-haste_run-3_echo-6_T2w,0.9384158849716187,0.8839769959449768,28,5,2,23,0.08695652173913043
AttUNet_checkpoint-48,otherscanners,ses-01,anat,sub-chuv038_ses-01_acq-haste_run-4_echo-1_T2w,0.7491888403892517,0.5989623665809631,30,6,2,24,0.08333333333333333
AttUNet_checkpoint-48,otherscanners,ses-01,anat,sub-chuv038_ses-01_acq-haste_run-4_echo-2_T2w,0.7520102262496948,0.602577269077301,35,7,3,24,0.125
AttUNet_checkpoint-48,otherscanners,ses-01,anat,sub-chuv038_ses-01_acq-haste_run-4_echo-3_T2w,0.7533583045005798,0.6043102145195007,48,14,4,24,0.16666666666666666
AttUNet_checkpoint-48,otherscanners,ses-01,anat,sub-chuv038_ses-01_acq-haste_run-4_echo-4_T2w,0.7478275299072266,0.5972241163253784,40,5,8,25,0.32
AttUNet_checkpoint-48,otherscanners,ses-01,anat,sub-chuv038_ses-01_acq-haste_run-4_echo-5_T2w,0.7532285451889038,0.6041432619094849,42,11,6,23,0.2608695652173913
AttUNet_checkpoint-48,otherscanners,ses-01,anat,sub-chuv038_ses-01_acq-haste_run-4_echo-6_T2w,0.7580505013465881,0.6103714108467102,45,8,10,23,0.43478260869565216
AttUNet_checkpoint-48,otherscanners,ses-01,anat,sub-chuv038_ses-01_acq-haste_run-5_echo-1_T2w,0.9677117466926575,0.9374433755874634,33,2,2,31,0.06451612903225806
AttUNet_checkpoint-48,otherscanners,ses-01,anat,sub-chuv038_ses-01_acq-haste_run-5_echo-2_T2w,0.9606751203536987,0.9243261218070984,36,4,3,31,0.0967741935483871
AttUNet_checkpoint-48,otherscanners,ses-01,anat,sub-chuv038_ses-01_acq-haste_run-5_echo-3_T2w,0.954579770565033,0.9131063222885132,36,4,3,31,0.0967741935483871
AttUNet_checkpoint-48,otherscanners,ses-01,anat,sub-chuv038_ses-01_acq-haste_run-5_echo-4_T2w,0.9458333253860474,0.8972331881523132,38,3,4,32,0.125
AttUNet_checkpoint-48,otherscanners,ses-01,anat,sub-chuv038_ses-01_acq-haste_run-5_echo-5_T2w,0.9339141249656677,0.8760214447975159,50,7,6,32,0.1875
AttUNet_checkpoint-48,otherscanners,ses-01,anat,sub-chuv038_ses-01_acq-haste_run-5_echo-6_T2w,0.9265382885932922,0.8631312251091003,45,4,10,32,0.3125
AttUNet_checkpoint-48,otherscanners,ses-01,anat,sub-chuv038_ses-01_acq-haste_run-6_echo-1_T2w,0.9717804193496704,0.9451098442077637,24,2,1,23,0.043478260869565216
AttUNet_checkpoint-48,otherscanners,ses-01,anat,sub-chuv038_ses-01_acq-haste_run-6_echo-2_T2w,0.9696272611618042,0.9410451650619507,23,1,0,23,0.0
AttUNet_checkpoint-48,otherscanners,ses-01,anat,sub-chuv038_ses-01_acq-haste_run-6_echo-3_T2w,0.9683749079704285,0.9386888146400452,24,2,1,23,0.043478260869565216
AttUNet_checkpoint-48,otherscanners,ses-01,anat,sub-chuv038_ses-01_acq-haste_run-6_echo-4_T2w,0.965445339679718,0.9331989288330078,25,3,1,23,0.043478260869565216
AttUNet_checkpoint-48,otherscanners,ses-01,anat,sub-chuv038_ses-01_acq-haste_run-6_echo-5_T2w,0.9599378705024719,0.9229620695114136,27,3,3,23,0.13043478260869565
AttUNet_checkpoint-48,otherscanners,ses-01,anat,sub-chuv038_ses-01_acq-haste_run-6_echo-6_T2w,0.950229823589325,0.9051789045333862,36,5,7,23,0.30434782608695654
AttUNet_checkpoint-48,otherscanners,ses-01,anat,sub-chuv038_ses-01_acq-haste_run-7_echo-1_T2w,0.9774841070175171,0.9559597969055176,31,2,2,29,0.06896551724137931
AttUNet_checkpoint-48,otherscanners,ses-01,anat,sub-chuv038_ses-01_acq-haste_run-7_echo-2_T2w,0.9764519929885864,0.9539875388145447,31,2,2,29,0.06896551724137931
AttUNet_checkpoint-48,otherscanners,ses-01,anat,sub-chuv038_ses-01_acq-haste_run-7_echo-3_T2w,0.9748950600624084,0.9510197639465332,32,2,3,29,0.10344827586206896
AttUNet_checkpoint-48,otherscanners,ses-01,anat,sub-chuv038_ses-01_acq-haste_run-7_echo-4_T2w,0.9702772498130798,0.9422704577445984,28,1,0,28,0.0
AttUNet_checkpoint-48,otherscanners,ses-01,anat,sub-chuv038_ses-01_acq-haste_run-7_echo-5_T2w,0.9593571424484253,0.9218888878822327,30,3,1,28,0.03571428571428571
AttUNet_checkpoint-48,otherscanners,ses-01,anat,sub-chuv038_ses-01_acq-haste_run-7_echo-6_T2w,0.9479684233665466,0.9010836482048035,34,5,2,29,0.06896551724137931
AttUNet_checkpoint-48,otherscanners,ses-01,anat,sub-chuv038_ses-01_acq-haste_run-8_echo-1_T2w,0.9697684049606323,0.9413110017776489,28,2,1,27,0.037037037037037035
AttUNet_checkpoint-48,otherscanners,ses-01,anat,sub-chuv038_ses-01_acq-haste_run-8_echo-2_T2w,0.9683677554130554,0.9386752843856812,27,1,0,27,0.0
AttUNet_checkpoint-48,otherscanners,ses-01,anat,sub-chuv038_ses-01_acq-haste_run-8_echo-3_T2w,0.9669122099876404,0.9359439611434937,28,2,1,27,0.037037037037037035
AttUNet_checkpoint-48,otherscanners,ses-01,anat,sub-chuv038_ses-01_acq-haste_run-8_echo-4_T2w,0.9644928574562073,0.9314207434654236,33,4,3,28,0.10714285714285714
AttUNet_checkpoint-48,otherscanners,ses-01,anat,sub-chuv038_ses-01_acq-haste_run-8_echo-5_T2w,0.9590315818786621,0.9212878346443176,30,2,2,28,0.07142857142857142
AttUNet_checkpoint-48,otherscanners,ses-01,anat,sub-chuv038_ses-01_acq-haste_run-8_echo-6_T2w,0.9534848928451538,0.9111047387123108,37,4,6,28,0.21428571428571427
AttUNet_checkpoint-48,otherscanners,ses-01,anat,sub-chuv043_ses-01_acq-haste_run-1_echo-1_T2w,0.9556016325950623,0.91497802734375,28,2,3,25,0.12
AttUNet_checkpoint-48,otherscanners,ses-01,anat,sub-chuv043_ses-01_acq-haste_run-1_echo-2_T2w,0.954515814781189,0.9129891991615295,28,2,3,25,0.12
AttUNet_checkpoint-48,otherscanners,ses-01,anat,sub-chuv043_ses-01_acq-haste_run-1_echo-3_T2w,0.9539449214935303,0.9119452238082886,28,2,3,25,0.12
AttUNet_checkpoint-48,otherscanners,ses-01,anat,sub-chuv043_ses-01_acq-haste_run-1_echo-4_T2w,0.9531518816947937,0.9104967713356018,30,3,3,25,0.12
AttUNet_checkpoint-48,otherscanners,ses-01,anat,sub-chuv043_ses-01_acq-haste_run-1_echo-5_T2w,0.9521632790565491,0.908694326877594,29,3,3,25,0.12
AttUNet_checkpoint-48,otherscanners,ses-01,anat,sub-chuv043_ses-01_acq-haste_run-1_echo-6_T2w,0.9515502452850342,0.9075782895088196,28,2,3,25,0.12
AttUNet_checkpoint-48,otherscanners,ses-01,anat,sub-chuv043_ses-01_acq-haste_run-2_echo-1_T2w,0.9720533490180969,0.9456261992454529,32,2,1,31,0.03225806451612903
AttUNet_checkpoint-48,otherscanners,ses-01,anat,sub-chuv043_ses-01_acq-haste_run-2_echo-2_T2w,0.9711599349975586,0.9439367055892944,33,2,2,31,0.06451612903225806
AttUNet_checkpoint-48,otherscanners,ses-01,anat,sub-chuv043_ses-01_acq-haste_run-2_echo-3_T2w,0.9708321690559387,0.9433175921440125,33,2,2,31,0.06451612903225806
AttUNet_checkpoint-48,otherscanners,ses-01,anat,sub-chuv043_ses-01_acq-haste_run-2_echo-4_T2w,0.9705502986907959,0.9427855610847473,33,2,2,31,0.06451612903225806
AttUNet_checkpoint-48,otherscanners,ses-01,anat,sub-chuv043_ses-01_acq-haste_run-2_echo-5_T2w,0.9701685309410095,0.9420652985572815,32,2,1,31,0.03225806451612903
AttUNet_checkpoint-48,otherscanners,ses-01,anat,sub-chuv043_ses-01_acq-haste_run-2_echo-6_T2w,0.9690214991569519,0.9399046301841736,34,2,3,31,0.0967741935483871
AttUNet_checkpoint-48,otherscanners,ses-01,anat,sub-chuv043_ses-01_acq-haste_run-3_echo-1_T2w,0.9720146656036377,0.9455530643463135,29,4,1,26,0.038461538461538464
AttUNet_checkpoint-48,otherscanners,ses-01,anat,sub-chuv043_ses-01_acq-haste_run-3_echo-2_T2w,0.972197949886322,0.945900022983551,27,2,1,26,0.038461538461538464
AttUNet_checkpoint-48,otherscanners,ses-01,anat,sub-chuv043_ses-01_acq-haste_run-3_echo-3_T2w,0.9711481332778931,0.9439144134521484,26,2,1,25,0.04
AttUNet_checkpoint-48,otherscanners,ses-01,anat,sub-chuv043_ses-01_acq-haste_run-3_echo-4_T2w,0.9687905311584473,0.9394701719284058,25,1,0,25,0.0
AttUNet_checkpoint-48,otherscanners,ses-01,anat,sub-chuv043_ses-01_acq-haste_run-3_echo-5_T2w,0.9653702974319458,0.9330587387084961,26,2,1,25,0.04
AttUNet_checkpoint-48,otherscanners,ses-01,anat,sub-chuv043_ses-01_acq-haste_run-3_echo-6_T2w,0.9616416692733765,0.9261173009872437,26,2,1,25,0.04
AttUNet_checkpoint-48,otherscanners,ses-01,anat,sub-chuv043_ses-01_acq-haste_run-4_echo-1_T2w,0.9719740748405457,0.945476233959198,25,2,1,24,0.041666666666666664
AttUNet_checkpoint-48,otherscanners,ses-01,anat,sub-chuv043_ses-01_acq-haste_run-4_echo-2_T2w,0.9701017737388611,0.9419394731521606,27,3,2,24,0.08333333333333333
AttUNet_checkpoint-48,otherscanners,ses-01,anat,sub-chuv043_ses-01_acq-haste_run-4_echo-3_T2w,0.9690316319465637,0.9399237036705017,26,2,2,24,0.08333333333333333
AttUNet_checkpoint-48,otherscanners,ses-01,anat,sub-chuv043_ses-01_acq-haste_run-4_echo-4_T2w,0.9675032496452332,0.9370521306991577,26,2,2,24,0.08333333333333333
AttUNet_checkpoint-48,otherscanners,ses-01,anat,sub-chuv043_ses-01_acq-haste_run-4_echo-5_T2w,0.9664936065673828,0.9351597428321838,27,2,3,24,0.125
AttUNet_checkpoint-48,otherscanners,ses-01,anat,sub-chuv043_ses-01_acq-haste_run-4_echo-6_T2w,0.9650952816009521,0.9325450658798218,27,2,3,24,0.125
AttUNet_checkpoint-48,otherscanners,ses-01,anat,sub-chuv043_ses-01_acq-haste_run-6_echo-1_T2w,0.9751573801040649,0.9515191316604614,25,1,0,25,0.0
AttUNet_checkpoint-48,otherscanners,ses-01,anat,sub-chuv043_ses-01_acq-haste_run-6_echo-2_T2w,0.9735890030860901,0.9485372304916382,25,1,0,25,0.0
AttUNet_checkpoint-48,otherscanners,ses-01,anat,sub-chuv043_ses-01_acq-haste_run-6_echo-3_T2w,0.9724236130714417,0.9463273286819458,25,1,0,25,0.0
AttUNet_checkpoint-48,otherscanners,ses-01,anat,sub-chuv043_ses-01_acq-haste_run-6_echo-4_T2w,0.9700402617454529,0.9418235421180725,26,2,1,25,0.04
AttUNet_checkpoint-48,otherscanners,ses-01,anat,sub-chuv043_ses-01_acq-haste_run-6_echo-5_T2w,0.9672062397003174,0.9364950060844421,26,2,1,25,0.04
AttUNet_checkpoint-48,otherscanners,ses-01,anat,sub-chuv043_ses-01_acq-haste_run-6_echo-6_T2w,0.9625202417373657,0.927748441696167,25,1,0,25,0.0
AttUNet_checkpoint-48,otherscanners,ses-01,anat,sub-chuv043_ses-01_acq-haste_run-7_echo-1_T2w,0.9712870717048645,0.9441770315170288,28,3,3,24,0.125
AttUNet_checkpoint-48,otherscanners,ses-01,anat,sub-chuv043_ses-01_acq-haste_run-7_echo-2_T2w,0.9692655801773071,0.9403640031814575,29,3,4,24,0.16666666666666666
AttUNet_checkpoint-48,otherscanners,ses-01,anat,sub-chuv043_ses-01_acq-haste_run-7_echo-3_T2w,0.9679024815559387,0.9378013610839844,29,3,4,24,0.16666666666666666
AttUNet_checkpoint-48,otherscanners,ses-01,anat,sub-chuv043_ses-01_acq-haste_run-7_echo-4_T2w,0.9658728837966919,0.9339982867240906,27,2,3,24,0.125
AttUNet_checkpoint-48,otherscanners,ses-01,anat,sub-chuv043_ses-01_acq-haste_run-7_echo-5_T2w,0.9638622999191284,0.9302453994750977,33,6,4,25,0.16
AttUNet_checkpoint-48,otherscanners,ses-01,anat,sub-chuv043_ses-01_acq-haste_run-7_echo-6_T2w,0.9600636959075928,0.9231947660446167,30,3,4,25,0.16
AttUNet_checkpoint-48,otherscanners,ses-01,anat,sub-chuv043_ses-01_acq-haste_run-8_echo-1_T2w,0.9723268747329712,0.9461441040039062,30,1,0,30,0.0
AttUNet_checkpoint-48,otherscanners,ses-01,anat,sub-chuv043_ses-01_acq-haste_run-8_echo-2_T2w,0.9714410305023193,0.9444679617881775,31,2,1,30,0.03333333333333333
AttUNet_checkpoint-48,otherscanners,ses-01,anat,sub-chuv043_ses-01_acq-haste_run-8_echo-3_T2w,0.9709940552711487,0.943623423576355,31,2,1,30,0.03333333333333333
AttUNet_checkpoint-48,otherscanners,ses-01,anat,sub-chuv043_ses-01_acq-haste_run-8_echo-4_T2w,0.9701923727989197,0.9421103000640869,30,1,0,30,0.0
AttUNet_checkpoint-48,otherscanners,ses-01,anat,sub-chuv043_ses-01_acq-haste_run-8_echo-5_T2w,0.9664679765701294,0.9351118206977844,37,7,2,30,0.06666666666666667
AttUNet_checkpoint-48,otherscanners,ses-01,anat,sub-chuv043_ses-01_acq-haste_run-8_echo-6_T2w,0.9643099308013916,0.931079626083374,31,2,1,30,0.03333333333333333
AttUNet_checkpoint-48,otherscanners,ses-01,anat,sub-chuv050_ses-01_acq-haste_run-1_echo-1_T2w,0.9645521640777588,0.9315313696861267,23,1,0,23,0.0
AttUNet_checkpoint-48,otherscanners,ses-01,anat,sub-chuv050_ses-01_acq-haste_run-1_echo-2_T2w,0.964030921459198,0.9305595755577087,23,1,0,23,0.0
AttUNet_checkpoint-48,otherscanners,ses-01,anat,sub-chuv050_ses-01_acq-haste_run-1_echo-3_T2w,0.9634364247322083,0.9294523000717163,23,1,0,23,0.0
AttUNet_checkpoint-48,otherscanners,ses-01,anat,sub-chuv050_ses-01_acq-haste_run-1_echo-4_T2w,0.9617522358894348,0.9263225197792053,26,4,1,23,0.043478260869565216
AttUNet_checkpoint-48,otherscanners,ses-01,anat,sub-chuv050_ses-01_acq-haste_run-1_echo-5_T2w,0.9604645371437073,0.9239362478256226,24,2,1,23,0.043478260869565216
AttUNet_checkpoint-48,otherscanners,ses-01,anat,sub-chuv050_ses-01_acq-haste_run-1_echo-6_T2w,0.9587226510047913,0.9207178354263306,25,2,2,23,0.08695652173913043
AttUNet_checkpoint-48,otherscanners,ses-01,anat,sub-chuv050_ses-01_acq-haste_run-2_echo-1_T2w,0.9742285013198853,0.9497519731521606,23,2,1,22,0.045454545454545456
AttUNet_checkpoint-48,otherscanners,ses-01,anat,sub-chuv050_ses-01_acq-haste_run-2_echo-2_T2w,0.9735018610954285,0.9483718276023865,24,3,1,22,0.045454545454545456
AttUNet_checkpoint-48,otherscanners,ses-01,anat,sub-chuv050_ses-01_acq-haste_run-2_echo-3_T2w,0.9732234477996826,0.9478434920310974,22,1,0,22,0.0
AttUNet_checkpoint-48,otherscanners,ses-01,anat,sub-chuv050_ses-01_acq-haste_run-2_echo-4_T2w,0.9720851182937622,0.9456863403320312,22,1,0,22,0.0
AttUNet_checkpoint-48,otherscanners,ses-01,anat,sub-chuv050_ses-01_acq-haste_run-2_echo-5_T2w,0.9701616764068604,0.94205242395401,22,1,0,22,0.0
AttUNet_checkpoint-48,otherscanners,ses-01,anat,sub-chuv050_ses-01_acq-haste_run-2_echo-6_T2w,0.9682480692863464,0.9384503960609436,28,5,3,22,0.13636363636363635
AttUNet_checkpoint-48,otherscanners,ses-01,anat,sub-chuv050_ses-01_acq-haste_run-3_echo-1_T2w,0.9771636724472046,0.9553470611572266,26,2,4,22,0.18181818181818182
AttUNet_checkpoint-48,otherscanners,ses-01,anat,sub-chuv050_ses-01_acq-haste_run-3_echo-2_T2w,0.9768731594085693,0.9547919034957886,26,2,4,22,0.18181818181818182
AttUNet_checkpoint-48,otherscanners,ses-01,anat,sub-chuv050_ses-01_acq-haste_run-3_echo-3_T2w,0.9768235087394714,0.9546970129013062,27,3,4,22,0.18181818181818182
AttUNet_checkpoint-48,otherscanners,ses-01,anat,sub-chuv050_ses-01_acq-haste_run-3_echo-4_T2w,0.9765030145645142,0.9540848135948181,26,2,4,22,0.18181818181818182
AttUNet_checkpoint-48,otherscanners,ses-01,anat,sub-chuv050_ses-01_acq-haste_run-3_echo-5_T2w,0.9745175242424011,0.9503015279769897,25,2,3,22,0.13636363636363635
AttUNet_checkpoint-48,otherscanners,ses-01,anat,sub-chuv050_ses-01_acq-haste_run-3_echo-6_T2w,0.9723285436630249,0.9461473226547241,28,3,5,22,0.22727272727272727
AttUNet_checkpoint-48,otherscanners,ses-01,anat,sub-chuv050_ses-01_acq-haste_run-4_echo-1_T2w,0.9547663331031799,0.9134477972984314,3,1,0,3,0.0
AttUNet_checkpoint-48,otherscanners,ses-01,anat,sub-chuv050_ses-01_acq-haste_run-4_echo-2_T2w,0.9571791291236877,0.9178748726844788,3,1,0,3,0.0
AttUNet_checkpoint-48,otherscanners,ses-01,anat,sub-chuv050_ses-01_acq-haste_run-4_echo-3_T2w,0.9587318301200867,0.9207348227500916,3,1,0,3,0.0
AttUNet_checkpoint-48,otherscanners,ses-01,anat,sub-chuv050_ses-01_acq-haste_run-4_echo-4_T2w,0.9622241258621216,0.9271983504295349,3,1,0,3,0.0
AttUNet_checkpoint-48,otherscanners,ses-01,anat,sub-chuv050_ses-01_acq-haste_run-4_echo-5_T2w,0.9644474983215332,0.9313362240791321,3,1,0,3,0.0
AttUNet_checkpoint-48,otherscanners,ses-01,anat,sub-chuv050_ses-01_acq-haste_run-4_echo-6_T2w,0.9622691869735718,0.9272820949554443,3,1,0,3,0.0
AttUNet_checkpoint-48,otherscanners,ses-01,anat,sub-chuv050_ses-01_acq-haste_run-5_echo-1_T2w,0.9791843891143799,0.9592176675796509,24,2,2,22,0.09090909090909091
AttUNet_checkpoint-48,otherscanners,ses-01,anat,sub-chuv050_ses-01_acq-haste_run-5_echo-2_T2w,0.9787049293518066,0.958297848701477,24,2,2,22,0.09090909090909091
AttUNet_checkpoint-48,otherscanners,ses-01,anat,sub-chuv050_ses-01_acq-haste_run-5_echo-3_T2w,0.9783153533935547,0.9575511813163757,24,2,2,22,0.09090909090909091
AttUNet_checkpoint-48,otherscanners,ses-01,anat,sub-chuv050_ses-01_acq-haste_run-5_echo-4_T2w,0.9774974584579468,0.9559853672981262,24,2,2,22,0.09090909090909091
AttUNet_checkpoint-48,otherscanners,ses-01,anat,sub-chuv050_ses-01_acq-haste_run-5_echo-5_T2w,0.9749008417129517,0.9510307908058167,26,2,4,22,0.18181818181818182
AttUNet_checkpoint-48,otherscanners,ses-01,anat,sub-chuv050_ses-01_acq-haste_run-5_echo-6_T2w,0.9720239639282227,0.9455706477165222,33,4,7,22,0.3181818181818182
AttUNet_checkpoint-48,otherscanners,ses-01,anat,sub-chuv050_ses-01_acq-haste_run-6_echo-1_T2w,0.9652289152145386,0.9327946305274963,23,2,1,22,0.045454545454545456
AttUNet_checkpoint-48,otherscanners,ses-01,anat,sub-chuv050_ses-01_acq-haste_run-6_echo-2_T2w,0.9648326635360718,0.9320547580718994,23,2,1,22,0.045454545454545456
AttUNet_checkpoint-48,otherscanners,ses-01,anat,sub-chuv050_ses-01_acq-haste_run-6_echo-3_T2w,0.964256227016449,0.9309794902801514,23,2,1,22,0.045454545454545456
AttUNet_checkpoint-48,otherscanners,ses-01,anat,sub-chuv050_ses-01_acq-haste_run-6_echo-4_T2w,0.9623714089393616,0.927471935749054,24,3,1,22,0.045454545454545456
AttUNet_checkpoint-48,otherscanners,ses-01,anat,sub-chuv050_ses-01_acq-haste_run-6_echo-5_T2w,0.9615082144737244,0.9258698225021362,24,3,1,22,0.045454545454545456
AttUNet_checkpoint-48,otherscanners,ses-01,anat,sub-chuv050_ses-01_acq-haste_run-6_echo-6_T2w,0.9608493447303772,0.9246487617492676,23,2,1,22,0.045454545454545456
AttUNet_checkpoint-48,otherscanners,ses-01,anat,sub-chuv050_ses-01_acq-haste_run-7_echo-1_T2w,0.9746318459510803,0.9505189061164856,22,1,0,22,0.0
AttUNet_checkpoint-48,otherscanners,ses-01,anat,sub-chuv050_ses-01_acq-haste_run-7_echo-2_T2w,0.9743872284889221,0.9500536918640137,22,1,0,22,0.0
AttUNet_checkpoint-48,otherscanners,ses-01,anat,sub-chuv050_ses-01_acq-haste_run-7_echo-3_T2w,0.9741504788398743,0.9496036767959595,22,1,0,22,0.0
AttUNet_checkpoint-48,otherscanners,ses-01,anat,sub-chuv050_ses-01_acq-haste_run-7_echo-4_T2w,0.9736038446426392,0.9485653638839722,22,1,0,22,0.0
AttUNet_checkpoint-48,otherscanners,ses-01,anat,sub-chuv050_ses-01_acq-haste_run-7_echo-5_T2w,0.9721000790596008,0.9457146525382996,23,2,1,22,0.045454545454545456
AttUNet_checkpoint-48,otherscanners,ses-01,anat,sub-chuv050_ses-01_acq-haste_run-7_echo-6_T2w,0.969689130783081,0.9411616921424866,30,4,4,22,0.18181818181818182
AttUNet_checkpoint-48,otherscanners,ses-01,anat,sub-chuv050_ses-01_acq-haste_run-8_echo-1_T2w,0.9689698815345764,0.9398074746131897,24,1,0,24,0.0
AttUNet_checkpoint-48,otherscanners,ses-01,anat,sub-chuv050_ses-01_acq-haste_run-8_echo-2_T2w,0.9685730934143066,0.9390613436698914,24,1,0,24,0.0
AttUNet_checkpoint-48,otherscanners,ses-01,anat,sub-chuv050_ses-01_acq-haste_run-8_echo-3_T2w,0.9683524370193481,0.9386464953422546,24,1,0,24,0.0
AttUNet_checkpoint-48,otherscanners,ses-01,anat,sub-chuv050_ses-01_acq-haste_run-8_echo-4_T2w,0.967341423034668,0.9367485046386719,24,1,0,24,0.0
AttUNet_checkpoint-48,otherscanners,ses-01,anat,sub-chuv050_ses-01_acq-haste_run-8_echo-5_T2w,0.9669620394706726,0.9360372424125671,24,1,0,24,0.0
AttUNet_checkpoint-48,otherscanners,ses-01,anat,sub-chuv050_ses-01_acq-haste_run-8_echo-6_T2w,0.9670055508613586,0.9361188411712646,24,1,0,24,0.0
AttUNet_checkpoint-48,otherscanners,ses-01,anat,sub-chuv068_ses-01_acq-haste_run-1_echo-1_T2w,0.9638223648071289,0.930171012878418,16,1,0,16,0.0
AttUNet_checkpoint-48,otherscanners,ses-01,anat,sub-chuv068_ses-01_acq-haste_run-1_echo-2_T2w,0.9633435010910034,0.9292793869972229,16,1,0,16,0.0
AttUNet_checkpoint-48,otherscanners,ses-01,anat,sub-chuv068_ses-01_acq-haste_run-1_echo-3_T2w,0.9627617597579956,0.9281972646713257,16,1,0,16,0.0
AttUNet_checkpoint-48,otherscanners,ses-01,anat,sub-chuv068_ses-01_acq-haste_run-1_echo-4_T2w,0.9612611532211304,0.9254117608070374,16,1,0,16,0.0
AttUNet_checkpoint-48,otherscanners,ses-01,anat,sub-chuv068_ses-01_acq-haste_run-1_echo-5_T2w,0.9582954049110413,0.919930100440979,17,2,1,16,0.0625
AttUNet_checkpoint-48,otherscanners,ses-01,anat,sub-chuv068_ses-01_acq-haste_run-1_echo-6_T2w,0.954903244972229,0.9136984348297119,16,1,0,16,0.0
AttUNet_checkpoint-48,otherscanners,ses-01,anat,sub-chuv068_ses-01_acq-haste_run-2_echo-1_T2w,0.9528185725212097,0.9098886847496033,19,3,2,16,0.125
AttUNet_checkpoint-48,otherscanners,ses-01,anat,sub-chuv068_ses-01_acq-haste_run-2_echo-2_T2w,0.951751708984375,0.9079448580741882,19,3,2,16,0.125
AttUNet_checkpoint-48,otherscanners,ses-01,anat,sub-chuv068_ses-01_acq-haste_run-2_echo-3_T2w,0.9511686563491821,0.9068843126296997,17,2,1,16,0.0625
AttUNet_checkpoint-48,otherscanners,ses-01,anat,sub-chuv068_ses-01_acq-haste_run-2_echo-4_T2w,0.9496584534645081,0.9041425585746765,17,2,1,16,0.0625
AttUNet_checkpoint-48,otherscanners,ses-01,anat,sub-chuv068_ses-01_acq-haste_run-2_echo-5_T2w,0.9485117793083191,0.9020660519599915,17,2,1,16,0.0625
AttUNet_checkpoint-48,otherscanners,ses-01,anat,sub-chuv068_ses-01_acq-haste_run-2_echo-6_T2w,0.9470199942588806,0.8993712663650513,17,2,1,16,0.0625
AttUNet_checkpoint-48,otherscanners,ses-01,anat,sub-chuv068_ses-01_acq-haste_run-3_echo-1_T2w,0.9639902710914612,0.9304838180541992,22,1,0,22,0.0
AttUNet_checkpoint-48,otherscanners,ses-01,anat,sub-chuv068_ses-01_acq-haste_run-3_echo-2_T2w,0.963151216506958,0.928921639919281,22,1,0,22,0.0
AttUNet_checkpoint-48,otherscanners,ses-01,anat,sub-chuv068_ses-01_acq-haste_run-3_echo-3_T2w,0.962735116481781,0.9281477332115173,22,1,0,22,0.0
AttUNet_checkpoint-48,otherscanners,ses-01,anat,sub-chuv068_ses-01_acq-haste_run-3_echo-4_T2w,0.9617659449577332,0.9263479113578796,22,1,0,22,0.0
AttUNet_checkpoint-48,otherscanners,ses-01,anat,sub-chuv068_ses-01_acq-haste_run-3_echo-5_T2w,0.9608923196792603,0.9247283339500427,22,1,0,22,0.0
AttUNet_checkpoint-48,otherscanners,ses-01,anat,sub-chuv068_ses-01_acq-haste_run-3_echo-6_T2w,0.9601123929023743,0.9232847690582275,22,1,0,22,0.0
AttUNet_checkpoint-48,otherscanners,ses-01,anat,sub-chuv068_ses-01_acq-haste_run-4_echo-1_T2w,0.9520703554153442,0.9085251092910767,24,6,3,17,0.17647058823529413
AttUNet_checkpoint-48,otherscanners,ses-01,anat,sub-chuv068_ses-01_acq-haste_run-4_echo-2_T2w,0.9562682509422302,0.916201114654541,22,6,1,17,0.058823529411764705
AttUNet_checkpoint-48,otherscanners,ses-01,anat,sub-chuv068_ses-01_acq-haste_run-4_echo-3_T2w,0.9590443968772888,0.9213114976882935,17,1,0,17,0.0
AttUNet_checkpoint-48,otherscanners,ses-01,anat,sub-chuv068_ses-01_acq-haste_run-4_echo-4_T2w,0.9607926607131958,0.9245437979698181,17,1,0,17,0.0
AttUNet_checkpoint-48,otherscanners,ses-01,anat,sub-chuv068_ses-01_acq-haste_run-4_echo-5_T2w,0.9610787034034729,0.9250736236572266,17,1,0,17,0.0
AttUNet_checkpoint-48,otherscanners,ses-01,anat,sub-chuv068_ses-01_acq-haste_run-4_echo-6_T2w,0.9604835510253906,0.9239714741706848,17,1,0,17,0.0
AttUNet_checkpoint-48,otherscanners,ses-01,anat,sub-chuv068_ses-01_acq-haste_run-5_echo-1_T2w,0.9629598259925842,0.9285655617713928,21,2,1,20,0.05
AttUNet_checkpoint-48,otherscanners,ses-01,anat,sub-chuv068_ses-01_acq-haste_run-5_echo-2_T2w,0.9627088904380798,0.9280990362167358,21,2,1,20,0.05
AttUNet_checkpoint-48,otherscanners,ses-01,anat,sub-chuv068_ses-01_acq-haste_run-5_echo-3_T2w,0.9624937772750854,0.9276993274688721,22,3,1,20,0.05
AttUNet_checkpoint-48,otherscanners,ses-01,anat,sub-chuv068_ses-01_acq-haste_run-5_echo-4_T2w,0.9615591764450073,0.9259642958641052,20,1,0,20,0.0
AttUNet_checkpoint-48,otherscanners,ses-01,anat,sub-chuv068_ses-01_acq-haste_run-5_echo-5_T2w,0.9607154726982117,0.9244008660316467,20,1,0,20,0.0
AttUNet_checkpoint-48,otherscanners,ses-01,anat,sub-chuv068_ses-01_acq-haste_run-5_echo-6_T2w,0.959648847579956,0.9224278926849365,20,1,0,20,0.0
AttUNet_checkpoint-48,otherscanners,ses-01,anat,sub-chuv068_ses-01_acq-haste_run-6_echo-1_T2w,0.9609071016311646,0.9247557520866394,22,1,0,22,0.0
AttUNet_checkpoint-48,otherscanners,ses-01,anat,sub-chuv068_ses-01_acq-haste_run-6_echo-2_T2w,0.9600843787193298,0.9232329726219177,22,1,0,22,0.0
AttUNet_checkpoint-48,otherscanners,ses-01,anat,sub-chuv068_ses-01_acq-haste_run-6_echo-3_T2w,0.9596789479255676,0.922483503818512,22,1,0,22,0.0
AttUNet_checkpoint-48,otherscanners,ses-01,anat,sub-chuv068_ses-01_acq-haste_run-6_echo-4_T2w,0.9589530229568481,0.9211428761482239,22,1,0,22,0.0
AttUNet_checkpoint-48,otherscanners,ses-01,anat,sub-chuv068_ses-01_acq-haste_run-6_echo-5_T2w,0.9585310816764832,0.9203646183013916,22,1,0,22,0.0
AttUNet_checkpoint-48,otherscanners,ses-01,anat,sub-chuv068_ses-01_acq-haste_run-6_echo-6_T2w,0.9579741954803467,0.9193382263183594,22,1,0,22,0.0
AttUNet_checkpoint-48,otherscanners,ses-01,anat,sub-chuv068_ses-01_acq-haste_run-7_echo-1_T2w,0.8855172991752625,0.794554591178894,27,8,2,18,0.1111111111111111
AttUNet_checkpoint-48,otherscanners,ses-01,anat,sub-chuv068_ses-01_acq-haste_run-7_echo-2_T2w,0.8895111680030823,0.8010086417198181,23,4,3,18,0.16666666666666666
AttUNet_checkpoint-48,otherscanners,ses-01,anat,sub-chuv068_ses-01_acq-haste_run-7_echo-3_T2w,0.8923538327217102,0.8056308031082153,28,7,3,18,0.16666666666666666
AttUNet_checkpoint-48,otherscanners,ses-01,anat,sub-chuv068_ses-01_acq-haste_run-7_echo-4_T2w,0.8987606167793274,0.8161355257034302,28,6,3,19,0.15789473684210525
AttUNet_checkpoint-48,otherscanners,ses-01,anat,sub-chuv068_ses-01_acq-haste_run-7_echo-5_T2w,0.8998925089836121,0.8180041313171387,22,2,3,19,0.15789473684210525
AttUNet_checkpoint-48,otherscanners,ses-01,anat,sub-chuv068_ses-01_acq-haste_run-7_echo-6_T2w,0.898508608341217,0.8157200813293457,23,3,3,19,0.15789473684210525
AttUNet_checkpoint-48,otherscanners,ses-01,anat,sub-chuv104_ses-01_acq-haste_run-1_echo-1_T2w,0.9720240235328674,0.9455707669258118,19,1,0,19,0.0
AttUNet_checkpoint-48,otherscanners,ses-01,anat,sub-chuv104_ses-01_acq-haste_run-1_echo-2_T2w,0.9701941013336182,0.9421135187149048,19,1,0,19,0.0
AttUNet_checkpoint-48,otherscanners,ses-01,anat,sub-chuv104_ses-01_acq-haste_run-1_echo-3_T2w,0.9682843089103699,0.9385185241699219,19,1,0,19,0.0
AttUNet_checkpoint-48,otherscanners,ses-01,anat,sub-chuv104_ses-01_acq-haste_run-1_echo-4_T2w,0.96527099609375,0.9328733086585999,19,1,0,19,0.0
AttUNet_checkpoint-48,otherscanners,ses-01,anat,sub-chuv104_ses-01_acq-haste_run-1_echo-5_T2w,0.9622273445129395,0.9272043704986572,20,2,1,19,0.05263157894736842
AttUNet_checkpoint-48,otherscanners,ses-01,anat,sub-chuv104_ses-01_acq-haste_run-1_echo-6_T2w,0.959132730960846,0.9214746356010437,20,2,1,19,0.05263157894736842
AttUNet_checkpoint-48,otherscanners,ses-01,anat,sub-chuv104_ses-01_acq-haste_run-2_echo-1_T2w,0.9686925411224365,0.939285933971405,19,1,0,19,0.0
AttUNet_checkpoint-48,otherscanners,ses-01,anat,sub-chuv104_ses-01_acq-haste_run-2_echo-2_T2w,0.968452513217926,0.9388346672058105,19,1,0,19,0.0
AttUNet_checkpoint-48,otherscanners,ses-01,anat,sub-chuv104_ses-01_acq-haste_run-2_echo-3_T2w,0.9677479863166809,0.9375113248825073,19,1,0,19,0.0
AttUNet_checkpoint-48,otherscanners,ses-01,anat,sub-chuv104_ses-01_acq-haste_run-2_echo-4_T2w,0.9618198871612549,0.9264479279518127,19,1,0,19,0.0
AttUNet_checkpoint-48,otherscanners,ses-01,anat,sub-chuv104_ses-01_acq-haste_run-2_echo-5_T2w,0.9418731927871704,0.8901326656341553,21,3,1,19,0.05263157894736842
AttUNet_checkpoint-48,otherscanners,ses-01,anat,sub-chuv104_ses-01_acq-haste_run-2_echo-6_T2w,0.9181426763534546,0.8486725687980652,26,4,4,19,0.21052631578947367
AttUNet_checkpoint-48,otherscanners,ses-01,anat,sub-chuv104_ses-01_acq-haste_run-3_echo-1_T2w,0.9657976627349854,0.9338575601577759,22,2,1,21,0.047619047619047616
AttUNet_checkpoint-48,otherscanners,ses-01,anat,sub-chuv104_ses-01_acq-haste_run-3_echo-2_T2w,0.9683372378349304,0.9386179447174072,22,2,1,21,0.047619047619047616
AttUNet_checkpoint-48,otherscanners,ses-01,anat,sub-chuv104_ses-01_acq-haste_run-3_echo-3_T2w,0.9700061678886414,0.9417591691017151,22,2,1,21,0.047619047619047616
AttUNet_checkpoint-48,otherscanners,ses-01,anat,sub-chuv104_ses-01_acq-haste_run-3_echo-4_T2w,0.9594954252243042,0.92214435338974,26,4,3,21,0.14285714285714285
AttUNet_checkpoint-48,otherscanners,ses-01,anat,sub-chuv104_ses-01_acq-haste_run-3_echo-5_T2w,0.9228026270866394,0.8566699624061584,28,5,3,21,0.14285714285714285
AttUNet_checkpoint-48,otherscanners,ses-01,anat,sub-chuv104_ses-01_acq-haste_run-3_echo-6_T2w,0.9076100587844849,0.8308480978012085,44,7,7,21,0.3333333333333333
AttUNet_checkpoint-48,otherscanners,ses-01,anat,sub-chuv104_ses-01_acq-haste_run-4_echo-1_T2w,0.9565090537071228,0.9166433811187744,22,1,0,22,0.0
AttUNet_checkpoint-48,otherscanners,ses-01,anat,sub-chuv104_ses-01_acq-haste_run-4_echo-2_T2w,0.9571360945701599,0.9177958369255066,26,4,1,23,0.043478260869565216
AttUNet_checkpoint-48,otherscanners,ses-01,anat,sub-chuv104_ses-01_acq-haste_run-4_echo-3_T2w,0.9580019116401672,0.9193893671035767,35,13,1,23,0.043478260869565216
AttUNet_checkpoint-48,otherscanners,ses-01,anat,sub-chuv104_ses-01_acq-haste_run-4_echo-4_T2w,0.9619141221046448,0.9266228675842285,24,2,1,23,0.043478260869565216
AttUNet_checkpoint-48,otherscanners,ses-01,anat,sub-chuv104_ses-01_acq-haste_run-4_echo-5_T2w,0.944035530090332,0.8940030932426453,23,1,0,23,0.0
AttUNet_checkpoint-48,otherscanners,ses-01,anat,sub-chuv104_ses-01_acq-haste_run-4_echo-6_T2w,0.9220058917999268,0.8552977442741394,25,3,1,23,0.043478260869565216
AttUNet_checkpoint-48,otherscanners,ses-01,anat,sub-chuv104_ses-01_acq-haste_run-5_echo-1_T2w,0.9470908045768738,0.8994990587234497,15,1,0,15,0.0
AttUNet_checkpoint-48,otherscanners,ses-01,anat,sub-chuv104_ses-01_acq-haste_run-5_echo-2_T2w,0.9495306015014648,0.903910756111145,16,1,0,16,0.0
AttUNet_checkpoint-48,otherscanners,ses-01,anat,sub-chuv104_ses-01_acq-haste_run-5_echo-3_T2w,0.9458977580070496,0.8973491191864014,16,1,0,16,0.0
AttUNet_checkpoint-48,otherscanners,ses-01,anat,sub-chuv104_ses-01_acq-haste_run-5_echo-4_T2w,0.934839129447937,0.8776506185531616,25,4,5,17,0.29411764705882354
AttUNet_checkpoint-48,otherscanners,ses-01,anat,sub-chuv104_ses-01_acq-haste_run-5_echo-5_T2w,0.8924272060394287,0.8057503700256348,30,4,5,18,0.2777777777777778
AttUNet_checkpoint-48,otherscanners,ses-01,anat,sub-chuv104_ses-01_acq-haste_run-5_echo-6_T2w,0.8608577847480774,0.7557070255279541,46,7,9,19,0.47368421052631576
AttUNet_checkpoint-48,otherscanners,ses-01,anat,sub-chuv104_ses-01_acq-haste_run-6_echo-1_T2w,0.8727237582206726,0.7741879820823669,18,1,0,18,0.0
AttUNet_checkpoint-48,otherscanners,ses-01,anat,sub-chuv104_ses-01_acq-haste_run-6_echo-2_T2w,0.875727653503418,0.7789283394813538,20,2,2,18,0.1111111111111111
AttUNet_checkpoint-48,otherscanners,ses-01,anat,sub-chuv104_ses-01_acq-haste_run-6_echo-3_T2w,0.8821091651916504,0.7890834808349609,17,1,0,17,0.0
AttUNet_checkpoint-48,otherscanners,ses-01,anat,sub-chuv104_ses-01_acq-haste_run-6_echo-4_T2w,0.8803727030754089,0.786308765411377,17,1,0,17,0.0
AttUNet_checkpoint-48,otherscanners,ses-01,anat,sub-chuv104_ses-01_acq-haste_run-6_echo-5_T2w,0.8770202398300171,0.7809760570526123,16,1,0,16,0.0
AttUNet_checkpoint-48,otherscanners,ses-01,anat,sub-chuv104_ses-01_acq-haste_run-6_echo-6_T2w,0.8754815459251404,0.7785390615463257,20,3,3,16,0.1875
AttUNet_checkpoint-48,otherscanners,ses-01,anat,sub-chuv104_ses-01_acq-haste_run-7_echo-1_T2w,0.9651971459388733,0.9327353239059448,20,1,0,20,0.0
AttUNet_checkpoint-48,otherscanners,ses-01,anat,sub-chuv104_ses-01_acq-haste_run-7_echo-2_T2w,0.9667283296585083,0.9355993866920471,20,1,0,20,0.0
AttUNet_checkpoint-48,otherscanners,ses-01,anat,sub-chuv104_ses-01_acq-haste_run-7_echo-3_T2w,0.967198371887207,0.9364803433418274,20,1,0,20,0.0
AttUNet_checkpoint-48,otherscanners,ses-01,anat,sub-chuv104_ses-01_acq-haste_run-7_echo-4_T2w,0.9573001861572266,0.9180975556373596,21,2,1,20,0.05
AttUNet_checkpoint-48,otherscanners,ses-01,anat,sub-chuv104_ses-01_acq-haste_run-7_echo-5_T2w,0.9402849674224854,0.8872998356819153,21,2,1,20,0.05
AttUNet_checkpoint-48,otherscanners,ses-01,anat,sub-chuv104_ses-01_acq-haste_run-7_echo-6_T2w,0.9318181872367859,0.8723404407501221,21,2,1,20,0.05
AttUNet_checkpoint-48,otherscanners,ses-01,anat,sub-chuv104_ses-01_acq-haste_run-8_echo-1_T2w,0.9634677767753601,0.9295106530189514,16,1,0,16,0.0
AttUNet_checkpoint-48,otherscanners,ses-01,anat,sub-chuv104_ses-01_acq-haste_run-8_echo-2_T2w,0.9642536640167236,0.9309747815132141,16,1,0,16,0.0
AttUNet_checkpoint-48,otherscanners,ses-01,anat,sub-chuv104_ses-01_acq-haste_run-8_echo-3_T2w,0.9634817242622375,0.9295367002487183,16,1,0,16,0.0
AttUNet_checkpoint-48,otherscanners,ses-01,anat,sub-chuv104_ses-01_acq-haste_run-8_echo-4_T2w,0.9601222276687622,0.9233028888702393,19,2,1,18,0.05555555555555555
AttUNet_checkpoint-48,otherscanners,ses-01,anat,sub-chuv104_ses-01_acq-haste_run-8_echo-5_T2w,0.93585205078125,0.8794379234313965,25,5,3,19,0.15789473684210525
AttUNet_checkpoint-48,otherscanners,ses-01,anat,sub-chuv104_ses-01_acq-haste_run-8_echo-6_T2w,0.9113687872886658,0.8371694087982178,34,11,5,19,0.2631578947368421
AttUNet_checkpoint-48,otherscanners,ses-01,anat,sub-chuv104_ses-01_acq-haste_run-9_echo-1_T2w,0.9680544137954712,0.9380866885185242,22,2,1,21,0.047619047619047616
AttUNet_checkpoint-48,otherscanners,ses-01,anat,sub-chuv104_ses-01_acq-haste_run-9_echo-2_T2w,0.9694822430610657,0.9407719969749451,22,2,1,21,0.047619047619047616
AttUNet_checkpoint-48,otherscanners,ses-01,anat,sub-chuv104_ses-01_acq-haste_run-9_echo-3_T2w,0.9698047041893005,0.9413794875144958,22,2,1,21,0.047619047619047616
AttUNet_checkpoint-48,otherscanners,ses-01,anat,sub-chuv104_ses-01_acq-haste_run-9_echo-4_T2w,0.9551870822906494,0.9142183661460876,23,2,1,22,0.045454545454545456
AttUNet_checkpoint-48,otherscanners,ses-01,anat,sub-chuv104_ses-01_acq-haste_run-9_echo-5_T2w,0.9323747754096985,0.8733165264129639,24,2,2,22,0.09090909090909091
AttUNet_checkpoint-48,otherscanners,ses-01,anat,sub-chuv104_ses-01_acq-haste_run-9_echo-6_T2w,0.901642918586731,0.8209014534950256,32,5,4,22,0.18181818181818182
AttUNet_checkpoint-48,otherscanners,ses-01,anat,sub-chuv109_ses-01_acq-haste_run-1_echo-1_T2w,0.6442780494689941,0.4752287268638611,116,22,14,21,0.6666666666666666
AttUNet_checkpoint-48,otherscanners,ses-01,anat,sub-chuv109_ses-01_acq-haste_run-1_echo-2_T2w,0.609130859375,0.4379498064517975,98,18,15,19,0.7894736842105263
AttUNet_checkpoint-48,otherscanners,ses-01,anat,sub-chuv109_ses-01_acq-haste_run-1_echo-3_T2w,0.5549460053443909,0.3840313255786896,95,13,14,17,0.8235294117647058
AttUNet_checkpoint-48,otherscanners,ses-01,anat,sub-chuv109_ses-01_acq-haste_run-1_echo-4_T2w,0.3879793882369995,0.24067892134189606,96,24,13,16,0.8125
AttUNet_checkpoint-48,otherscanners,ses-01,anat,sub-chuv109_ses-01_acq-haste_run-1_echo-5_T2w,0.3209255635738373,0.19113242626190186,58,10,11,16,0.6875
AttUNet_checkpoint-48,otherscanners,ses-01,anat,sub-chuv109_ses-01_acq-haste_run-1_echo-6_T2w,0.35736948251724243,0.21755926311016083,69,14,11,18,0.6111111111111112
AttUNet_checkpoint-48,otherscanners,ses-01,anat,sub-chuv109_ses-01_acq-haste_run-2_echo-1_T2w,0.9299750328063965,0.8691152930259705,53,16,4,29,0.13793103448275862
AttUNet_checkpoint-48,otherscanners,ses-01,anat,sub-chuv109_ses-01_acq-haste_run-2_echo-2_T2w,0.9192301034927368,0.8505326509475708,44,7,4,29,0.13793103448275862
AttUNet_checkpoint-48,otherscanners,ses-01,anat,sub-chuv109_ses-01_acq-haste_run-2_echo-3_T2w,0.9049881100654602,0.8264641165733337,62,14,6,29,0.20689655172413793
AttUNet_checkpoint-48,otherscanners,ses-01,anat,sub-chuv109_ses-01_acq-haste_run-2_echo-4_T2w,0.8402725458145142,0.7245430946350098,61,12,7,28,0.25
AttUNet_checkpoint-48,otherscanners,ses-01,anat,sub-chuv109_ses-01_acq-haste_run-2_echo-5_T2w,0.7631380558013916,0.6169953346252441,60,20,8,25,0.32
AttUNet_checkpoint-48,otherscanners,ses-01,anat,sub-chuv109_ses-01_acq-haste_run-2_echo-6_T2w,0.7057991027832031,0.5453551411628723,39,6,5,25,0.2
AttUNet_checkpoint-48,otherscanners,ses-01,anat,sub-chuv109_ses-01_acq-haste_run-3_echo-1_T2w,0.7483331561088562,0.5978692770004272,68,11,12,21,0.5714285714285714
AttUNet_checkpoint-48,otherscanners,ses-01,anat,sub-chuv109_ses-01_acq-haste_run-3_echo-2_T2w,0.7467220425605774,0.5958151817321777,72,13,14,22,0.6363636363636364
AttUNet_checkpoint-48,otherscanners,ses-01,anat,sub-chuv109_ses-01_acq-haste_run-3_echo-3_T2w,0.7276126742362976,0.571848452091217,96,28,12,22,0.5454545454545454
AttUNet_checkpoint-48,otherscanners,ses-01,anat,sub-chuv109_ses-01_acq-haste_run-3_echo-4_T2w,0.6303504705429077,0.4602275490760803,93,11,15,24,0.625
AttUNet_checkpoint-48,otherscanners,ses-01,anat,sub-chuv109_ses-01_acq-haste_run-3_echo-5_T2w,0.5273390412330627,0.3580858111381531,82,9,12,23,0.5217391304347826
AttUNet_checkpoint-48,otherscanners,ses-01,anat,sub-chuv109_ses-01_acq-haste_run-3_echo-6_T2w,0.461354523897171,0.2998445928096771,78,10,14,23,0.6086956521739131
AttUNet_checkpoint-48,otherscanners,ses-01,anat,sub-chuv109_ses-01_acq-haste_run-4_echo-1_T2w,0.748767077922821,0.598423421382904,74,18,8,20,0.4
AttUNet_checkpoint-48,otherscanners,ses-01,anat,sub-chuv109_ses-01_acq-haste_run-4_echo-2_T2w,0.6933749914169312,0.5306610465049744,80,12,11,20,0.55
AttUNet_checkpoint-48,otherscanners,ses-01,anat,sub-chuv109_ses-01_acq-haste_run-4_echo-3_T2w,0.6389230489730835,0.46942460536956787,73,14,9,18,0.5
AttUNet_checkpoint-48,otherscanners,ses-01,anat,sub-chuv109_ses-01_acq-haste_run-4_echo-4_T2w,0.4926769733428955,0.3268555998802185,69,22,8,15,0.5333333333333333
AttUNet_checkpoint-48,otherscanners,ses-01,anat,sub-chuv109_ses-01_acq-haste_run-4_echo-5_T2w,0.3773294687271118,0.23253609240055084,40,10,5,13,0.38461538461538464
AttUNet_checkpoint-48,otherscanners,ses-01,anat,sub-chuv109_ses-01_acq-haste_run-4_echo-6_T2w,0.38130679726600647,0.23556457459926605,40,13,6,13,0.46153846153846156
AttUNet_checkpoint-48,otherscanners,ses-01,anat,sub-chuv117_ses-01_acq-haste_run-1_echo-1_T2w,0.9213917255401611,0.8542412519454956,30,2,2,28,0.07142857142857142
AttUNet_checkpoint-48,otherscanners,ses-01,anat,sub-chuv117_ses-01_acq-haste_run-1_echo-2_T2w,0.7601332664489746,0.6130765676498413,56,10,9,26,0.34615384615384615
AttUNet_checkpoint-48,otherscanners,ses-01,anat,sub-chuv117_ses-01_acq-haste_run-1_echo-3_T2w,0.6503190994262695,0.48183169960975647,50,7,11,25,0.44
AttUNet_checkpoint-48,otherscanners,ses-01,anat,sub-chuv117_ses-01_acq-haste_run-1_echo-4_T2w,0.23699799180030823,0.13442866504192352,23,4,6,14,0.42857142857142855
AttUNet_checkpoint-48,otherscanners,ses-01,anat,sub-chuv117_ses-01_acq-haste_run-1_echo-5_T2w,0.0660475566983223,0.034151591360569,4,1,0,4,0.0
AttUNet_checkpoint-48,otherscanners,ses-01,anat,sub-chuv117_ses-01_acq-haste_run-1_echo-6_T2w,0.00032765846117399633,0.0001638560788705945,1,1,0,1,0.0
AttUNet_checkpoint-48,otherscanners,ses-01,anat,sub-chuv117_ses-01_acq-haste_run-2_echo-1_T2w,0.7973805069923401,0.6630364060401917,56,9,12,24,0.5
AttUNet_checkpoint-48,otherscanners,ses-01,anat,sub-chuv117_ses-01_acq-haste_run-2_echo-2_T2w,0.5631672739982605,0.39195048809051514,68,16,12,21,0.5714285714285714
AttUNet_checkpoint-48,otherscanners,ses-01,anat,sub-chuv117_ses-01_acq-haste_run-2_echo-3_T2w,0.48255157470703125,0.31800198554992676,85,10,13,22,0.5909090909090909
AttUNet_checkpoint-48,otherscanners,ses-01,anat,sub-chuv117_ses-01_acq-haste_run-2_echo-4_T2w,0.2653980851173401,0.1530023068189621,66,10,11,18,0.6111111111111112
AttUNet_checkpoint-48,otherscanners,ses-01,anat,sub-chuv117_ses-01_acq-haste_run-2_echo-5_T2w,0.10139840096235275,0.053406890481710434,28,7,5,7,0.7142857142857143
AttUNet_checkpoint-48,otherscanners,ses-01,anat,sub-chuv117_ses-01_acq-haste_run-2_echo-6_T2w,0.059258561581373215,0.030533980578184128,5,4,1,2,0.5
AttUNet_checkpoint-48,otherscanners,ses-01,anat,sub-chuv117_ses-01_acq-haste_run-3_echo-1_T2w,0.7253242135047913,0.5690264701843262,49,8,10,16,0.625
AttUNet_checkpoint-48,otherscanners,ses-01,anat,sub-chuv117_ses-01_acq-haste_run-3_echo-2_T2w,0.6846202611923218,0.5204734802246094,32,6,8,15,0.5333333333333333
AttUNet_checkpoint-48,otherscanners,ses-01,anat,sub-chuv117_ses-01_acq-haste_run-3_echo-3_T2w,0.640660285949707,0.4713025689125061,41,9,10,17,0.5882352941176471
AttUNet_checkpoint-48,otherscanners,ses-01,anat,sub-chuv117_ses-01_acq-haste_run-3_echo-4_T2w,0.559884786605835,0.38877779245376587,58,14,11,17,0.6470588235294118
AttUNet_checkpoint-48,otherscanners,ses-01,anat,sub-chuv117_ses-01_acq-haste_run-3_echo-5_T2w,0.14562159776687622,0.0785285234451294,56,13,9,12,0.75
AttUNet_checkpoint-48,otherscanners,ses-01,anat,sub-chuv117_ses-01_acq-haste_run-3_echo-6_T2w,0.055536817759275436,0.028561517596244812,8,6,1,3,0.3333333333333333
AttUNet_checkpoint-48,otherscanners,ses-01,anat,sub-chuv117_ses-01_acq-haste_run-4_echo-1_T2w,0.7890992164611816,0.6516630053520203,84,21,9,21,0.42857142857142855
AttUNet_checkpoint-48,otherscanners,ses-01,anat,sub-chuv117_ses-01_acq-haste_run-4_echo-2_T2w,0.5101754069328308,0.3424399197101593,50,12,10,18,0.5555555555555556
AttUNet_checkpoint-48,otherscanners,ses-01,anat,sub-chuv117_ses-01_acq-haste_run-4_echo-3_T2w,0.43150055408477783,0.2751040458679199,85,12,16,19,0.8421052631578947
AttUNet_checkpoint-48,otherscanners,ses-01,anat,sub-chuv117_ses-01_acq-haste_run-4_echo-4_T2w,0.14028596878051758,0.07543416321277618,69,11,13,17,0.7647058823529411
AttUNet_checkpoint-48,otherscanners,ses-01,anat,sub-chuv117_ses-01_acq-haste_run-4_echo-5_T2w,0.003519322955980897,0.0017627632478252053,31,8,7,8,0.875
AttUNet_checkpoint-48,otherscanners,ses-01,anat,sub-chuv117_ses-01_acq-haste_run-4_echo-6_T2w,0.0,0.0,15,8,3,6,0.5
AttUNet_checkpoint-48,otherscanners,ses-01,anat,sub-chuv117_ses-01_acq-haste_run-5_echo-1_T2w,0.7309793829917908,0.5760185718536377,49,12,8,14,0.5714285714285714
AttUNet_checkpoint-48,otherscanners,ses-01,anat,sub-chuv117_ses-01_acq-haste_run-5_echo-2_T2w,0.648557722568512,0.47990044951438904,37,15,5,11,0.45454545454545453
AttUNet_checkpoint-48,otherscanners,ses-01,anat,sub-chuv117_ses-01_acq-haste_run-5_echo-3_T2w,0.6214198470115662,0.45076802372932434,63,17,8,12,0.6666666666666666
AttUNet_checkpoint-48,otherscanners,ses-01,anat,sub-chuv117_ses-01_acq-haste_run-5_echo-4_T2w,0.5594620704650879,0.3883702754974365,85,14,13,16,0.8125
AttUNet_checkpoint-48,otherscanners,ses-01,anat,sub-chuv117_ses-01_acq-haste_run-5_echo-5_T2w,0.2327309101819992,0.13168957829475403,35,10,6,7,0.8571428571428571
AttUNet_checkpoint-48,otherscanners,ses-01,anat,sub-chuv117_ses-01_acq-haste_run-5_echo-6_T2w,0.08002607524394989,0.04168081283569336,11,5,2,5,0.4
AttUNet_checkpoint-48,otherscanners,ses-01,anat,sub-chuv117_ses-01_acq-haste_run-6_echo-1_T2w,0.918648362159729,0.8495370745658875,46,14,5,28,0.17857142857142858
AttUNet_checkpoint-48,otherscanners,ses-01,anat,sub-chuv117_ses-01_acq-haste_run-6_echo-2_T2w,0.7758724689483643,0.633816659450531,55,7,10,29,0.3448275862068966
AttUNet_checkpoint-48,otherscanners,ses-01,anat,sub-chuv117_ses-01_acq-haste_run-6_echo-3_T2w,0.5481378436088562,0.3775412440299988,84,22,15,26,0.5769230769230769
AttUNet_checkpoint-48,otherscanners,ses-01,anat,sub-chuv117_ses-01_acq-haste_run-6_echo-4_T2w,0.19467999041080475,0.10783683508634567,44,8,8,19,0.42105263157894735
AttUNet_checkpoint-48,otherscanners,ses-01,anat,sub-chuv117_ses-01_acq-haste_run-6_echo-5_T2w,0.055500879883766174,0.02854250743985176,5,1,0,5,0.0
AttUNet_checkpoint-48,otherscanners,ses-01,anat,sub-chuv117_ses-01_acq-haste_run-6_echo-6_T2w,0.03693298250436783,0.01881391741335392,6,3,1,4,0.25
AttUNet_checkpoint-48,otherscanners,ses-01,anat,sub-chuv120_ses-01_acq-haste_run-10_echo-1_T2w,0.9069222807884216,0.8296960592269897,22,1,0,22,0.0
AttUNet_checkpoint-48,otherscanners,ses-01,anat,sub-chuv120_ses-01_acq-haste_run-10_echo-2_T2w,0.8913834095001221,0.8040502667427063,23,2,1,22,0.045454545454545456
AttUNet_checkpoint-48,otherscanners,ses-01,anat,sub-chuv120_ses-01_acq-haste_run-10_echo-3_T2w,0.8690937161445618,0.7684931755065918,21,1,0,21,0.0
AttUNet_checkpoint-48,otherscanners,ses-01,anat,sub-chuv120_ses-01_acq-haste_run-10_echo-4_T2w,0.8403781652450562,0.7247001528739929,21,1,0,21,0.0
AttUNet_checkpoint-48,otherscanners,ses-01,anat,sub-chuv120_ses-01_acq-haste_run-10_echo-5_T2w,0.8194759488105774,0.694162905216217,23,3,1,21,0.047619047619047616
AttUNet_checkpoint-48,otherscanners,ses-01,anat,sub-chuv120_ses-01_acq-haste_run-10_echo-6_T2w,0.8206245303153992,0.6958127617835999,21,1,0,21,0.0
AttUNet_checkpoint-48,otherscanners,ses-01,anat,sub-chuv120_ses-01_acq-haste_run-1_echo-1_T2w,0.945044755935669,0.8958150148391724,21,3,2,18,0.1111111111111111
AttUNet_checkpoint-48,otherscanners,ses-01,anat,sub-chuv120_ses-01_acq-haste_run-1_echo-2_T2w,0.9388802647590637,0.88480144739151,19,3,1,17,0.058823529411764705
AttUNet_checkpoint-48,otherscanners,ses-01,anat,sub-chuv120_ses-01_acq-haste_run-1_echo-3_T2w,0.9277757406234741,0.8652814626693726,20,5,1,16,0.0625
AttUNet_checkpoint-48,otherscanners,ses-01,anat,sub-chuv120_ses-01_acq-haste_run-1_echo-4_T2w,0.8868931531906128,0.7967727184295654,26,7,2,19,0.10526315789473684
AttUNet_checkpoint-48,otherscanners,ses-01,anat,sub-chuv120_ses-01_acq-haste_run-1_echo-5_T2w,0.8631811738014221,0.7592952847480774,30,5,5,18,0.2777777777777778
AttUNet_checkpoint-48,otherscanners,ses-01,anat,sub-chuv120_ses-01_acq-haste_run-1_echo-6_T2w,0.8150798678398132,0.6878774762153625,32,8,7,16,0.4375
AttUNet_checkpoint-48,otherscanners,ses-01,anat,sub-chuv120_ses-01_acq-haste_run-2_echo-1_T2w,0.9553715586662292,0.9145563244819641,21,3,1,19,0.05263157894736842
AttUNet_checkpoint-48,otherscanners,ses-01,anat,sub-chuv120_ses-01_acq-haste_run-2_echo-2_T2w,0.9546675086021423,0.9132668375968933,21,3,1,19,0.05263157894736842
AttUNet_checkpoint-48,otherscanners,ses-01,anat,sub-chuv120_ses-01_acq-haste_run-2_echo-3_T2w,0.9519613981246948,0.9083266258239746,20,3,1,18,0.05555555555555555
AttUNet_checkpoint-48,otherscanners,ses-01,anat,sub-chuv120_ses-01_acq-haste_run-2_echo-4_T2w,0.9277976751327515,0.865319550037384,24,4,3,18,0.16666666666666666
AttUNet_checkpoint-48,otherscanners,ses-01,anat,sub-chuv120_ses-01_acq-haste_run-2_echo-5_T2w,0.8895022869110107,0.8009942770004272,24,6,3,16,0.1875
AttUNet_checkpoint-48,otherscanners,ses-01,anat,sub-chuv120_ses-01_acq-haste_run-2_echo-6_T2w,0.8338136672973633,0.7149918079376221,24,3,8,15,0.5333333333333333
AttUNet_checkpoint-48,otherscanners,ses-01,anat,sub-chuv120_ses-01_acq-haste_run-3_echo-1_T2w,0.9674086570739746,0.9368746876716614,19,1,0,19,0.0
AttUNet_checkpoint-48,otherscanners,ses-01,anat,sub-chuv120_ses-01_acq-haste_run-3_echo-2_T2w,0.9449265003204346,0.8956025242805481,18,1,0,18,0.0
AttUNet_checkpoint-48,otherscanners,ses-01,anat,sub-chuv120_ses-01_acq-haste_run-3_echo-3_T2w,0.922822892665863,0.8567049503326416,18,1,0,18,0.0
AttUNet_checkpoint-48,otherscanners,ses-01,anat,sub-chuv120_ses-01_acq-haste_run-3_echo-4_T2w,0.8966277241706848,0.8126248717308044,23,3,3,18,0.16666666666666666
AttUNet_checkpoint-48,otherscanners,ses-01,anat,sub-chuv120_ses-01_acq-haste_run-3_echo-5_T2w,0.8653126358985901,0.7626000642776489,24,3,4,18,0.2222222222222222
AttUNet_checkpoint-48,otherscanners,ses-01,anat,sub-chuv120_ses-01_acq-haste_run-3_echo-6_T2w,0.7971183061599731,0.6626739501953125,33,11,5,16,0.3125
AttUNet_checkpoint-48,otherscanners,ses-01,anat,sub-chuv120_ses-01_acq-haste_run-4_echo-1_T2w,0.9684973359107971,0.9389188885688782,19,1,0,19,0.0
AttUNet_checkpoint-48,otherscanners,ses-01,anat,sub-chuv120_ses-01_acq-haste_run-4_echo-2_T2w,0.949207067489624,0.9033246040344238,20,3,1,18,0.05555555555555555
AttUNet_checkpoint-48,otherscanners,ses-01,anat,sub-chuv120_ses-01_acq-haste_run-4_echo-3_T2w,0.9019567370414734,0.8214218020439148,39,19,2,20,0.1
AttUNet_checkpoint-48,otherscanners,ses-01,anat,sub-chuv120_ses-01_acq-haste_run-4_echo-4_T2w,0.8790901899337769,0.784264862537384,25,4,3,20,0.15
AttUNet_checkpoint-48,otherscanners,ses-01,anat,sub-chuv120_ses-01_acq-haste_run-4_echo-5_T2w,0.8588328957557678,0.7525917291641235,22,2,4,18,0.2222222222222222
AttUNet_checkpoint-48,otherscanners,ses-01,anat,sub-chuv120_ses-01_acq-haste_run-4_echo-6_T2w,0.7363967299461365,0.5827752947807312,37,5,9,16,0.5625
AttUNet_checkpoint-48,otherscanners,ses-01,anat,sub-chuv120_ses-01_acq-haste_run-6_echo-1_T2w,0.8874775767326355,0.7977165579795837,18,2,1,17,0.058823529411764705
AttUNet_checkpoint-48,otherscanners,ses-01,anat,sub-chuv120_ses-01_acq-haste_run-6_echo-2_T2w,0.8778730630874634,0.7823294997215271,19,2,1,18,0.05555555555555555
AttUNet_checkpoint-48,otherscanners,ses-01,anat,sub-chuv120_ses-01_acq-haste_run-6_echo-3_T2w,0.854488730430603,0.7459452748298645,22,3,2,19,0.10526315789473684
AttUNet_checkpoint-48,otherscanners,ses-01,anat,sub-chuv120_ses-01_acq-haste_run-6_echo-4_T2w,0.8235020637512207,0.699960470199585,27,4,3,21,0.14285714285714285
AttUNet_checkpoint-48,otherscanners,ses-01,anat,sub-chuv120_ses-01_acq-haste_run-6_echo-5_T2w,0.7868114709854126,0.648548424243927,21,3,4,16,0.25
AttUNet_checkpoint-48,otherscanners,ses-01,anat,sub-chuv120_ses-01_acq-haste_run-6_echo-6_T2w,0.6214678883552551,0.45081859827041626,18,5,3,11,0.2727272727272727
AttUNet_checkpoint-48,otherscanners,ses-01,anat,sub-chuv120_ses-01_acq-haste_run-7_echo-1_T2w,0.9622951745986938,0.9273303151130676,18,1,0,18,0.0
AttUNet_checkpoint-48,otherscanners,ses-01,anat,sub-chuv120_ses-01_acq-haste_run-7_echo-2_T2w,0.953284502029419,0.9107389450073242,18,1,0,18,0.0
AttUNet_checkpoint-48,otherscanners,ses-01,anat,sub-chuv120_ses-01_acq-haste_run-7_echo-3_T2w,0.9386186599731445,0.8843368887901306,18,1,0,18,0.0
AttUNet_checkpoint-48,otherscanners,ses-01,anat,sub-chuv120_ses-01_acq-haste_run-7_echo-4_T2w,0.9185144305229187,0.8493081331253052,18,1,0,18,0.0
AttUNet_checkpoint-48,otherscanners,ses-01,anat,sub-chuv120_ses-01_acq-haste_run-7_echo-5_T2w,0.8826148509979248,0.7898930907249451,20,3,1,18,0.05555555555555555
AttUNet_checkpoint-48,otherscanners,ses-01,anat,sub-chuv120_ses-01_acq-haste_run-7_echo-6_T2w,0.8348908424377441,0.7165773510932922,18,2,1,17,0.058823529411764705
AttUNet_checkpoint-48,otherscanners,ses-01,anat,sub-chuv120_ses-01_acq-haste_run-8_echo-1_T2w,0.9351513981819153,0.8782012462615967,21,1,0,21,0.0
AttUNet_checkpoint-48,otherscanners,ses-01,anat,sub-chuv120_ses-01_acq-haste_run-8_echo-2_T2w,0.932031512260437,0.8727144002914429,21,1,0,21,0.0
AttUNet_checkpoint-48,otherscanners,ses-01,anat,sub-chuv120_ses-01_acq-haste_run-8_echo-3_T2w,0.9194221496582031,0.8508615493774414,22,2,1,21,0.047619047619047616
AttUNet_checkpoint-48,otherscanners,ses-01,anat,sub-chuv120_ses-01_acq-haste_run-8_echo-4_T2w,0.901574432849884,0.8207879066467285,23,3,2,20,0.1
AttUNet_checkpoint-48,otherscanners,ses-01,anat,sub-chuv120_ses-01_acq-haste_run-8_echo-5_T2w,0.8799405097961426,0.7856194376945496,20,1,0,20,0.0
AttUNet_checkpoint-48,otherscanners,ses-01,anat,sub-chuv120_ses-01_acq-haste_run-8_echo-6_T2w,0.8352435827255249,0.7170971632003784,24,3,3,19,0.15789473684210525
AttUNet_checkpoint-48,otherscanners,ses-01,anat,sub-chuv120_ses-01_acq-haste_run-9_echo-1_T2w,0.945587694644928,0.8967911601066589,20,1,0,20,0.0
AttUNet_checkpoint-48,otherscanners,ses-01,anat,sub-chuv120_ses-01_acq-haste_run-9_echo-2_T2w,0.93416827917099,0.8764687776565552,21,2,1,20,0.05
AttUNet_checkpoint-48,otherscanners,ses-01,anat,sub-chuv120_ses-01_acq-haste_run-9_echo-3_T2w,0.9182091951370239,0.8487862348556519,20,2,1,19,0.05263157894736842
AttUNet_checkpoint-48,otherscanners,ses-01,anat,sub-chuv120_ses-01_acq-haste_run-9_echo-4_T2w,0.8698028922080994,0.7696028351783752,19,1,0,19,0.0
AttUNet_checkpoint-48,otherscanners,ses-01,anat,sub-chuv120_ses-01_acq-haste_run-9_echo-5_T2w,0.836835503578186,0.7194472551345825,20,2,2,18,0.1111111111111111
AttUNet_checkpoint-48,otherscanners,ses-01,anat,sub-chuv120_ses-01_acq-haste_run-9_echo-6_T2w,0.7844653129577637,0.6453664898872375,25,4,5,17,0.29411764705882354
AttUNet_checkpoint-48,otherscanners,ses-01,anat,sub-chuv146_ses-01_acq-haste_run-10_echo-1_T2w,0.9635898470878601,0.92973792552948,19,2,1,18,0.05555555555555555
AttUNet_checkpoint-48,otherscanners,ses-01,anat,sub-chuv146_ses-01_acq-haste_run-10_echo-2_T2w,0.9621365666389465,0.9270358681678772,18,1,0,18,0.0
AttUNet_checkpoint-48,otherscanners,ses-01,anat,sub-chuv146_ses-01_acq-haste_run-10_echo-3_T2w,0.9611302018165588,0.925169050693512,18,1,0,18,0.0
AttUNet_checkpoint-48,otherscanners,ses-01,anat,sub-chuv146_ses-01_acq-haste_run-10_echo-4_T2w,0.958171010017395,0.9197008013725281,19,1,0,19,0.0
AttUNet_checkpoint-48,otherscanners,ses-01,anat,sub-chuv146_ses-01_acq-haste_run-10_echo-5_T2w,0.9552019834518433,0.9142455458641052,19,2,1,18,0.05555555555555555
AttUNet_checkpoint-48,otherscanners,ses-01,anat,sub-chuv146_ses-01_acq-haste_run-10_echo-6_T2w,0.9492730498313904,0.9034441113471985,19,2,1,18,0.05555555555555555
AttUNet_checkpoint-48,otherscanners,ses-01,anat,sub-chuv146_ses-01_acq-haste_run-11_echo-1_T2w,0.9626486897468567,0.9279870986938477,20,1,0,20,0.0
AttUNet_checkpoint-48,otherscanners,ses-01,anat,sub-chuv146_ses-01_acq-haste_run-11_echo-2_T2w,0.962259829044342,0.9272646903991699,20,1,0,20,0.0
AttUNet_checkpoint-48,otherscanners,ses-01,anat,sub-chuv146_ses-01_acq-haste_run-11_echo-3_T2w,0.961957573890686,0.9267034530639648,20,1,0,20,0.0
AttUNet_checkpoint-48,otherscanners,ses-01,anat,sub-chuv146_ses-01_acq-haste_run-11_echo-4_T2w,0.9604138731956482,0.9238425493240356,20,1,0,20,0.0
AttUNet_checkpoint-48,otherscanners,ses-01,anat,sub-chuv146_ses-01_acq-haste_run-11_echo-5_T2w,0.9585108160972595,0.9203272461891174,20,1,0,20,0.0
AttUNet_checkpoint-48,otherscanners,ses-01,anat,sub-chuv146_ses-01_acq-haste_run-11_echo-6_T2w,0.9558631777763367,0.9154577851295471,22,3,1,20,0.05
AttUNet_checkpoint-48,otherscanners,ses-01,anat,sub-chuv146_ses-01_acq-haste_run-12_echo-1_T2w,0.9660838842391968,0.9343928694725037,17,1,0,17,0.0
AttUNet_checkpoint-48,otherscanners,ses-01,anat,sub-chuv146_ses-01_acq-haste_run-12_echo-2_T2w,0.9649080038070679,0.9321954250335693,17,1,0,17,0.0
AttUNet_checkpoint-48,otherscanners,ses-01,anat,sub-chuv146_ses-01_acq-haste_run-12_echo-3_T2w,0.9639184474945068,0.9303500056266785,17,1,0,17,0.0
AttUNet_checkpoint-48,otherscanners,ses-01,anat,sub-chuv146_ses-01_acq-haste_run-12_echo-4_T2w,0.961533784866333,0.9259172081947327,17,1,0,17,0.0
AttUNet_checkpoint-48,otherscanners,ses-01,anat,sub-chuv146_ses-01_acq-haste_run-12_echo-5_T2w,0.9587342739105225,0.9207393527030945,16,1,0,16,0.0
AttUNet_checkpoint-48,otherscanners,ses-01,anat,sub-chuv146_ses-01_acq-haste_run-12_echo-6_T2w,0.9562588334083557,0.9161838293075562,17,2,1,16,0.0625
AttUNet_checkpoint-48,otherscanners,ses-01,anat,sub-chuv146_ses-01_acq-haste_run-13_echo-1_T2w,0.9557334184646606,0.915219783782959,24,2,2,22,0.09090909090909091
AttUNet_checkpoint-48,otherscanners,ses-01,anat,sub-chuv146_ses-01_acq-haste_run-13_echo-2_T2w,0.9546746611595154,0.9132799506187439,24,2,2,22,0.09090909090909091
AttUNet_checkpoint-48,otherscanners,ses-01,anat,sub-chuv146_ses-01_acq-haste_run-13_echo-3_T2w,0.9531800746917725,0.9105482697486877,26,3,3,22,0.13636363636363635
AttUNet_checkpoint-48,otherscanners,ses-01,anat,sub-chuv146_ses-01_acq-haste_run-13_echo-4_T2w,0.9489325881004333,0.9028275012969971,25,2,4,21,0.19047619047619047
AttUNet_checkpoint-48,otherscanners,ses-01,anat,sub-chuv146_ses-01_acq-haste_run-13_echo-5_T2w,0.9468399286270142,0.8990465402603149,26,3,4,21,0.19047619047619047
AttUNet_checkpoint-48,otherscanners,ses-01,anat,sub-chuv146_ses-01_acq-haste_run-13_echo-6_T2w,0.9371663928031921,0.8817620873451233,28,4,5,21,0.23809523809523808
AttUNet_checkpoint-48,otherscanners,ses-01,anat,sub-chuv146_ses-01_acq-haste_run-14_echo-1_T2w,0.8243115544319153,0.7011309862136841,18,7,1,12,0.08333333333333333
AttUNet_checkpoint-48,otherscanners,ses-01,anat,sub-chuv146_ses-01_acq-haste_run-14_echo-2_T2w,0.8183079957962036,0.692488431930542,13,2,1,12,0.08333333333333333
AttUNet_checkpoint-48,otherscanners,ses-01,anat,sub-chuv146_ses-01_acq-haste_run-14_echo-3_T2w,0.8149795532226562,0.6877346038818359,14,2,2,12,0.16666666666666666
AttUNet_checkpoint-48,otherscanners,ses-01,anat,sub-chuv146_ses-01_acq-haste_run-14_echo-4_T2w,0.8216521143913269,0.6972916126251221,12,1,0,12,0.0
AttUNet_checkpoint-48,otherscanners,ses-01,anat,sub-chuv146_ses-01_acq-haste_run-14_echo-5_T2w,0.8369907140731812,0.7196767330169678,14,3,1,12,0.08333333333333333
AttUNet_checkpoint-48,otherscanners,ses-01,anat,sub-chuv146_ses-01_acq-haste_run-14_echo-6_T2w,0.8379829525947571,0.7211451530456543,14,2,2,12,0.16666666666666666
AttUNet_checkpoint-48,otherscanners,ses-01,anat,sub-chuv146_ses-01_acq-haste_run-15_echo-1_T2w,0.957934558391571,0.9192652106285095,29,6,4,21,0.19047619047619047
AttUNet_checkpoint-48,otherscanners,ses-01,anat,sub-chuv146_ses-01_acq-haste_run-15_echo-2_T2w,0.9538627862930298,0.9117951393127441,26,2,5,21,0.23809523809523808
AttUNet_checkpoint-48,otherscanners,ses-01,anat,sub-chuv146_ses-01_acq-haste_run-15_echo-3_T2w,0.9499679803848267,0.9047038555145264,27,3,5,21,0.23809523809523808
AttUNet_checkpoint-48,otherscanners,ses-01,anat,sub-chuv146_ses-01_acq-haste_run-15_echo-4_T2w,0.9276884198188782,0.8651295304298401,28,3,5,22,0.22727272727272727
AttUNet_checkpoint-48,otherscanners,ses-01,anat,sub-chuv146_ses-01_acq-haste_run-15_echo-5_T2w,0.9242962002754211,0.8592479228973389,28,2,6,22,0.2727272727272727
AttUNet_checkpoint-48,otherscanners,ses-01,anat,sub-chuv146_ses-01_acq-haste_run-15_echo-6_T2w,0.9130019545555115,0.8399296998977661,32,4,5,22,0.22727272727272727
AttUNet_checkpoint-48,otherscanners,ses-01,anat,sub-chuv146_ses-01_acq-haste_run-16_echo-1_T2w,0.9665711522102356,0.9353049993515015,17,1,0,17,0.0
AttUNet_checkpoint-48,otherscanners,ses-01,anat,sub-chuv146_ses-01_acq-haste_run-16_echo-2_T2w,0.9660162329673767,0.9342663884162903,17,1,0,17,0.0
AttUNet_checkpoint-48,otherscanners,ses-01,anat,sub-chuv146_ses-01_acq-haste_run-16_echo-3_T2w,0.965507447719574,0.9333149790763855,17,1,0,17,0.0
AttUNet_checkpoint-48,otherscanners,ses-01,anat,sub-chuv146_ses-01_acq-haste_run-16_echo-4_T2w,0.9628664255142212,0.9283919334411621,17,1,0,17,0.0
AttUNet_checkpoint-48,otherscanners,ses-01,anat,sub-chuv146_ses-01_acq-haste_run-16_echo-5_T2w,0.9597632884979248,0.9226393699645996,18,2,1,17,0.058823529411764705
AttUNet_checkpoint-48,otherscanners,ses-01,anat,sub-chuv146_ses-01_acq-haste_run-16_echo-6_T2w,0.9558600783348083,0.9154521226882935,23,3,3,19,0.15789473684210525
AttUNet_checkpoint-48,otherscanners,ses-01,anat,sub-chuv146_ses-01_acq-haste_run-17_echo-1_T2w,0.966920793056488,0.9359599947929382,18,1,0,18,0.0
AttUNet_checkpoint-48,otherscanners,ses-01,anat,sub-chuv146_ses-01_acq-haste_run-17_echo-2_T2w,0.9652726054191589,0.9328762888908386,18,1,0,18,0.0
AttUNet_checkpoint-48,otherscanners,ses-01,anat,sub-chuv146_ses-01_acq-haste_run-17_echo-3_T2w,0.9639617800712585,0.9304307699203491,18,1,0,18,0.0
AttUNet_checkpoint-48,otherscanners,ses-01,anat,sub-chuv146_ses-01_acq-haste_run-17_echo-4_T2w,0.9606860280036926,0.9243463277816772,18,1,0,18,0.0
AttUNet_checkpoint-48,otherscanners,ses-01,anat,sub-chuv146_ses-01_acq-haste_run-17_echo-5_T2w,0.9539286494255066,0.9119154810905457,19,1,0,19,0.0
AttUNet_checkpoint-48,otherscanners,ses-01,anat,sub-chuv146_ses-01_acq-haste_run-17_echo-6_T2w,0.9503462910652161,0.9053902626037598,22,2,3,19,0.15789473684210525
AttUNet_checkpoint-48,otherscanners,ses-01,anat,sub-chuv146_ses-01_acq-haste_run-18_echo-1_T2w,0.9595851898193359,0.9223102331161499,18,1,0,18,0.0
AttUNet_checkpoint-48,otherscanners,ses-01,anat,sub-chuv146_ses-01_acq-haste_run-18_echo-2_T2w,0.9588462710380554,0.920945942401886,18,1,0,18,0.0
AttUNet_checkpoint-48,otherscanners,ses-01,anat,sub-chuv146_ses-01_acq-haste_run-18_echo-3_T2w,0.9583752751350403,0.9200773239135742,18,1,0,18,0.0
AttUNet_checkpoint-48,otherscanners,ses-01,anat,sub-chuv146_ses-01_acq-haste_run-18_echo-4_T2w,0.9572538137435913,0.918012261390686,18,1,0,18,0.0
AttUNet_checkpoint-48,otherscanners,ses-01,anat,sub-chuv146_ses-01_acq-haste_run-18_echo-5_T2w,0.9552357196807861,0.9143073558807373,18,1,0,18,0.0
AttUNet_checkpoint-48,otherscanners,ses-01,anat,sub-chuv146_ses-01_acq-haste_run-18_echo-6_T2w,0.9512621760368347,0.9070543050765991,18,1,0,18,0.0
AttUNet_checkpoint-48,otherscanners,ses-01,anat,sub-chuv146_ses-01_acq-haste_run-19_echo-1_T2w,0.9541359543800354,0.9122944474220276,21,2,1,20,0.05
AttUNet_checkpoint-48,otherscanners,ses-01,anat,sub-chuv146_ses-01_acq-haste_run-19_echo-2_T2w,0.9534497261047363,0.9110405445098877,22,2,2,20,0.1
AttUNet_checkpoint-48,otherscanners,ses-01,anat,sub-chuv146_ses-01_acq-haste_run-19_echo-3_T2w,0.953209638595581,0.9106022119522095,22,2,2,20,0.1
AttUNet_checkpoint-48,otherscanners,ses-01,anat,sub-chuv146_ses-01_acq-haste_run-19_echo-4_T2w,0.952645480632782,0.9095730781555176,21,2,2,19,0.10526315789473684
AttUNet_checkpoint-48,otherscanners,ses-01,anat,sub-chuv146_ses-01_acq-haste_run-19_echo-5_T2w,0.9516034126281738,0.9076750874519348,21,2,2,19,0.10526315789473684
AttUNet_checkpoint-48,otherscanners,ses-01,anat,sub-chuv146_ses-01_acq-haste_run-19_echo-6_T2w,0.9508755207061768,0.9063515067100525,21,2,2,19,0.10526315789473684
AttUNet_checkpoint-48,otherscanners,ses-01,anat,sub-chuv146_ses-01_acq-haste_run-1_echo-1_T2w,0.9717372059822083,0.9450280666351318,26,2,4,22,0.18181818181818182
AttUNet_checkpoint-48,otherscanners,ses-01,anat,sub-chuv146_ses-01_acq-haste_run-1_echo-2_T2w,0.9711769223213196,0.9439687728881836,26,2,4,22,0.18181818181818182
AttUNet_checkpoint-48,otherscanners,ses-01,anat,sub-chuv146_ses-01_acq-haste_run-1_echo-3_T2w,0.9707891941070557,0.9432365298271179,26,2,4,22,0.18181818181818182
AttUNet_checkpoint-48,otherscanners,ses-01,anat,sub-chuv146_ses-01_acq-haste_run-1_echo-4_T2w,0.9691340923309326,0.9401165246963501,26,3,4,21,0.19047619047619047
AttUNet_checkpoint-48,otherscanners,ses-01,anat,sub-chuv146_ses-01_acq-haste_run-1_echo-5_T2w,0.9676177501678467,0.9372669458389282,24,2,3,21,0.14285714285714285
AttUNet_checkpoint-48,otherscanners,ses-01,anat,sub-chuv146_ses-01_acq-haste_run-1_echo-6_T2w,0.9653218388557434,0.932968258857727,24,2,3,21,0.14285714285714285
AttUNet_checkpoint-48,otherscanners,ses-01,anat,sub-chuv146_ses-01_acq-haste_run-2_echo-1_T2w,0.9613264799118042,0.9255329370498657,23,2,2,21,0.09523809523809523
AttUNet_checkpoint-48,otherscanners,ses-01,anat,sub-chuv146_ses-01_acq-haste_run-2_echo-2_T2w,0.9610048532485962,0.924936830997467,23,2,2,21,0.09523809523809523
AttUNet_checkpoint-48,otherscanners,ses-01,anat,sub-chuv146_ses-01_acq-haste_run-2_echo-3_T2w,0.9608945250511169,0.9247323870658875,23,2,2,21,0.09523809523809523
AttUNet_checkpoint-48,otherscanners,ses-01,anat,sub-chuv146_ses-01_acq-haste_run-2_echo-4_T2w,0.9600264430046082,0.9231258630752563,23,2,2,21,0.09523809523809523
AttUNet_checkpoint-48,otherscanners,ses-01,anat,sub-chuv146_ses-01_acq-haste_run-2_echo-5_T2w,0.9592790007591248,0.9217446446418762,22,2,2,20,0.1
AttUNet_checkpoint-48,otherscanners,ses-01,anat,sub-chuv146_ses-01_acq-haste_run-2_echo-6_T2w,0.9583677649497986,0.9200634956359863,23,2,3,20,0.15
AttUNet_checkpoint-48,otherscanners,ses-01,anat,sub-chuv146_ses-01_acq-haste_run-3_echo-1_T2w,0.9706239700317383,0.9429246187210083,19,1,0,19,0.0
AttUNet_checkpoint-48,otherscanners,ses-01,anat,sub-chuv146_ses-01_acq-haste_run-3_echo-2_T2w,0.9697944521903992,0.9413601160049438,19,1,0,19,0.0
AttUNet_checkpoint-48,otherscanners,ses-01,anat,sub-chuv146_ses-01_acq-haste_run-3_echo-3_T2w,0.9690691828727722,0.9399943947792053,19,1,0,19,0.0
AttUNet_checkpoint-48,otherscanners,ses-01,anat,sub-chuv146_ses-01_acq-haste_run-3_echo-4_T2w,0.9657464027404785,0.933761715888977,19,1,0,19,0.0
AttUNet_checkpoint-48,otherscanners,ses-01,anat,sub-chuv146_ses-01_acq-haste_run-3_echo-5_T2w,0.9628214836120605,0.9283083081245422,19,1,0,19,0.0
AttUNet_checkpoint-48,otherscanners,ses-01,anat,sub-chuv146_ses-01_acq-haste_run-3_echo-6_T2w,0.9604237675666809,0.9238607883453369,19,1,0,19,0.0
AttUNet_checkpoint-48,otherscanners,ses-01,anat,sub-chuv146_ses-01_acq-haste_run-4_echo-1_T2w,0.9579972624778748,0.919380784034729,24,3,3,20,0.15
AttUNet_checkpoint-48,otherscanners,ses-01,anat,sub-chuv146_ses-01_acq-haste_run-4_echo-2_T2w,0.9554122090339661,0.9146308898925781,23,3,2,20,0.1
AttUNet_checkpoint-48,otherscanners,ses-01,anat,sub-chuv146_ses-01_acq-haste_run-4_echo-3_T2w,0.9526704549789429,0.9096186757087708,23,3,2,20,0.1
AttUNet_checkpoint-48,otherscanners,ses-01,anat,sub-chuv146_ses-01_acq-haste_run-4_echo-4_T2w,0.9485791921615601,0.9021880030632019,27,6,2,21,0.09523809523809523
AttUNet_checkpoint-48,otherscanners,ses-01,anat,sub-chuv146_ses-01_acq-haste_run-4_echo-5_T2w,0.9446813464164734,0.8951621651649475,21,2,1,20,0.05
AttUNet_checkpoint-48,otherscanners,ses-01,anat,sub-chuv146_ses-01_acq-haste_run-4_echo-6_T2w,0.9433411359786987,0.8927584290504456,24,4,2,20,0.1
AttUNet_checkpoint-48,otherscanners,ses-01,anat,sub-chuv146_ses-01_acq-haste_run-5_echo-1_T2w,0.9671183824539185,0.9363303184509277,23,2,3,20,0.15
AttUNet_checkpoint-48,otherscanners,ses-01,anat,sub-chuv146_ses-01_acq-haste_run-5_echo-2_T2w,0.9663928151130676,0.934971034526825,23,2,3,20,0.15
AttUNet_checkpoint-48,otherscanners,ses-01,anat,sub-chuv146_ses-01_acq-haste_run-5_echo-3_T2w,0.9660319685935974,0.9342957735061646,24,3,3,20,0.15
AttUNet_checkpoint-48,otherscanners,ses-01,anat,sub-chuv146_ses-01_acq-haste_run-5_echo-4_T2w,0.9648842215538025,0.9321510195732117,24,3,3,20,0.15
AttUNet_checkpoint-48,otherscanners,ses-01,anat,sub-chuv146_ses-01_acq-haste_run-5_echo-5_T2w,0.9636669754981995,0.9298815131187439,22,2,2,20,0.1
AttUNet_checkpoint-48,otherscanners,ses-01,anat,sub-chuv146_ses-01_acq-haste_run-5_echo-6_T2w,0.9634367823600769,0.9294529557228088,21,2,2,19,0.10526315789473684
AttUNet_checkpoint-48,otherscanners,ses-01,anat,sub-chuv146_ses-01_acq-haste_run-6_echo-1_T2w,0.9676059484481812,0.9372447729110718,22,1,0,22,0.0
AttUNet_checkpoint-48,otherscanners,ses-01,anat,sub-chuv146_ses-01_acq-haste_run-6_echo-2_T2w,0.9667654633522034,0.9356689453125,22,1,0,22,0.0
AttUNet_checkpoint-48,otherscanners,ses-01,anat,sub-chuv146_ses-01_acq-haste_run-6_echo-3_T2w,0.9663033485412598,0.9348035454750061,22,1,0,22,0.0
AttUNet_checkpoint-48,otherscanners,ses-01,anat,sub-chuv146_ses-01_acq-haste_run-6_echo-4_T2w,0.9653782248497009,0.9330735802650452,22,1,0,22,0.0
AttUNet_checkpoint-48,otherscanners,ses-01,anat,sub-chuv146_ses-01_acq-haste_run-6_echo-5_T2w,0.9643000364303589,0.9310612082481384,22,1,0,22,0.0
AttUNet_checkpoint-48,otherscanners,ses-01,anat,sub-chuv146_ses-01_acq-haste_run-6_echo-6_T2w,0.9630393981933594,0.9287135601043701,22,1,0,22,0.0
AttUNet_checkpoint-48,otherscanners,ses-01,anat,sub-chuv146_ses-01_acq-haste_run-7_echo-1_T2w,0.9686722755432129,0.9392478466033936,21,2,1,20,0.05
AttUNet_checkpoint-48,otherscanners,ses-01,anat,sub-chuv146_ses-01_acq-haste_run-7_echo-2_T2w,0.9676576256752014,0.9373418092727661,21,2,1,20,0.05
AttUNet_checkpoint-48,otherscanners,ses-01,anat,sub-chuv146_ses-01_acq-haste_run-7_echo-3_T2w,0.9669057130813599,0.9359316825866699,21,2,1,20,0.05
AttUNet_checkpoint-48,otherscanners,ses-01,anat,sub-chuv146_ses-01_acq-haste_run-7_echo-4_T2w,0.9652197360992432,0.9327775239944458,21,2,1,20,0.05
AttUNet_checkpoint-48,otherscanners,ses-01,anat,sub-chuv146_ses-01_acq-haste_run-7_echo-5_T2w,0.9636452794075012,0.9298411011695862,23,4,1,20,0.05
AttUNet_checkpoint-48,otherscanners,ses-01,anat,sub-chuv146_ses-01_acq-haste_run-7_echo-6_T2w,0.962631344795227,0.9279548525810242,21,1,0,21,0.0
AttUNet_checkpoint-48,otherscanners,ses-01,anat,sub-chuv146_ses-01_acq-haste_run-8_echo-1_T2w,0.9690102338790894,0.9398834705352783,22,1,0,22,0.0
AttUNet_checkpoint-48,otherscanners,ses-01,anat,sub-chuv146_ses-01_acq-haste_run-8_echo-2_T2w,0.9686768651008606,0.9392563700675964,22,1,0,22,0.0
AttUNet_checkpoint-48,otherscanners,ses-01,anat,sub-chuv146_ses-01_acq-haste_run-8_echo-3_T2w,0.9681740999221802,0.9383115172386169,22,1,0,22,0.0
AttUNet_checkpoint-48,otherscanners,ses-01,anat,sub-chuv146_ses-01_acq-haste_run-8_echo-4_T2w,0.9668200016021729,0.9357711672782898,22,1,0,22,0.0
AttUNet_checkpoint-48,otherscanners,ses-01,anat,sub-chuv146_ses-01_acq-haste_run-8_echo-5_T2w,0.965798556804657,0.9338591694831848,22,1,0,22,0.0
AttUNet_checkpoint-48,otherscanners,ses-01,anat,sub-chuv146_ses-01_acq-haste_run-8_echo-6_T2w,0.9644280076026917,0.9312997460365295,25,3,2,22,0.09090909090909091
AttUNet_checkpoint-48,otherscanners,ses-01,anat,sub-chuv146_ses-01_acq-haste_run-9_echo-1_T2w,0.9566366672515869,0.9168777465820312,21,1,0,21,0.0
AttUNet_checkpoint-48,otherscanners,ses-01,anat,sub-chuv146_ses-01_acq-haste_run-9_echo-2_T2w,0.9563043713569641,0.916267454624176,21,1,0,21,0.0
AttUNet_checkpoint-48,otherscanners,ses-01,anat,sub-chuv146_ses-01_acq-haste_run-9_echo-3_T2w,0.9557576775550842,0.9152643084526062,21,1,0,21,0.0
AttUNet_checkpoint-48,otherscanners,ses-01,anat,sub-chuv146_ses-01_acq-haste_run-9_echo-4_T2w,0.9543666243553162,0.9127163290977478,21,1,0,21,0.0
AttUNet_checkpoint-48,otherscanners,ses-01,anat,sub-chuv146_ses-01_acq-haste_run-9_echo-5_T2w,0.9521042704582214,0.9085868000984192,21,1,0,21,0.0
AttUNet_checkpoint-48,otherscanners,ses-01,anat,sub-chuv146_ses-01_acq-haste_run-9_echo-6_T2w,0.9485595226287842,0.902152419090271,21,1,0,21,0.0
AttUNet_checkpoint-48,otherscanners,ses-01,anat,sub-chuv151_ses-01_acq-haste_run-2_echo-1_T2w,0.9729253053665161,0.9472780227661133,23,2,1,22,0.045454545454545456
AttUNet_checkpoint-48,otherscanners,ses-01,anat,sub-chuv151_ses-01_acq-haste_run-2_echo-2_T2w,0.9715479016304016,0.9446700215339661,21,1,0,21,0.0
AttUNet_checkpoint-48,otherscanners,ses-01,anat,sub-chuv151_ses-01_acq-haste_run-2_echo-3_T2w,0.9704034924507141,0.9425085783004761,21,1,0,21,0.0
AttUNet_checkpoint-48,otherscanners,ses-01,anat,sub-chuv151_ses-01_acq-haste_run-2_echo-4_T2w,0.9659761786460876,0.9341914653778076,23,2,1,22,0.045454545454545456
AttUNet_checkpoint-48,otherscanners,ses-01,anat,sub-chuv151_ses-01_acq-haste_run-2_echo-5_T2w,0.9605717658996582,0.9241347312927246,25,3,1,23,0.043478260869565216
AttUNet_checkpoint-48,otherscanners,ses-01,anat,sub-chuv151_ses-01_acq-haste_run-2_echo-6_T2w,0.9565281867980957,0.9166785478591919,31,8,1,24,0.041666666666666664
AttUNet_checkpoint-48,otherscanners,ses-01,anat,sub-chuv151_ses-01_acq-haste_run-3_echo-1_T2w,0.9651437997817993,0.9326356649398804,28,3,2,25,0.08
AttUNet_checkpoint-48,otherscanners,ses-01,anat,sub-chuv151_ses-01_acq-haste_run-3_echo-2_T2w,0.9645192623138428,0.9314700365066528,28,3,2,25,0.08
AttUNet_checkpoint-48,otherscanners,ses-01,anat,sub-chuv151_ses-01_acq-haste_run-3_echo-3_T2w,0.9641023874282837,0.930692732334137,28,3,2,25,0.08
AttUNet_checkpoint-48,otherscanners,ses-01,anat,sub-chuv151_ses-01_acq-haste_run-3_echo-4_T2w,0.9633333683013916,0.9292605519294739,29,3,3,25,0.12
AttUNet_checkpoint-48,otherscanners,ses-01,anat,sub-chuv151_ses-01_acq-haste_run-3_echo-5_T2w,0.9626173377037048,0.9279288649559021,28,3,3,24,0.125
AttUNet_checkpoint-48,otherscanners,ses-01,anat,sub-chuv151_ses-01_acq-haste_run-3_echo-6_T2w,0.9620246291160583,0.9268280267715454,28,3,3,24,0.125
AttUNet_checkpoint-48,otherscanners,ses-01,anat,sub-chuv151_ses-01_acq-haste_run-4_echo-1_T2w,0.9655795693397522,0.9334498643875122,30,2,1,29,0.034482758620689655
AttUNet_checkpoint-48,otherscanners,ses-01,anat,sub-chuv151_ses-01_acq-haste_run-4_echo-2_T2w,0.9650933146476746,0.9325413703918457,29,1,0,29,0.0
AttUNet_checkpoint-48,otherscanners,ses-01,anat,sub-chuv151_ses-01_acq-haste_run-4_echo-3_T2w,0.964911162853241,0.9322012662887573,29,1,0,29,0.0
AttUNet_checkpoint-48,otherscanners,ses-01,anat,sub-chuv151_ses-01_acq-haste_run-4_echo-4_T2w,0.9651156067848206,0.9325830936431885,29,1,0,29,0.0
AttUNet_checkpoint-48,otherscanners,ses-01,anat,sub-chuv151_ses-01_acq-haste_run-4_echo-5_T2w,0.9646418690681458,0.931698739528656,29,1,0,29,0.0
AttUNet_checkpoint-48,otherscanners,ses-01,anat,sub-chuv151_ses-01_acq-haste_run-4_echo-6_T2w,0.9590643048286438,0.9213483333587646,31,2,1,30,0.03333333333333333
AttUNet_checkpoint-48,otherscanners,ses-01,anat,sub-chuv152_ses-01_acq-haste_run-10_echo-1_T2w,0.8692054748535156,0.7686679363250732,16,2,1,15,0.06666666666666667
AttUNet_checkpoint-48,otherscanners,ses-01,anat,sub-chuv152_ses-01_acq-haste_run-10_echo-2_T2w,0.8671442270278931,0.7654498219490051,15,1,0,15,0.0
AttUNet_checkpoint-48,otherscanners,ses-01,anat,sub-chuv152_ses-01_acq-haste_run-10_echo-3_T2w,0.8663317561149597,0.7641845941543579,16,2,1,15,0.06666666666666667
AttUNet_checkpoint-48,otherscanners,ses-01,anat,sub-chuv152_ses-01_acq-haste_run-10_echo-4_T2w,0.8811174631118774,0.7874976992607117,16,1,0,16,0.0
AttUNet_checkpoint-48,otherscanners,ses-01,anat,sub-chuv152_ses-01_acq-haste_run-10_echo-5_T2w,0.8861533403396606,0.7955793142318726,16,1,0,16,0.0
AttUNet_checkpoint-48,otherscanners,ses-01,anat,sub-chuv152_ses-01_acq-haste_run-10_echo-6_T2w,0.8913118243217468,0.8039336800575256,21,5,2,16,0.125
AttUNet_checkpoint-48,otherscanners,ses-01,anat,sub-chuv152_ses-01_acq-haste_run-11_echo-1_T2w,0.7407506704330444,0.5882478356361389,14,5,1,10,0.1
AttUNet_checkpoint-48,otherscanners,ses-01,anat,sub-chuv152_ses-01_acq-haste_run-11_echo-2_T2w,0.7474181652069092,0.5967020392417908,17,5,3,10,0.3
AttUNet_checkpoint-48,otherscanners,ses-01,anat,sub-chuv152_ses-01_acq-haste_run-11_echo-3_T2w,0.7552391290664673,0.6067342758178711,15,4,3,10,0.3
AttUNet_checkpoint-48,otherscanners,ses-01,anat,sub-chuv152_ses-01_acq-haste_run-11_echo-4_T2w,0.750186562538147,0.6002388596534729,18,3,4,12,0.3333333333333333
AttUNet_checkpoint-48,otherscanners,ses-01,anat,sub-chuv152_ses-01_acq-haste_run-11_echo-5_T2w,0.7358400821685791,0.5820783376693726,22,5,5,13,0.38461538461538464
AttUNet_checkpoint-48,otherscanners,ses-01,anat,sub-chuv152_ses-01_acq-haste_run-11_echo-6_T2w,0.7099320888519287,0.550305962562561,30,5,7,15,0.4666666666666667
AttUNet_checkpoint-48,otherscanners,ses-01,anat,sub-chuv152_ses-01_acq-haste_run-12_echo-1_T2w,0.919464111328125,0.8509334325790405,13,1,0,13,0.0
AttUNet_checkpoint-48,otherscanners,ses-01,anat,sub-chuv152_ses-01_acq-haste_run-12_echo-2_T2w,0.9263396263122559,0.8627864718437195,14,2,1,13,0.07692307692307693
AttUNet_checkpoint-48,otherscanners,ses-01,anat,sub-chuv152_ses-01_acq-haste_run-12_echo-3_T2w,0.9286412000656128,0.8667882680892944,13,1,0,13,0.0
AttUNet_checkpoint-48,otherscanners,ses-01,anat,sub-chuv152_ses-01_acq-haste_run-12_echo-4_T2w,0.9302133917808533,0.8695317506790161,13,1,0,13,0.0
AttUNet_checkpoint-48,otherscanners,ses-01,anat,sub-chuv152_ses-01_acq-haste_run-12_echo-5_T2w,0.9307007789611816,0.8703838586807251,14,2,1,13,0.07692307692307693
AttUNet_checkpoint-48,otherscanners,ses-01,anat,sub-chuv152_ses-01_acq-haste_run-12_echo-6_T2w,0.9293345212936401,0.8679971098899841,14,2,1,13,0.07692307692307693
AttUNet_checkpoint-48,otherscanners,ses-01,anat,sub-chuv152_ses-01_acq-haste_run-13_echo-1_T2w,0.9265251159667969,0.8631083369255066,23,4,2,19,0.10526315789473684
AttUNet_checkpoint-48,otherscanners,ses-01,anat,sub-chuv152_ses-01_acq-haste_run-13_echo-2_T2w,0.9204537272453308,0.8526301383972168,24,6,1,19,0.05263157894736842
AttUNet_checkpoint-48,otherscanners,ses-01,anat,sub-chuv152_ses-01_acq-haste_run-13_echo-3_T2w,0.9190341830253601,0.8501973152160645,21,2,2,19,0.10526315789473684
AttUNet_checkpoint-48,otherscanners,ses-01,anat,sub-chuv152_ses-01_acq-haste_run-13_echo-4_T2w,0.924493134021759,0.8595883250236511,27,8,2,19,0.10526315789473684
AttUNet_checkpoint-48,otherscanners,ses-01,anat,sub-chuv152_ses-01_acq-haste_run-13_echo-5_T2w,0.9299423694610596,0.8690582513809204,19,1,0,19,0.0
AttUNet_checkpoint-48,otherscanners,ses-01,anat,sub-chuv152_ses-01_acq-haste_run-13_echo-6_T2w,0.9121248722076416,0.838446319103241,27,5,3,20,0.15
AttUNet_checkpoint-48,otherscanners,ses-01,anat,sub-chuv152_ses-01_acq-haste_run-14_echo-1_T2w,0.4615802764892578,0.3000353276729584,7,1,0,7,0.0
AttUNet_checkpoint-48,otherscanners,ses-01,anat,sub-chuv152_ses-01_acq-haste_run-14_echo-2_T2w,0.44143161177635193,0.28322890400886536,11,2,1,10,0.1
AttUNet_checkpoint-48,otherscanners,ses-01,anat,sub-chuv152_ses-01_acq-haste_run-14_echo-3_T2w,0.42795947194099426,0.2722318470478058,13,3,2,10,0.2
AttUNet_checkpoint-48,otherscanners,ses-01,anat,sub-chuv152_ses-01_acq-haste_run-14_echo-4_T2w,0.41607168316841125,0.2626834213733673,15,5,2,10,0.2
AttUNet_checkpoint-48,otherscanners,ses-01,anat,sub-chuv152_ses-01_acq-haste_run-14_echo-5_T2w,0.48109108209609985,0.31673464179039,17,4,2,13,0.15384615384615385
AttUNet_checkpoint-48,otherscanners,ses-01,anat,sub-chuv152_ses-01_acq-haste_run-14_echo-6_T2w,0.45947355031967163,0.2982574999332428,19,4,2,15,0.13333333333333333
AttUNet_checkpoint-48,otherscanners,ses-01,anat,sub-chuv152_ses-01_acq-haste_run-15_echo-1_T2w,0.7700912952423096,0.6261369585990906,16,1,0,16,0.0
AttUNet_checkpoint-48,otherscanners,ses-01,anat,sub-chuv152_ses-01_acq-haste_run-15_echo-2_T2w,0.7672350406646729,0.6223692893981934,16,1,0,16,0.0
AttUNet_checkpoint-48,otherscanners,ses-01,anat,sub-chuv152_ses-01_acq-haste_run-15_echo-3_T2w,0.7591772675514221,0.6118337512016296,17,2,1,16,0.0625
AttUNet_checkpoint-48,otherscanners,ses-01,anat,sub-chuv152_ses-01_acq-haste_run-15_echo-4_T2w,0.7449828386306763,0.5936036705970764,18,1,0,18,0.0
AttUNet_checkpoint-48,otherscanners,ses-01,anat,sub-chuv152_ses-01_acq-haste_run-15_echo-5_T2w,0.7513981461524963,0.6017916798591614,18,1,0,18,0.0
AttUNet_checkpoint-48,otherscanners,ses-01,anat,sub-chuv152_ses-01_acq-haste_run-15_echo-6_T2w,0.743705689907074,0.5919836759567261,18,1,0,18,0.0
AttUNet_checkpoint-48,otherscanners,ses-01,anat,sub-chuv152_ses-01_acq-haste_run-16_echo-1_T2w,0.7340357303619385,0.57982337474823,16,2,2,14,0.14285714285714285
AttUNet_checkpoint-48,otherscanners,ses-01,anat,sub-chuv152_ses-01_acq-haste_run-16_echo-2_T2w,0.7272199392318726,0.5713633894920349,17,3,2,14,0.14285714285714285
AttUNet_checkpoint-48,otherscanners,ses-01,anat,sub-chuv152_ses-01_acq-haste_run-16_echo-3_T2w,0.7250348329544067,0.5686703324317932,16,3,1,14,0.07142857142857142
AttUNet_checkpoint-48,otherscanners,ses-01,anat,sub-chuv152_ses-01_acq-haste_run-16_echo-4_T2w,0.7222367525100708,0.5652351975440979,16,3,1,14,0.07142857142857142
AttUNet_checkpoint-48,otherscanners,ses-01,anat,sub-chuv152_ses-01_acq-haste_run-16_echo-5_T2w,0.7086808085441589,0.5488037467002869,28,11,2,16,0.125
AttUNet_checkpoint-48,otherscanners,ses-01,anat,sub-chuv152_ses-01_acq-haste_run-16_echo-6_T2w,0.6825449466705322,0.5180783867835999,19,3,2,16,0.125
AttUNet_checkpoint-48,otherscanners,ses-01,anat,sub-chuv152_ses-01_acq-haste_run-1_echo-1_T2w,0.9649640917778015,0.9323001503944397,14,1,0,14,0.0
AttUNet_checkpoint-48,otherscanners,ses-01,anat,sub-chuv152_ses-01_acq-haste_run-1_echo-2_T2w,0.96614670753479,0.9345104694366455,14,1,0,14,0.0
AttUNet_checkpoint-48,otherscanners,ses-01,anat,sub-chuv152_ses-01_acq-haste_run-1_echo-3_T2w,0.9665198922157288,0.9352089762687683,14,1,0,14,0.0
AttUNet_checkpoint-48,otherscanners,ses-01,anat,sub-chuv152_ses-01_acq-haste_run-1_echo-4_T2w,0.9659823775291443,0.934203028678894,14,1,0,14,0.0
AttUNet_checkpoint-48,otherscanners,ses-01,anat,sub-chuv152_ses-01_acq-haste_run-1_echo-5_T2w,0.959757387638092,0.9226284623146057,16,2,1,15,0.06666666666666667
AttUNet_checkpoint-48,otherscanners,ses-01,anat,sub-chuv152_ses-01_acq-haste_run-1_echo-6_T2w,0.9541659355163574,0.912349283695221,17,2,2,15,0.13333333333333333
AttUNet_checkpoint-48,otherscanners,ses-01,anat,sub-chuv152_ses-01_acq-haste_run-2_echo-1_T2w,0.551541268825531,0.3807780146598816,20,4,3,14,0.21428571428571427
AttUNet_checkpoint-48,otherscanners,ses-01,anat,sub-chuv152_ses-01_acq-haste_run-2_echo-2_T2w,0.5434461832046509,0.3731040954589844,23,6,4,14,0.2857142857142857
AttUNet_checkpoint-48,otherscanners,ses-01,anat,sub-chuv152_ses-01_acq-haste_run-2_echo-3_T2w,0.5395445823669434,0.3694358170032501,20,3,3,14,0.21428571428571427
AttUNet_checkpoint-48,otherscanners,ses-01,anat,sub-chuv152_ses-01_acq-haste_run-2_echo-4_T2w,0.5464001297950745,0.3758944869041443,28,10,3,15,0.2
AttUNet_checkpoint-48,otherscanners,ses-01,anat,sub-chuv152_ses-01_acq-haste_run-2_echo-5_T2w,0.5970103740692139,0.42552727460861206,21,5,2,14,0.14285714285714285
AttUNet_checkpoint-48,otherscanners,ses-01,anat,sub-chuv152_ses-01_acq-haste_run-2_echo-6_T2w,0.6045065522193909,0.43318480253219604,20,4,3,14,0.21428571428571427
AttUNet_checkpoint-48,otherscanners,ses-01,anat,sub-chuv152_ses-01_acq-haste_run-3_echo-1_T2w,0.9263313412666321,0.8627720475196838,19,1,0,19,0.0
AttUNet_checkpoint-48,otherscanners,ses-01,anat,sub-chuv152_ses-01_acq-haste_run-3_echo-2_T2w,0.9292958974838257,0.8679296970367432,24,6,1,19,0.05263157894736842
AttUNet_checkpoint-48,otherscanners,ses-01,anat,sub-chuv152_ses-01_acq-haste_run-3_echo-3_T2w,0.9323054552078247,0.8731948733329773,28,9,2,19,0.10526315789473684
AttUNet_checkpoint-48,otherscanners,ses-01,anat,sub-chuv152_ses-01_acq-haste_run-3_echo-4_T2w,0.950133204460144,0.905003547668457,30,11,1,20,0.05
AttUNet_checkpoint-48,otherscanners,ses-01,anat,sub-chuv152_ses-01_acq-haste_run-3_echo-5_T2w,0.9090569019317627,0.8332762122154236,24,2,3,21,0.14285714285714285
AttUNet_checkpoint-48,otherscanners,ses-01,anat,sub-chuv152_ses-01_acq-haste_run-3_echo-6_T2w,0.9009544849395752,0.8197608590126038,24,3,1,22,0.045454545454545456
AttUNet_checkpoint-48,otherscanners,ses-01,anat,sub-chuv152_ses-01_acq-haste_run-4_echo-1_T2w,0.9645816087722778,0.9315863251686096,18,1,0,18,0.0
AttUNet_checkpoint-48,otherscanners,ses-01,anat,sub-chuv152_ses-01_acq-haste_run-4_echo-2_T2w,0.9630410671234131,0.9287167191505432,18,1,0,18,0.0
AttUNet_checkpoint-48,otherscanners,ses-01,anat,sub-chuv152_ses-01_acq-haste_run-4_echo-3_T2w,0.9628258943557739,0.928316593170166,18,1,0,18,0.0
AttUNet_checkpoint-48,otherscanners,ses-01,anat,sub-chuv152_ses-01_acq-haste_run-4_echo-4_T2w,0.9629552960395813,0.9285571575164795,18,1,0,18,0.0
AttUNet_checkpoint-48,otherscanners,ses-01,anat,sub-chuv152_ses-01_acq-haste_run-4_echo-5_T2w,0.9623274803161621,0.9273903369903564,18,1,0,18,0.0
AttUNet_checkpoint-48,otherscanners,ses-01,anat,sub-chuv152_ses-01_acq-haste_run-4_echo-6_T2w,0.9592105746269226,0.9216182827949524,18,1,0,18,0.0
AttUNet_checkpoint-48,otherscanners,ses-01,anat,sub-chuv152_ses-01_acq-haste_run-5_echo-1_T2w,0.9073260426521301,0.8303722143173218,34,8,3,18,0.16666666666666666
AttUNet_checkpoint-48,otherscanners,ses-01,anat,sub-chuv152_ses-01_acq-haste_run-5_echo-2_T2w,0.8931653499603271,0.8069546818733215,28,6,3,18,0.16666666666666666
AttUNet_checkpoint-48,otherscanners,ses-01,anat,sub-chuv152_ses-01_acq-haste_run-5_echo-3_T2w,0.8877770304679871,0.7982005476951599,23,4,3,18,0.16666666666666666
AttUNet_checkpoint-48,otherscanners,ses-01,anat,sub-chuv152_ses-01_acq-haste_run-5_echo-4_T2w,0.8863333463668823,0.7958695888519287,35,8,4,19,0.21052631578947367
AttUNet_checkpoint-48,otherscanners,ses-01,anat,sub-chuv152_ses-01_acq-haste_run-5_echo-5_T2w,0.8661327362060547,0.763874888420105,29,6,3,20,0.15
AttUNet_checkpoint-48,otherscanners,ses-01,anat,sub-chuv152_ses-01_acq-haste_run-5_echo-6_T2w,0.8540527820587158,0.7452811002731323,28,3,5,21,0.23809523809523808
AttUNet_checkpoint-48,otherscanners,ses-01,anat,sub-chuv152_ses-01_acq-haste_run-6_echo-1_T2w,0.6103544235229492,0.43921592831611633,29,6,7,11,0.6363636363636364
AttUNet_checkpoint-48,otherscanners,ses-01,anat,sub-chuv152_ses-01_acq-haste_run-6_echo-2_T2w,0.5519812703132629,0.38119760155677795,32,6,9,12,0.75
AttUNet_checkpoint-48,otherscanners,ses-01,anat,sub-chuv152_ses-01_acq-haste_run-6_echo-3_T2w,0.5207628607749939,0.35204824805259705,33,7,8,12,0.6666666666666666
AttUNet_checkpoint-48,otherscanners,ses-01,anat,sub-chuv152_ses-01_acq-haste_run-6_echo-4_T2w,0.5029587745666504,0.335968554019928,30,6,10,12,0.8333333333333334
AttUNet_checkpoint-48,otherscanners,ses-01,anat,sub-chuv152_ses-01_acq-haste_run-6_echo-5_T2w,0.501335620880127,0.334521621465683,35,7,10,13,0.7692307692307693
AttUNet_checkpoint-48,otherscanners,ses-01,anat,sub-chuv152_ses-01_acq-haste_run-6_echo-6_T2w,0.5043735504150391,0.3372322916984558,32,4,11,15,0.7333333333333333
AttUNet_checkpoint-48,otherscanners,ses-01,anat,sub-chuv152_ses-01_acq-haste_run-7_echo-1_T2w,0.9624068140983582,0.927537739276886,18,1,0,18,0.0
AttUNet_checkpoint-48,otherscanners,ses-01,anat,sub-chuv152_ses-01_acq-haste_run-7_echo-2_T2w,0.9630588889122009,0.9287498593330383,18,1,0,18,0.0
AttUNet_checkpoint-48,otherscanners,ses-01,anat,sub-chuv152_ses-01_acq-haste_run-7_echo-3_T2w,0.9635704159736633,0.9297018051147461,18,1,0,18,0.0
AttUNet_checkpoint-48,otherscanners,ses-01,anat,sub-chuv152_ses-01_acq-haste_run-7_echo-4_T2w,0.9580824971199036,0.9195377826690674,20,3,1,18,0.05555555555555555
AttUNet_checkpoint-48,otherscanners,ses-01,anat,sub-chuv152_ses-01_acq-haste_run-7_echo-5_T2w,0.9573161602020264,0.9181270003318787,17,1,0,17,0.0
AttUNet_checkpoint-48,otherscanners,ses-01,anat,sub-chuv152_ses-01_acq-haste_run-7_echo-6_T2w,0.9550643563270569,0.9139935374259949,17,1,0,17,0.0
AttUNet_checkpoint-48,otherscanners,ses-01,anat,sub-chuv152_ses-01_acq-haste_run-8_echo-1_T2w,0.8660433292388916,0.763735830783844,14,1,0,14,0.0
AttUNet_checkpoint-48,otherscanners,ses-01,anat,sub-chuv152_ses-01_acq-haste_run-8_echo-2_T2w,0.867070198059082,0.76533442735672,14,1,0,14,0.0
AttUNet_checkpoint-48,otherscanners,ses-01,anat,sub-chuv152_ses-01_acq-haste_run-8_echo-3_T2w,0.8676141500473022,0.7661824226379395,14,1,0,14,0.0
AttUNet_checkpoint-48,otherscanners,ses-01,anat,sub-chuv152_ses-01_acq-haste_run-8_echo-4_T2w,0.8920003175735474,0.8050546646118164,15,1,0,15,0.0
AttUNet_checkpoint-48,otherscanners,ses-01,anat,sub-chuv152_ses-01_acq-haste_run-8_echo-5_T2w,0.9009633660316467,0.8197755813598633,16,2,1,15,0.06666666666666667
AttUNet_checkpoint-48,otherscanners,ses-01,anat,sub-chuv152_ses-01_acq-haste_run-8_echo-6_T2w,0.9080348610877991,0.8315603733062744,17,2,1,16,0.0625
AttUNet_checkpoint-48,otherscanners,ses-01,anat,sub-chuv152_ses-01_acq-haste_run-9_echo-1_T2w,0.7383086681365967,0.5851737856864929,11,1,0,11,0.0
AttUNet_checkpoint-48,otherscanners,ses-01,anat,sub-chuv152_ses-01_acq-haste_run-9_echo-2_T2w,0.7298809289932251,0.5746555328369141,11,1,0,11,0.0
AttUNet_checkpoint-48,otherscanners,ses-01,anat,sub-chuv152_ses-01_acq-haste_run-9_echo-3_T2w,0.7244901657104492,0.5680004358291626,12,2,1,11,0.09090909090909091
AttUNet_checkpoint-48,otherscanners,ses-01,anat,sub-chuv152_ses-01_acq-haste_run-9_echo-4_T2w,0.7050544023513794,0.5444663763046265,12,1,0,12,0.0
AttUNet_checkpoint-48,otherscanners,ses-01,anat,sub-chuv152_ses-01_acq-haste_run-9_echo-5_T2w,0.6955236196517944,0.5331822633743286,16,4,1,13,0.07692307692307693
AttUNet_checkpoint-48,otherscanners,ses-01,anat,sub-chuv152_ses-01_acq-haste_run-9_echo-6_T2w,0.6836957931518555,0.5194056034088135,15,2,1,14,0.07142857142857142
AttUNet_checkpoint-48,otherscanners,ses-01,anat,sub-chuv154_ses-01_acq-haste_run-10_echo-1_T2w,0.9692100286483765,0.9402594566345215,23,2,1,22,0.045454545454545456
AttUNet_checkpoint-48,otherscanners,ses-01,anat,sub-chuv154_ses-01_acq-haste_run-10_echo-2_T2w,0.9680302739143372,0.9380413889884949,23,2,1,22,0.045454545454545456
AttUNet_checkpoint-48,otherscanners,ses-01,anat,sub-chuv154_ses-01_acq-haste_run-10_echo-3_T2w,0.967244565486908,0.936566948890686,22,1,0,22,0.0
AttUNet_checkpoint-48,otherscanners,ses-01,anat,sub-chuv154_ses-01_acq-haste_run-10_echo-4_T2w,0.965441107749939,0.9331910610198975,22,1,0,22,0.0
AttUNet_checkpoint-48,otherscanners,ses-01,anat,sub-chuv154_ses-01_acq-haste_run-10_echo-5_T2w,0.9635987281799316,0.9297544956207275,22,1,0,22,0.0
AttUNet_checkpoint-48,otherscanners,ses-01,anat,sub-chuv154_ses-01_acq-haste_run-10_echo-6_T2w,0.9623804688453674,0.9274887442588806,24,2,2,22,0.09090909090909091
AttUNet_checkpoint-48,otherscanners,ses-01,anat,sub-chuv154_ses-01_acq-haste_run-11_echo-1_T2w,0.9700264930725098,0.9417974948883057,23,2,1,22,0.045454545454545456
AttUNet_checkpoint-48,otherscanners,ses-01,anat,sub-chuv154_ses-01_acq-haste_run-11_echo-2_T2w,0.9690567851066589,0.9399710893630981,24,2,2,22,0.09090909090909091
AttUNet_checkpoint-48,otherscanners,ses-01,anat,sub-chuv154_ses-01_acq-haste_run-11_echo-3_T2w,0.9683272242546082,0.9385992288589478,24,2,2,22,0.09090909090909091
AttUNet_checkpoint-48,otherscanners,ses-01,anat,sub-chuv154_ses-01_acq-haste_run-11_echo-4_T2w,0.9673746228218079,0.9368108510971069,23,2,1,22,0.045454545454545456
AttUNet_checkpoint-48,otherscanners,ses-01,anat,sub-chuv154_ses-01_acq-haste_run-11_echo-5_T2w,0.9665350914001465,0.9352374076843262,23,2,1,22,0.045454545454545456
AttUNet_checkpoint-48,otherscanners,ses-01,anat,sub-chuv154_ses-01_acq-haste_run-11_echo-6_T2w,0.9651965498924255,0.9327341914176941,24,2,2,22,0.09090909090909091
AttUNet_checkpoint-48,otherscanners,ses-01,anat,sub-chuv154_ses-01_acq-haste_run-12_echo-5_T2w,0.9116911888122559,0.8377136588096619,10,1,0,10,0.0
AttUNet_checkpoint-48,otherscanners,ses-01,anat,sub-chuv154_ses-01_acq-haste_run-12_echo-6_T2w,0.9114385843276978,0.8372872471809387,9,1,0,9,0.0
AttUNet_checkpoint-48,otherscanners,ses-01,anat,sub-chuv154_ses-01_acq-haste_run-13_echo-1_T2w,0.9637051224708557,0.9299526214599609,26,4,3,20,0.15
AttUNet_checkpoint-48,otherscanners,ses-01,anat,sub-chuv154_ses-01_acq-haste_run-13_echo-2_T2w,0.9641088247299194,0.9307047128677368,24,2,4,20,0.2
AttUNet_checkpoint-48,otherscanners,ses-01,anat,sub-chuv154_ses-01_acq-haste_run-13_echo-3_T2w,0.9641898274421692,0.9308557510375977,23,2,3,20,0.15
AttUNet_checkpoint-48,otherscanners,ses-01,anat,sub-chuv154_ses-01_acq-haste_run-13_echo-4_T2w,0.9630632996559143,0.9287580847740173,21,2,1,20,0.05
AttUNet_checkpoint-48,otherscanners,ses-01,anat,sub-chuv154_ses-01_acq-haste_run-13_echo-5_T2w,0.9608816504478455,0.9247086048126221,21,2,1,20,0.05
AttUNet_checkpoint-48,otherscanners,ses-01,anat,sub-chuv154_ses-01_acq-haste_run-13_echo-6_T2w,0.9590352773666382,0.9212947487831116,24,3,2,21,0.09523809523809523
AttUNet_checkpoint-48,otherscanners,ses-01,anat,sub-chuv154_ses-01_acq-haste_run-14_echo-1_T2w,0.9686139225959778,0.9391381144523621,26,2,4,22,0.18181818181818182
AttUNet_checkpoint-48,otherscanners,ses-01,anat,sub-chuv154_ses-01_acq-haste_run-14_echo-2_T2w,0.9679750800132751,0.9379376769065857,26,2,4,22,0.18181818181818182
AttUNet_checkpoint-48,otherscanners,ses-01,anat,sub-chuv154_ses-01_acq-haste_run-14_echo-3_T2w,0.9673892259597778,0.9368381500244141,26,2,4,22,0.18181818181818182
AttUNet_checkpoint-48,otherscanners,ses-01,anat,sub-chuv154_ses-01_acq-haste_run-14_echo-4_T2w,0.9657934904098511,0.9338498115539551,27,2,5,22,0.22727272727272727
AttUNet_checkpoint-48,otherscanners,ses-01,anat,sub-chuv154_ses-01_acq-haste_run-14_echo-5_T2w,0.9631549715995789,0.928928554058075,25,2,3,22,0.13636363636363635
AttUNet_checkpoint-48,otherscanners,ses-01,anat,sub-chuv154_ses-01_acq-haste_run-14_echo-6_T2w,0.9588268995285034,0.9209101796150208,26,3,3,22,0.13636363636363635
AttUNet_checkpoint-48,otherscanners,ses-01,anat,sub-chuv154_ses-01_acq-haste_run-15_echo-1_T2w,0.9711634516716003,0.943943440914154,20,1,0,20,0.0
AttUNet_checkpoint-48,otherscanners,ses-01,anat,sub-chuv154_ses-01_acq-haste_run-15_echo-2_T2w,0.9701125025749207,0.9419597387313843,20,1,0,20,0.0
AttUNet_checkpoint-48,otherscanners,ses-01,anat,sub-chuv154_ses-01_acq-haste_run-15_echo-3_T2w,0.9693167209625244,0.9404603242874146,20,1,0,20,0.0
AttUNet_checkpoint-48,otherscanners,ses-01,anat,sub-chuv154_ses-01_acq-haste_run-15_echo-4_T2w,0.9673475623130798,0.9367600083351135,20,1,0,20,0.0
AttUNet_checkpoint-48,otherscanners,ses-01,anat,sub-chuv154_ses-01_acq-haste_run-15_echo-5_T2w,0.9647366404533386,0.9318756461143494,21,2,1,20,0.05
AttUNet_checkpoint-48,otherscanners,ses-01,anat,sub-chuv154_ses-01_acq-haste_run-15_echo-6_T2w,0.9615327715873718,0.9259154200553894,21,2,1,20,0.05
AttUNet_checkpoint-48,otherscanners,ses-01,anat,sub-chuv154_ses-01_acq-haste_run-16_echo-1_T2w,0.9719791412353516,0.9454858303070068,22,1,0,22,0.0
AttUNet_checkpoint-48,otherscanners,ses-01,anat,sub-chuv154_ses-01_acq-haste_run-16_echo-2_T2w,0.9713951349258423,0.9443812966346741,22,1,0,22,0.0
AttUNet_checkpoint-48,otherscanners,ses-01,anat,sub-chuv154_ses-01_acq-haste_run-16_echo-3_T2w,0.970981240272522,0.9435991644859314,22,1,0,22,0.0
AttUNet_checkpoint-48,otherscanners,ses-01,anat,sub-chuv154_ses-01_acq-haste_run-16_echo-4_T2w,0.9697051644325256,0.9411919116973877,22,1,0,22,0.0
AttUNet_checkpoint-48,otherscanners,ses-01,anat,sub-chuv154_ses-01_acq-haste_run-16_echo-5_T2w,0.9678055047988892,0.9376192688941956,22,1,0,22,0.0
AttUNet_checkpoint-48,otherscanners,ses-01,anat,sub-chuv154_ses-01_acq-haste_run-16_echo-6_T2w,0.965916097164154,0.9340790510177612,22,1,0,22,0.0
AttUNet_checkpoint-48,otherscanners,ses-01,anat,sub-chuv154_ses-01_acq-haste_run-1_echo-1_T2w,0.9464933276176453,0.8984217643737793,22,1,0,22,0.0
AttUNet_checkpoint-48,otherscanners,ses-01,anat,sub-chuv154_ses-01_acq-haste_run-1_echo-2_T2w,0.9456470012664795,0.8968979716300964,22,1,0,22,0.0
AttUNet_checkpoint-48,otherscanners,ses-01,anat,sub-chuv154_ses-01_acq-haste_run-1_echo-3_T2w,0.9448416233062744,0.8954501152038574,22,1,0,22,0.0
AttUNet_checkpoint-48,otherscanners,ses-01,anat,sub-chuv154_ses-01_acq-haste_run-1_echo-4_T2w,0.9432730078697205,0.8926364779472351,22,1,0,22,0.0
AttUNet_checkpoint-48,otherscanners,ses-01,anat,sub-chuv154_ses-01_acq-haste_run-1_echo-5_T2w,0.9421006441116333,0.8905389904975891,22,1,0,22,0.0
AttUNet_checkpoint-48,otherscanners,ses-01,anat,sub-chuv154_ses-01_acq-haste_run-1_echo-6_T2w,0.9411475658416748,0.8888373374938965,22,1,0,22,0.0
AttUNet_checkpoint-48,otherscanners,ses-01,anat,sub-chuv154_ses-01_acq-haste_run-2_echo-5_T2w,0.8898735046386719,0.8015965223312378,15,1,0,15,0.0
AttUNet_checkpoint-48,otherscanners,ses-01,anat,sub-chuv154_ses-01_acq-haste_run-2_echo-6_T2w,0.8896958827972412,0.8013083338737488,15,1,0,15,0.0
AttUNet_checkpoint-48,otherscanners,ses-01,anat,sub-chuv154_ses-01_acq-haste_run-3_echo-1_T2w,0.9471818804740906,0.8996633887290955,21,3,3,17,0.17647058823529413
AttUNet_checkpoint-48,otherscanners,ses-01,anat,sub-chuv154_ses-01_acq-haste_run-3_echo-2_T2w,0.946280837059021,0.8980389833450317,20,3,2,17,0.11764705882352941
AttUNet_checkpoint-48,otherscanners,ses-01,anat,sub-chuv154_ses-01_acq-haste_run-3_echo-3_T2w,0.9449409246444702,0.8956285119056702,21,4,2,17,0.11764705882352941
AttUNet_checkpoint-48,otherscanners,ses-01,anat,sub-chuv154_ses-01_acq-haste_run-3_echo-4_T2w,0.9424291253089905,0.8911262154579163,21,3,3,17,0.17647058823529413
AttUNet_checkpoint-48,otherscanners,ses-01,anat,sub-chuv154_ses-01_acq-haste_run-3_echo-5_T2w,0.937216579914093,0.8818510174751282,21,3,2,18,0.1111111111111111
AttUNet_checkpoint-48,otherscanners,ses-01,anat,sub-chuv154_ses-01_acq-haste_run-3_echo-6_T2w,0.9360255599021912,0.8797444105148315,20,2,3,17,0.17647058823529413
AttUNet_checkpoint-48,otherscanners,ses-01,anat,sub-chuv154_ses-01_acq-haste_run-4_echo-5_T2w,0.8096112608909607,0.6801233887672424,11,6,1,6,0.16666666666666666
AttUNet_checkpoint-48,otherscanners,ses-01,anat,sub-chuv154_ses-01_acq-haste_run-4_echo-6_T2w,0.8003121018409729,0.6671002507209778,6,1,0,6,0.0
AttUNet_checkpoint-48,otherscanners,ses-01,anat,sub-chuv154_ses-01_acq-haste_run-5_echo-1_T2w,0.958672046661377,0.9206244945526123,20,1,0,20,0.0
AttUNet_checkpoint-48,otherscanners,ses-01,anat,sub-chuv154_ses-01_acq-haste_run-5_echo-2_T2w,0.9589585661888123,0.9211530685424805,22,2,1,21,0.047619047619047616
AttUNet_checkpoint-48,otherscanners,ses-01,anat,sub-chuv154_ses-01_acq-haste_run-5_echo-3_T2w,0.959054708480835,0.9213305711746216,22,2,1,21,0.047619047619047616
AttUNet_checkpoint-48,otherscanners,ses-01,anat,sub-chuv154_ses-01_acq-haste_run-5_echo-4_T2w,0.9590474963188171,0.9213172793388367,20,1,0,20,0.0
AttUNet_checkpoint-48,otherscanners,ses-01,anat,sub-chuv154_ses-01_acq-haste_run-5_echo-5_T2w,0.9586108326911926,0.9205116629600525,20,1,0,20,0.0
AttUNet_checkpoint-48,otherscanners,ses-01,anat,sub-chuv154_ses-01_acq-haste_run-5_echo-6_T2w,0.9574666619300842,0.9184038639068604,21,2,1,20,0.05
AttUNet_checkpoint-48,otherscanners,ses-01,anat,sub-chuv154_ses-01_acq-haste_run-6_echo-1_T2w,0.9554420709609985,0.9146855473518372,20,1,0,20,0.0
AttUNet_checkpoint-48,otherscanners,ses-01,anat,sub-chuv154_ses-01_acq-haste_run-6_echo-2_T2w,0.95550936460495,0.9148089289665222,21,1,0,21,0.0
AttUNet_checkpoint-48,otherscanners,ses-01,anat,sub-chuv154_ses-01_acq-haste_run-6_echo-3_T2w,0.9562066793441772,0.9160881042480469,22,2,1,21,0.047619047619047616
AttUNet_checkpoint-48,otherscanners,ses-01,anat,sub-chuv154_ses-01_acq-haste_run-6_echo-4_T2w,0.9560192227363586,0.9157440662384033,21,1,0,21,0.0
AttUNet_checkpoint-48,otherscanners,ses-01,anat,sub-chuv154_ses-01_acq-haste_run-6_echo-5_T2w,0.9555908441543579,0.9149582982063293,21,1,0,21,0.0
AttUNet_checkpoint-48,otherscanners,ses-01,anat,sub-chuv154_ses-01_acq-haste_run-6_echo-6_T2w,0.9539355635643005,0.911928117275238,23,2,1,22,0.045454545454545456
AttUNet_checkpoint-48,otherscanners,ses-01,anat,sub-chuv154_ses-01_acq-haste_run-7_echo-1_T2w,0.9704994559288025,0.9426895976066589,22,1,0,22,0.0
AttUNet_checkpoint-48,otherscanners,ses-01,anat,sub-chuv154_ses-01_acq-haste_run-7_echo-2_T2w,0.9700484871864319,0.9418389797210693,23,2,1,22,0.045454545454545456
AttUNet_checkpoint-48,otherscanners,ses-01,anat,sub-chuv154_ses-01_acq-haste_run-7_echo-3_T2w,0.969558835029602,0.9409162998199463,22,1,0,22,0.0
AttUNet_checkpoint-48,otherscanners,ses-01,anat,sub-chuv154_ses-01_acq-haste_run-7_echo-4_T2w,0.9682432413101196,0.9384414553642273,22,1,0,22,0.0
AttUNet_checkpoint-48,otherscanners,ses-01,anat,sub-chuv154_ses-01_acq-haste_run-7_echo-5_T2w,0.9671895503997803,0.9364637136459351,22,1,0,22,0.0
AttUNet_checkpoint-48,otherscanners,ses-01,anat,sub-chuv154_ses-01_acq-haste_run-7_echo-6_T2w,0.9654093980789185,0.9331318140029907,24,2,2,22,0.09090909090909091
AttUNet_checkpoint-48,otherscanners,ses-01,anat,sub-chuv154_ses-01_acq-haste_run-8_echo-5_T2w,0.9642795920372009,0.931023120880127,10,1,0,10,0.0
AttUNet_checkpoint-48,otherscanners,ses-01,anat,sub-chuv154_ses-01_acq-haste_run-8_echo-6_T2w,0.963407576084137,0.9293986558914185,11,2,1,10,0.1
AttUNet_checkpoint-48,otherscanners,ses-01,anat,sub-chuv154_ses-01_acq-haste_run-9_echo-1_T2w,0.9731220006942749,0.9476509690284729,19,1,0,19,0.0
AttUNet_checkpoint-48,otherscanners,ses-01,anat,sub-chuv154_ses-01_acq-haste_run-9_echo-2_T2w,0.9725222587585449,0.9465141892433167,20,1,0,20,0.0
AttUNet_checkpoint-48,otherscanners,ses-01,anat,sub-chuv154_ses-01_acq-haste_run-9_echo-3_T2w,0.9717682600021362,0.9450867772102356,20,1,0,20,0.0
AttUNet_checkpoint-48,otherscanners,ses-01,anat,sub-chuv154_ses-01_acq-haste_run-9_echo-4_T2w,0.9702751040458679,0.9422663450241089,20,1,0,20,0.0
AttUNet_checkpoint-48,otherscanners,ses-01,anat,sub-chuv154_ses-01_acq-haste_run-9_echo-5_T2w,0.9674421548843384,0.9369375109672546,20,1,0,20,0.0
AttUNet_checkpoint-48,otherscanners,ses-01,anat,sub-chuv154_ses-01_acq-haste_run-9_echo-6_T2w,0.9643175005912781,0.9310937523841858,20,1,0,20,0.0
AttUNet_checkpoint-48,otherscanners,ses-01,anat,sub-chuv178_ses-01_acq-haste_run-10_echo-1_T2w,0.8126879930496216,0.6844772100448608,41,8,10,15,0.6666666666666666
AttUNet_checkpoint-48,otherscanners,ses-01,anat,sub-chuv178_ses-01_acq-haste_run-10_echo-2_T2w,0.8205991983413696,0.6957763433456421,42,9,11,15,0.7333333333333333
AttUNet_checkpoint-48,otherscanners,ses-01,anat,sub-chuv178_ses-01_acq-haste_run-10_echo-3_T2w,0.8149118423461914,0.6876381635665894,32,6,11,15,0.7333333333333333
AttUNet_checkpoint-48,otherscanners,ses-01,anat,sub-chuv178_ses-01_acq-haste_run-10_echo-4_T2w,0.7997015714645386,0.6662522554397583,42,7,9,17,0.5294117647058824
AttUNet_checkpoint-48,otherscanners,ses-01,anat,sub-chuv178_ses-01_acq-haste_run-10_echo-5_T2w,0.7801550030708313,0.6395525336265564,43,13,8,17,0.47058823529411764
AttUNet_checkpoint-48,otherscanners,ses-01,anat,sub-chuv178_ses-01_acq-haste_run-10_echo-6_T2w,0.7730931043624878,0.6301155686378479,26,5,5,17,0.29411764705882354
AttUNet_checkpoint-48,otherscanners,ses-01,anat,sub-chuv178_ses-01_acq-haste_run-11_echo-1_T2w,0.8499577641487122,0.7390665411949158,22,4,4,15,0.26666666666666666
AttUNet_checkpoint-48,otherscanners,ses-01,anat,sub-chuv178_ses-01_acq-haste_run-11_echo-2_T2w,0.8552685379981995,0.7471346259117126,22,4,3,15,0.2
AttUNet_checkpoint-48,otherscanners,ses-01,anat,sub-chuv178_ses-01_acq-haste_run-11_echo-3_T2w,0.8578206300735474,0.7510384321212769,20,4,2,15,0.13333333333333333
AttUNet_checkpoint-48,otherscanners,ses-01,anat,sub-chuv178_ses-01_acq-haste_run-11_echo-4_T2w,0.857369601726532,0.7503473162651062,29,6,3,15,0.2
AttUNet_checkpoint-48,otherscanners,ses-01,anat,sub-chuv178_ses-01_acq-haste_run-11_echo-5_T2w,0.8583080768585205,0.7517860531806946,26,4,5,17,0.29411764705882354
AttUNet_checkpoint-48,otherscanners,ses-01,anat,sub-chuv178_ses-01_acq-haste_run-11_echo-6_T2w,0.8420634865760803,0.7272104024887085,23,4,3,18,0.16666666666666666
AttUNet_checkpoint-48,otherscanners,ses-01,anat,sub-chuv178_ses-01_acq-haste_run-12_echo-1_T2w,0.8530243039131165,0.7437161207199097,20,5,3,14,0.21428571428571427
AttUNet_checkpoint-48,otherscanners,ses-01,anat,sub-chuv178_ses-01_acq-haste_run-12_echo-2_T2w,0.8524130582809448,0.7427873611450195,30,7,4,15,0.26666666666666666
AttUNet_checkpoint-48,otherscanners,ses-01,anat,sub-chuv178_ses-01_acq-haste_run-12_echo-3_T2w,0.855250895023346,0.747107744216919,33,10,5,15,0.3333333333333333
AttUNet_checkpoint-48,otherscanners,ses-01,anat,sub-chuv178_ses-01_acq-haste_run-12_echo-4_T2w,0.8715432286262512,0.772331953048706,34,10,3,15,0.2
AttUNet_checkpoint-48,otherscanners,ses-01,anat,sub-chuv178_ses-01_acq-haste_run-12_echo-5_T2w,0.8841109275817871,0.7922928333282471,19,3,2,16,0.125
AttUNet_checkpoint-48,otherscanners,ses-01,anat,sub-chuv178_ses-01_acq-haste_run-12_echo-6_T2w,0.8954691886901855,0.810723602771759,18,3,1,16,0.0625
AttUNet_checkpoint-48,otherscanners,ses-01,anat,sub-chuv178_ses-01_acq-haste_run-13_echo-1_T2w,0.911784827709198,0.8378718495368958,23,4,2,19,0.10526315789473684
AttUNet_checkpoint-48,otherscanners,ses-01,anat,sub-chuv178_ses-01_acq-haste_run-13_echo-2_T2w,0.9202471375465393,0.8522757291793823,24,5,2,19,0.10526315789473684
AttUNet_checkpoint-48,otherscanners,ses-01,anat,sub-chuv178_ses-01_acq-haste_run-13_echo-3_T2w,0.9217312335968018,0.8548251390457153,22,3,2,18,0.1111111111111111
AttUNet_checkpoint-48,otherscanners,ses-01,anat,sub-chuv178_ses-01_acq-haste_run-13_echo-4_T2w,0.9224991798400879,0.856147050857544,20,2,2,18,0.1111111111111111
AttUNet_checkpoint-48,otherscanners,ses-01,anat,sub-chuv178_ses-01_acq-haste_run-13_echo-5_T2w,0.9128074049949646,0.8396004438400269,26,5,3,18,0.16666666666666666
AttUNet_checkpoint-48,otherscanners,ses-01,anat,sub-chuv178_ses-01_acq-haste_run-13_echo-6_T2w,0.9025563597679138,0.8224170804023743,26,7,3,18,0.16666666666666666
AttUNet_checkpoint-48,otherscanners,ses-01,anat,sub-chuv178_ses-01_acq-haste_run-1_echo-1_T2w,0.9315297603607178,0.8718349933624268,25,4,3,19,0.15789473684210525
AttUNet_checkpoint-48,otherscanners,ses-01,anat,sub-chuv178_ses-01_acq-haste_run-1_echo-2_T2w,0.9275866746902466,0.8649526238441467,23,4,2,19,0.10526315789473684
AttUNet_checkpoint-48,otherscanners,ses-01,anat,sub-chuv178_ses-01_acq-haste_run-1_echo-3_T2w,0.9242813587188721,0.8592222332954407,22,4,2,18,0.1111111111111111
AttUNet_checkpoint-48,otherscanners,ses-01,anat,sub-chuv178_ses-01_acq-haste_run-1_echo-4_T2w,0.9229486584663391,0.8569217324256897,22,3,2,19,0.10526315789473684
AttUNet_checkpoint-48,otherscanners,ses-01,anat,sub-chuv178_ses-01_acq-haste_run-1_echo-5_T2w,0.9154999852180481,0.8441677689552307,24,4,3,19,0.15789473684210525
AttUNet_checkpoint-48,otherscanners,ses-01,anat,sub-chuv178_ses-01_acq-haste_run-1_echo-6_T2w,0.9098929166793823,0.8346821069717407,24,4,2,19,0.10526315789473684
AttUNet_checkpoint-48,otherscanners,ses-01,anat,sub-chuv178_ses-01_acq-haste_run-2_echo-1_T2w,0.9293220043182373,0.8679752349853516,14,1,0,14,0.0
AttUNet_checkpoint-48,otherscanners,ses-01,anat,sub-chuv178_ses-01_acq-haste_run-2_echo-2_T2w,0.928425669670105,0.8664126992225647,14,1,0,14,0.0
AttUNet_checkpoint-48,otherscanners,ses-01,anat,sub-chuv178_ses-01_acq-haste_run-2_echo-3_T2w,0.9284771084785461,0.8665023446083069,14,1,0,14,0.0
AttUNet_checkpoint-48,otherscanners,ses-01,anat,sub-chuv178_ses-01_acq-haste_run-2_echo-4_T2w,0.9279950261116028,0.8656629323959351,14,1,0,14,0.0
AttUNet_checkpoint-48,otherscanners,ses-01,anat,sub-chuv178_ses-01_acq-haste_run-2_echo-5_T2w,0.9279143214225769,0.8655225038528442,14,1,0,14,0.0
AttUNet_checkpoint-48,otherscanners,ses-01,anat,sub-chuv178_ses-01_acq-haste_run-2_echo-6_T2w,0.9279454350471497,0.8655766844749451,14,1,0,14,0.0
AttUNet_checkpoint-48,otherscanners,ses-01,anat,sub-chuv178_ses-01_acq-haste_run-3_echo-1_T2w,0.40624886751174927,0.25490105152130127,34,4,10,16,0.625
AttUNet_checkpoint-48,otherscanners,ses-01,anat,sub-chuv178_ses-01_acq-haste_run-3_echo-2_T2w,0.40550878643989563,0.25431862473487854,38,7,11,16,0.6875
AttUNet_checkpoint-48,otherscanners,ses-01,anat,sub-chuv178_ses-01_acq-haste_run-3_echo-3_T2w,0.41100865602493286,0.25866007804870605,35,4,10,16,0.625
AttUNet_checkpoint-48,otherscanners,ses-01,anat,sub-chuv178_ses-01_acq-haste_run-3_echo-4_T2w,0.4344124495983124,0.27747565507888794,41,6,11,17,0.6470588235294118
AttUNet_checkpoint-48,otherscanners,ses-01,anat,sub-chuv178_ses-01_acq-haste_run-3_echo-5_T2w,0.4741298258304596,0.3107275068759918,42,7,9,17,0.5294117647058824
AttUNet_checkpoint-48,otherscanners,ses-01,anat,sub-chuv178_ses-01_acq-haste_run-3_echo-6_T2w,0.5577600002288818,0.3867317736148834,54,10,9,17,0.5294117647058824
AttUNet_checkpoint-48,otherscanners,ses-01,anat,sub-chuv178_ses-01_acq-haste_run-4_echo-1_T2w,0.9564715623855591,0.9165745377540588,22,3,2,19,0.10526315789473684
AttUNet_checkpoint-48,otherscanners,ses-01,anat,sub-chuv178_ses-01_acq-haste_run-4_echo-2_T2w,0.9558823704719543,0.9154929518699646,19,2,1,18,0.05555555555555555
AttUNet_checkpoint-48,otherscanners,ses-01,anat,sub-chuv178_ses-01_acq-haste_run-4_echo-3_T2w,0.9553842544555664,0.9145796298980713,19,2,1,18,0.05555555555555555
AttUNet_checkpoint-48,otherscanners,ses-01,anat,sub-chuv178_ses-01_acq-haste_run-4_echo-4_T2w,0.9553273320198059,0.9144752621650696,20,3,1,18,0.05555555555555555
AttUNet_checkpoint-48,otherscanners,ses-01,anat,sub-chuv178_ses-01_acq-haste_run-4_echo-5_T2w,0.9558188319206238,0.9153764843940735,18,1,0,18,0.0
AttUNet_checkpoint-48,otherscanners,ses-01,anat,sub-chuv178_ses-01_acq-haste_run-4_echo-6_T2w,0.9555611610412598,0.9149038195610046,18,1,0,18,0.0
AttUNet_checkpoint-48,otherscanners,ses-01,anat,sub-chuv178_ses-01_acq-haste_run-5_echo-1_T2w,0.6826162338256836,0.5181605219841003,14,1,0,14,0.0
AttUNet_checkpoint-48,otherscanners,ses-01,anat,sub-chuv178_ses-01_acq-haste_run-5_echo-2_T2w,0.6809840202331543,0.5162818431854248,14,1,0,14,0.0
AttUNet_checkpoint-48,otherscanners,ses-01,anat,sub-chuv178_ses-01_acq-haste_run-5_echo-3_T2w,0.6792572140693665,0.5142993927001953,14,1,0,14,0.0
AttUNet_checkpoint-48,otherscanners,ses-01,anat,sub-chuv178_ses-01_acq-haste_run-5_echo-4_T2w,0.6750718951225281,0.5095158815383911,18,4,1,15,0.06666666666666667
AttUNet_checkpoint-48,otherscanners,ses-01,anat,sub-chuv178_ses-01_acq-haste_run-5_echo-5_T2w,0.6544602513313293,0.4863923490047455,22,4,2,17,0.11764705882352941
AttUNet_checkpoint-48,otherscanners,ses-01,anat,sub-chuv178_ses-01_acq-haste_run-5_echo-6_T2w,0.6031506061553955,0.43179360032081604,37,9,4,17,0.23529411764705882
AttUNet_checkpoint-48,otherscanners,ses-01,anat,sub-chuv178_ses-01_acq-haste_run-6_echo-1_T2w,0.939586877822876,0.886057436466217,23,3,3,19,0.15789473684210525
AttUNet_checkpoint-48,otherscanners,ses-01,anat,sub-chuv178_ses-01_acq-haste_run-6_echo-2_T2w,0.9396925568580627,0.8862453103065491,23,3,3,19,0.15789473684210525
AttUNet_checkpoint-48,otherscanners,ses-01,anat,sub-chuv178_ses-01_acq-haste_run-6_echo-3_T2w,0.9398321509361267,0.8864936828613281,23,3,3,19,0.15789473684210525
AttUNet_checkpoint-48,otherscanners,ses-01,anat,sub-chuv178_ses-01_acq-haste_run-6_echo-4_T2w,0.9398420453071594,0.8865113854408264,24,3,3,19,0.15789473684210525
AttUNet_checkpoint-48,otherscanners,ses-01,anat,sub-chuv178_ses-01_acq-haste_run-6_echo-5_T2w,0.9400283694267273,0.8868429064750671,24,3,3,19,0.15789473684210525
AttUNet_checkpoint-48,otherscanners,ses-01,anat,sub-chuv178_ses-01_acq-haste_run-6_echo-6_T2w,0.9387933015823364,0.8846469521522522,24,3,3,19,0.15789473684210525
AttUNet_checkpoint-48,otherscanners,ses-01,anat,sub-chuv178_ses-01_acq-haste_run-7_echo-1_T2w,0.9398569464683533,0.8865378499031067,22,4,3,17,0.17647058823529413
AttUNet_checkpoint-48,otherscanners,ses-01,anat,sub-chuv178_ses-01_acq-haste_run-7_echo-2_T2w,0.9406535029411316,0.887956440448761,23,6,2,17,0.11764705882352941
AttUNet_checkpoint-48,otherscanners,ses-01,anat,sub-chuv178_ses-01_acq-haste_run-7_echo-3_T2w,0.9402863383293152,0.8873022794723511,22,5,2,17,0.11764705882352941
AttUNet_checkpoint-48,otherscanners,ses-01,anat,sub-chuv178_ses-01_acq-haste_run-7_echo-4_T2w,0.9389135241508484,0.8848604559898376,23,5,2,18,0.1111111111111111
AttUNet_checkpoint-48,otherscanners,ses-01,anat,sub-chuv178_ses-01_acq-haste_run-7_echo-5_T2w,0.9350078105926514,0.8779481053352356,27,8,3,18,0.16666666666666666
AttUNet_checkpoint-48,otherscanners,ses-01,anat,sub-chuv178_ses-01_acq-haste_run-7_echo-6_T2w,0.9089168906211853,0.8330409526824951,24,5,3,17,0.17647058823529413
AttUNet_checkpoint-48,otherscanners,ses-01,anat,sub-chuv178_ses-01_acq-haste_run-8_echo-1_T2w,0.9536747932434082,0.9114516377449036,27,7,1,21,0.047619047619047616
AttUNet_checkpoint-48,otherscanners,ses-01,anat,sub-chuv178_ses-01_acq-haste_run-8_echo-2_T2w,0.9478672742843628,0.9009009003639221,25,4,2,21,0.09523809523809523
AttUNet_checkpoint-48,otherscanners,ses-01,anat,sub-chuv178_ses-01_acq-haste_run-8_echo-3_T2w,0.9465802311897278,0.8985783457756042,23,2,2,21,0.09523809523809523
AttUNet_checkpoint-48,otherscanners,ses-01,anat,sub-chuv178_ses-01_acq-haste_run-8_echo-4_T2w,0.9465572237968445,0.8985369205474854,23,2,2,21,0.09523809523809523
AttUNet_checkpoint-48,otherscanners,ses-01,anat,sub-chuv178_ses-01_acq-haste_run-8_echo-5_T2w,0.9466979503631592,0.8987905979156494,22,2,1,21,0.047619047619047616
AttUNet_checkpoint-48,otherscanners,ses-01,anat,sub-chuv178_ses-01_acq-haste_run-8_echo-6_T2w,0.9478507041931152,0.9008709192276001,22,2,1,21,0.047619047619047616
AttUNet_checkpoint-48,otherscanners,ses-01,anat,sub-chuv178_ses-01_acq-haste_run-9_echo-1_T2w,0.883306086063385,0.7910010814666748,15,1,0,15,0.0
AttUNet_checkpoint-48,otherscanners,ses-01,anat,sub-chuv178_ses-01_acq-haste_run-9_echo-2_T2w,0.881179690361023,0.787597119808197,15,1,0,15,0.0
AttUNet_checkpoint-48,otherscanners,ses-01,anat,sub-chuv178_ses-01_acq-haste_run-9_echo-3_T2w,0.8806958794593811,0.7868244051933289,15,1,0,15,0.0
AttUNet_checkpoint-48,otherscanners,ses-01,anat,sub-chuv178_ses-01_acq-haste_run-9_echo-4_T2w,0.8777923583984375,0.7822014093399048,15,1,0,15,0.0
AttUNet_checkpoint-48,otherscanners,ses-01,anat,sub-chuv178_ses-01_acq-haste_run-9_echo-5_T2w,0.8760989904403687,0.7795162200927734,15,1,0,15,0.0
AttUNet_checkpoint-48,otherscanners,ses-01,anat,sub-chuv178_ses-01_acq-haste_run-9_echo-6_T2w,0.8782846331596375,0.7829835414886475,15,1,0,15,0.0
AttUNet_checkpoint-48,otherscanners,ses-01,anat,sub-chuv198_ses-01_acq-haste_run-1_echo-1_T2w,0.9762094020843506,0.9535245299339294,25,1,0,25,0.0
AttUNet_checkpoint-48,otherscanners,ses-01,anat,sub-chuv198_ses-01_acq-haste_run-1_echo-2_T2w,0.9753356575965881,0.951858639717102,25,1,0,25,0.0
AttUNet_checkpoint-48,otherscanners,ses-01,anat,sub-chuv198_ses-01_acq-haste_run-1_echo-3_T2w,0.9741857647895813,0.9496707320213318,26,1,0,26,0.0
AttUNet_checkpoint-48,otherscanners,ses-01,anat,sub-chuv198_ses-01_acq-haste_run-1_echo-4_T2w,0.9696568250656128,0.9411008358001709,26,1,0,26,0.0
AttUNet_checkpoint-48,otherscanners,ses-01,anat,sub-chuv198_ses-01_acq-haste_run-1_echo-5_T2w,0.9651064872741699,0.9325659275054932,25,1,0,25,0.0
AttUNet_checkpoint-48,otherscanners,ses-01,anat,sub-chuv198_ses-01_acq-haste_run-1_echo-6_T2w,0.9594346284866333,0.9220319986343384,25,1,0,25,0.0
AttUNet_checkpoint-48,otherscanners,ses-01,anat,sub-chuv198_ses-01_acq-haste_run-2_echo-1_T2w,0.963953971862793,0.9304161071777344,31,3,3,27,0.1111111111111111
AttUNet_checkpoint-48,otherscanners,ses-01,anat,sub-chuv198_ses-01_acq-haste_run-2_echo-2_T2w,0.9684538841247559,0.9388371706008911,34,5,3,27,0.1111111111111111
AttUNet_checkpoint-48,otherscanners,ses-01,anat,sub-chuv198_ses-01_acq-haste_run-2_echo-3_T2w,0.9709882736206055,0.9436125159263611,31,3,3,27,0.1111111111111111
AttUNet_checkpoint-48,otherscanners,ses-01,anat,sub-chuv198_ses-01_acq-haste_run-2_echo-4_T2w,0.9646381735801697,0.9316918253898621,31,3,3,27,0.1111111111111111
AttUNet_checkpoint-48,otherscanners,ses-01,anat,sub-chuv198_ses-01_acq-haste_run-2_echo-5_T2w,0.9463297128677368,0.898127019405365,34,3,4,27,0.14814814814814814
AttUNet_checkpoint-48,otherscanners,ses-01,anat,sub-chuv198_ses-01_acq-haste_run-2_echo-6_T2w,0.9277197122573853,0.86518394947052,37,4,7,27,0.25925925925925924
AttUNet_checkpoint-48,otherscanners,ses-01,anat,sub-chuv210_ses-01_acq-haste_run-1_echo-1_T2w,0.9737188816070557,0.948783814907074,30,1,0,30,0.0
AttUNet_checkpoint-48,otherscanners,ses-01,anat,sub-chuv210_ses-01_acq-haste_run-1_echo-2_T2w,0.9725685715675354,0.946601927280426,30,1,0,30,0.0
AttUNet_checkpoint-48,otherscanners,ses-01,anat,sub-chuv210_ses-01_acq-haste_run-1_echo-3_T2w,0.9716405868530273,0.9448453783988953,30,1,0,30,0.0
AttUNet_checkpoint-48,otherscanners,ses-01,anat,sub-chuv210_ses-01_acq-haste_run-1_echo-4_T2w,0.9694473147392273,0.940706193447113,30,1,0,30,0.0
AttUNet_checkpoint-48,otherscanners,ses-01,anat,sub-chuv210_ses-01_acq-haste_run-1_echo-5_T2w,0.9655463695526123,0.9333877563476562,33,4,1,30,0.03333333333333333
AttUNet_checkpoint-48,otherscanners,ses-01,anat,sub-chuv210_ses-01_acq-haste_run-1_echo-6_T2w,0.9584124684333801,0.9201458692550659,32,2,2,30,0.06666666666666667
AttUNet_checkpoint-48,otherscanners,ses-01,anat,sub-chuv210_ses-01_acq-haste_run-2_echo-1_T2w,0.9734781384468079,0.9483267068862915,27,4,3,22,0.13636363636363635
AttUNet_checkpoint-48,otherscanners,ses-01,anat,sub-chuv210_ses-01_acq-haste_run-2_echo-2_T2w,0.9725649952888489,0.9465951323509216,25,2,3,22,0.13636363636363635
AttUNet_checkpoint-48,otherscanners,ses-01,anat,sub-chuv210_ses-01_acq-haste_run-2_echo-3_T2w,0.9719734191894531,0.9454749822616577,24,2,2,22,0.09090909090909091
AttUNet_checkpoint-48,otherscanners,ses-01,anat,sub-chuv210_ses-01_acq-haste_run-2_echo-4_T2w,0.9714750647544861,0.9445323348045349,24,2,2,22,0.09090909090909091
AttUNet_checkpoint-48,otherscanners,ses-01,anat,sub-chuv210_ses-01_acq-haste_run-2_echo-5_T2w,0.9694762825965881,0.9407607913017273,24,2,2,22,0.09090909090909091
AttUNet_checkpoint-48,otherscanners,ses-01,anat,sub-chuv210_ses-01_acq-haste_run-2_echo-6_T2w,0.9677882790565491,0.9375870227813721,24,2,2,22,0.09090909090909091
AttUNet_checkpoint-48,otherscanners,ses-01,anat,sub-chuv210_ses-01_acq-haste_run-3_echo-1_T2w,0.9771019220352173,0.9552289843559265,26,1,0,26,0.0
AttUNet_checkpoint-48,otherscanners,ses-01,anat,sub-chuv210_ses-01_acq-haste_run-3_echo-2_T2w,0.9753769040107727,0.951937198638916,26,1,0,26,0.0
AttUNet_checkpoint-48,otherscanners,ses-01,anat,sub-chuv210_ses-01_acq-haste_run-3_echo-3_T2w,0.9735458493232727,0.9484553337097168,26,1,0,26,0.0
AttUNet_checkpoint-48,otherscanners,ses-01,anat,sub-chuv210_ses-01_acq-haste_run-3_echo-4_T2w,0.9693059325218201,0.9404399991035461,26,1,0,26,0.0
AttUNet_checkpoint-48,otherscanners,ses-01,anat,sub-chuv210_ses-01_acq-haste_run-3_echo-5_T2w,0.9658074378967285,0.9338758587837219,25,1,0,25,0.0
AttUNet_checkpoint-48,otherscanners,ses-01,anat,sub-chuv210_ses-01_acq-haste_run-3_echo-6_T2w,0.9607252478599548,0.9244189262390137,26,1,0,26,0.0
AttUNet_checkpoint-48,otherscanners,ses-01,anat,sub-chuv210_ses-01_acq-haste_run-4_echo-1_T2w,0.9744954109191895,0.9502595067024231,24,3,2,21,0.09523809523809523
AttUNet_checkpoint-48,otherscanners,ses-01,anat,sub-chuv210_ses-01_acq-haste_run-4_echo-2_T2w,0.9731758832931519,0.9477532505989075,25,3,3,21,0.14285714285714285
AttUNet_checkpoint-48,otherscanners,ses-01,anat,sub-chuv210_ses-01_acq-haste_run-4_echo-3_T2w,0.9726070165634155,0.9466747641563416,23,3,1,21,0.047619047619047616
AttUNet_checkpoint-48,otherscanners,ses-01,anat,sub-chuv210_ses-01_acq-haste_run-4_echo-4_T2w,0.9721716046333313,0.945850133895874,23,3,1,21,0.047619047619047616
AttUNet_checkpoint-48,otherscanners,ses-01,anat,sub-chuv210_ses-01_acq-haste_run-4_echo-5_T2w,0.970591127872467,0.9428625702857971,23,3,1,21,0.047619047619047616
AttUNet_checkpoint-48,otherscanners,ses-01,anat,sub-chuv210_ses-01_acq-haste_run-4_echo-6_T2w,0.9660327434539795,0.9342972636222839,24,3,1,22,0.045454545454545456
AttUNet_checkpoint-48,otherscanners,ses-01,anat,sub-chuv210_ses-01_acq-haste_run-5_echo-1_T2w,0.9751720428466797,0.9515470266342163,26,1,0,26,0.0
AttUNet_checkpoint-48,otherscanners,ses-01,anat,sub-chuv210_ses-01_acq-haste_run-5_echo-2_T2w,0.9727556705474854,0.94695645570755,26,1,0,26,0.0
AttUNet_checkpoint-48,otherscanners,ses-01,anat,sub-chuv210_ses-01_acq-haste_run-5_echo-3_T2w,0.9709158539772034,0.9434756636619568,26,1,0,26,0.0
AttUNet_checkpoint-48,otherscanners,ses-01,anat,sub-chuv210_ses-01_acq-haste_run-5_echo-4_T2w,0.9675212502479553,0.9370858669281006,26,1,0,26,0.0
AttUNet_checkpoint-48,otherscanners,ses-01,anat,sub-chuv210_ses-01_acq-haste_run-5_echo-5_T2w,0.9640023112297058,0.9305062294006348,26,1,0,26,0.0
AttUNet_checkpoint-48,otherscanners,ses-01,anat,sub-chuv210_ses-01_acq-haste_run-5_echo-6_T2w,0.9597070217132568,0.9225353002548218,29,3,2,26,0.07692307692307693
AttUNet_checkpoint-48,otherscanners,ses-01,anat,sub-chuv210_ses-01_acq-haste_run-6_echo-1_T2w,0.9722516536712646,0.9460016489028931,30,1,0,30,0.0
AttUNet_checkpoint-48,otherscanners,ses-01,anat,sub-chuv210_ses-01_acq-haste_run-6_echo-2_T2w,0.9711642861366272,0.9439449906349182,30,1,0,30,0.0
AttUNet_checkpoint-48,otherscanners,ses-01,anat,sub-chuv210_ses-01_acq-haste_run-6_echo-3_T2w,0.9700228571891785,0.9417906403541565,30,1,0,30,0.0
AttUNet_checkpoint-48,otherscanners,ses-01,anat,sub-chuv210_ses-01_acq-haste_run-6_echo-4_T2w,0.966105580329895,0.9344335198402405,31,2,1,30,0.03333333333333333
AttUNet_checkpoint-48,otherscanners,ses-01,anat,sub-chuv210_ses-01_acq-haste_run-6_echo-5_T2w,0.9633224606513977,0.9292401671409607,30,1,0,30,0.0
AttUNet_checkpoint-48,otherscanners,ses-01,anat,sub-chuv210_ses-01_acq-haste_run-6_echo-6_T2w,0.9607993364334106,0.9245560765266418,31,2,1,30,0.03333333333333333
AttUNet_checkpoint-48,otherscanners,ses-01,anat,sub-chuv211_ses-01_acq-haste_run-10_echo-1_T2w,0.5732618570327759,0.40179893374443054,32,4,8,19,0.42105263157894735
AttUNet_checkpoint-48,otherscanners,ses-01,anat,sub-chuv211_ses-01_acq-haste_run-10_echo-2_T2w,0.5635687112808228,0.39233946800231934,34,7,7,19,0.3684210526315789
AttUNet_checkpoint-48,otherscanners,ses-01,anat,sub-chuv211_ses-01_acq-haste_run-10_echo-3_T2w,0.5575151443481445,0.38649633526802063,30,4,8,19,0.42105263157894735
AttUNet_checkpoint-48,otherscanners,ses-01,anat,sub-chuv211_ses-01_acq-haste_run-10_echo-4_T2w,0.5420342683792114,0.3717743456363678,29,3,8,19,0.42105263157894735
AttUNet_checkpoint-48,otherscanners,ses-01,anat,sub-chuv211_ses-01_acq-haste_run-10_echo-5_T2w,0.5137593746185303,0.34567713737487793,34,6,7,19,0.3684210526315789
AttUNet_checkpoint-48,otherscanners,ses-01,anat,sub-chuv211_ses-01_acq-haste_run-10_echo-6_T2w,0.4908711314201355,0.32526788115501404,42,8,8,19,0.42105263157894735
AttUNet_checkpoint-48,otherscanners,ses-01,anat,sub-chuv211_ses-01_acq-haste_run-11_echo-1_T2w,0.8659172058105469,0.7635396718978882,31,9,4,15,0.26666666666666666
AttUNet_checkpoint-48,otherscanners,ses-01,anat,sub-chuv211_ses-01_acq-haste_run-11_echo-2_T2w,0.8546571135520935,0.7462019324302673,19,5,1,15,0.06666666666666667
AttUNet_checkpoint-48,otherscanners,ses-01,anat,sub-chuv211_ses-01_acq-haste_run-11_echo-3_T2w,0.8545661568641663,0.746063232421875,18,3,3,14,0.21428571428571427
AttUNet_checkpoint-48,otherscanners,ses-01,anat,sub-chuv211_ses-01_acq-haste_run-11_echo-4_T2w,0.8553675413131714,0.7472857236862183,16,2,2,14,0.14285714285714285
AttUNet_checkpoint-48,otherscanners,ses-01,anat,sub-chuv211_ses-01_acq-haste_run-11_echo-5_T2w,0.8524482846260071,0.7428408265113831,17,2,4,13,0.3076923076923077
AttUNet_checkpoint-48,otherscanners,ses-01,anat,sub-chuv211_ses-01_acq-haste_run-11_echo-6_T2w,0.8482632637023926,0.7365079522132874,19,3,4,14,0.2857142857142857
AttUNet_checkpoint-48,otherscanners,ses-01,anat,sub-chuv211_ses-01_acq-haste_run-12_echo-1_T2w,0.9474912881851196,0.9002217650413513,26,3,4,21,0.19047619047619047
AttUNet_checkpoint-48,otherscanners,ses-01,anat,sub-chuv211_ses-01_acq-haste_run-12_echo-2_T2w,0.9462751150131226,0.8980286717414856,25,3,3,21,0.14285714285714285
AttUNet_checkpoint-48,otherscanners,ses-01,anat,sub-chuv211_ses-01_acq-haste_run-12_echo-3_T2w,0.9458591341972351,0.8972796201705933,26,3,4,21,0.19047619047619047
AttUNet_checkpoint-48,otherscanners,ses-01,anat,sub-chuv211_ses-01_acq-haste_run-12_echo-4_T2w,0.9457641243934631,0.8971086144447327,24,2,3,21,0.14285714285714285
AttUNet_checkpoint-48,otherscanners,ses-01,anat,sub-chuv211_ses-01_acq-haste_run-12_echo-5_T2w,0.9466095566749573,0.89863121509552,27,3,4,22,0.18181818181818182
AttUNet_checkpoint-48,otherscanners,ses-01,anat,sub-chuv211_ses-01_acq-haste_run-12_echo-6_T2w,0.949492335319519,0.9038414359092712,29,6,3,22,0.13636363636363635
AttUNet_checkpoint-48,otherscanners,ses-01,anat,sub-chuv211_ses-01_acq-haste_run-13_echo-1_T2w,0.9635220766067505,0.9296118021011353,29,2,1,28,0.03571428571428571
AttUNet_checkpoint-48,otherscanners,ses-01,anat,sub-chuv211_ses-01_acq-haste_run-13_echo-2_T2w,0.9624038934707642,0.9275322556495667,30,2,2,28,0.07142857142857142
AttUNet_checkpoint-48,otherscanners,ses-01,anat,sub-chuv211_ses-01_acq-haste_run-13_echo-3_T2w,0.9620461463928223,0.9268679022789001,30,2,2,28,0.07142857142857142
AttUNet_checkpoint-48,otherscanners,ses-01,anat,sub-chuv211_ses-01_acq-haste_run-13_echo-4_T2w,0.9617248773574829,0.9262716770172119,28,1,0,28,0.0
AttUNet_checkpoint-48,otherscanners,ses-01,anat,sub-chuv211_ses-01_acq-haste_run-13_echo-5_T2w,0.9613227248191833,0.925525963306427,28,1,0,28,0.0
AttUNet_checkpoint-48,otherscanners,ses-01,anat,sub-chuv211_ses-01_acq-haste_run-13_echo-6_T2w,0.9602649807929993,0.923566997051239,28,1,0,28,0.0
AttUNet_checkpoint-48,otherscanners,ses-01,anat,sub-chuv211_ses-01_acq-haste_run-14_echo-1_T2w,0.8821009993553162,0.7890704274177551,49,8,9,24,0.375
AttUNet_checkpoint-48,otherscanners,ses-01,anat,sub-chuv211_ses-01_acq-haste_run-14_echo-2_T2w,0.8651552796363831,0.762355625629425,41,6,9,24,0.375
AttUNet_checkpoint-48,otherscanners,ses-01,anat,sub-chuv211_ses-01_acq-haste_run-14_echo-3_T2w,0.8529441356658936,0.743594229221344,55,15,9,25,0.36
AttUNet_checkpoint-48,otherscanners,ses-01,anat,sub-chuv211_ses-01_acq-haste_run-14_echo-4_T2w,0.824794352054596,0.7018297910690308,43,5,11,25,0.44
AttUNet_checkpoint-48,otherscanners,ses-01,anat,sub-chuv211_ses-01_acq-haste_run-14_echo-5_T2w,0.8064512610435486,0.6756751537322998,47,7,12,25,0.48
AttUNet_checkpoint-48,otherscanners,ses-01,anat,sub-chuv211_ses-01_acq-haste_run-14_echo-6_T2w,0.7943617105484009,0.6588723063468933,53,8,11,26,0.4230769230769231
AttUNet_checkpoint-48,otherscanners,ses-01,anat,sub-chuv211_ses-01_acq-haste_run-15_echo-1_T2w,0.6768991351127625,0.5116005539894104,89,15,19,24,0.7916666666666666
AttUNet_checkpoint-48,otherscanners,ses-01,anat,sub-chuv211_ses-01_acq-haste_run-15_echo-2_T2w,0.681819498538971,0.5172429084777832,91,16,19,24,0.7916666666666666
AttUNet_checkpoint-48,otherscanners,ses-01,anat,sub-chuv211_ses-01_acq-haste_run-15_echo-3_T2w,0.6831107139587402,0.5187305808067322,96,18,17,24,0.7083333333333334
AttUNet_checkpoint-48,otherscanners,ses-01,anat,sub-chuv211_ses-01_acq-haste_run-15_echo-4_T2w,0.6857069134712219,0.5217305421829224,82,16,16,24,0.6666666666666666
AttUNet_checkpoint-48,otherscanners,ses-01,anat,sub-chuv211_ses-01_acq-haste_run-15_echo-5_T2w,0.6900623440742493,0.5267902612686157,82,15,16,24,0.6666666666666666
AttUNet_checkpoint-48,otherscanners,ses-01,anat,sub-chuv211_ses-01_acq-haste_run-15_echo-6_T2w,0.6959010362625122,0.5336259007453918,88,12,17,24,0.7083333333333334
AttUNet_checkpoint-48,otherscanners,ses-01,anat,sub-chuv211_ses-01_acq-haste_run-1_echo-1_T2w,0.6085020899772644,0.43730002641677856,30,4,4,23,0.17391304347826086
AttUNet_checkpoint-48,otherscanners,ses-01,anat,sub-chuv211_ses-01_acq-haste_run-1_echo-2_T2w,0.6101441979408264,0.43899819254875183,33,6,5,22,0.22727272727272727
AttUNet_checkpoint-48,otherscanners,ses-01,anat,sub-chuv211_ses-01_acq-haste_run-1_echo-3_T2w,0.6099100708961487,0.4387558400630951,39,5,7,22,0.3181818181818182
AttUNet_checkpoint-48,otherscanners,ses-01,anat,sub-chuv211_ses-01_acq-haste_run-1_echo-4_T2w,0.5974874496459961,0.42601218819618225,34,4,6,21,0.2857142857142857
AttUNet_checkpoint-48,otherscanners,ses-01,anat,sub-chuv211_ses-01_acq-haste_run-1_echo-5_T2w,0.5651665925979614,0.39389005303382874,33,4,6,20,0.3
AttUNet_checkpoint-48,otherscanners,ses-01,anat,sub-chuv211_ses-01_acq-haste_run-1_echo-6_T2w,0.5541541576385498,0.38327330350875854,34,5,8,19,0.42105263157894735
AttUNet_checkpoint-48,otherscanners,ses-01,anat,sub-chuv211_ses-01_acq-haste_run-2_echo-1_T2w,0.9655414819717407,0.9333786368370056,20,1,0,20,0.0
AttUNet_checkpoint-48,otherscanners,ses-01,anat,sub-chuv211_ses-01_acq-haste_run-2_echo-2_T2w,0.9620600938796997,0.9268938899040222,20,1,0,20,0.0
AttUNet_checkpoint-48,otherscanners,ses-01,anat,sub-chuv211_ses-01_acq-haste_run-2_echo-3_T2w,0.9599267840385437,0.9229415655136108,20,1,0,20,0.0
AttUNet_checkpoint-48,otherscanners,ses-01,anat,sub-chuv211_ses-01_acq-haste_run-2_echo-4_T2w,0.9565889239311218,0.9167900681495667,20,1,0,20,0.0
AttUNet_checkpoint-48,otherscanners,ses-01,anat,sub-chuv211_ses-01_acq-haste_run-2_echo-5_T2w,0.9533378481864929,0.9108362197875977,20,1,0,20,0.0
AttUNet_checkpoint-48,otherscanners,ses-01,anat,sub-chuv211_ses-01_acq-haste_run-2_echo-6_T2w,0.94990074634552,0.9045819044113159,20,1,0,20,0.0
AttUNet_checkpoint-48,otherscanners,ses-01,anat,sub-chuv211_ses-01_acq-haste_run-3_echo-1_T2w,0.7103433609008789,0.5508003830909729,32,13,4,13,0.3076923076923077
AttUNet_checkpoint-48,otherscanners,ses-01,anat,sub-chuv211_ses-01_acq-haste_run-3_echo-2_T2w,0.6944537162780762,0.5319257974624634,18,5,2,12,0.16666666666666666
AttUNet_checkpoint-48,otherscanners,ses-01,anat,sub-chuv211_ses-01_acq-haste_run-3_echo-3_T2w,0.6904469132423401,0.5272386074066162,18,4,2,12,0.16666666666666666
AttUNet_checkpoint-48,otherscanners,ses-01,anat,sub-chuv211_ses-01_acq-haste_run-3_echo-4_T2w,0.6860551834106445,0.5221338868141174,14,3,1,12,0.08333333333333333
AttUNet_checkpoint-48,otherscanners,ses-01,anat,sub-chuv211_ses-01_acq-haste_run-3_echo-5_T2w,0.6482449173927307,0.47955796122550964,24,8,3,12,0.25
AttUNet_checkpoint-48,otherscanners,ses-01,anat,sub-chuv211_ses-01_acq-haste_run-3_echo-6_T2w,0.619240939617157,0.448478639125824,22,7,2,13,0.15384615384615385
AttUNet_checkpoint-48,otherscanners,ses-01,anat,sub-chuv211_ses-01_acq-haste_run-4_echo-1_T2w,0.7549970149993896,0.6064218282699585,21,5,3,13,0.23076923076923078
AttUNet_checkpoint-48,otherscanners,ses-01,anat,sub-chuv211_ses-01_acq-haste_run-4_echo-2_T2w,0.748284101486206,0.5978066921234131,15,3,2,12,0.16666666666666666
AttUNet_checkpoint-48,otherscanners,ses-01,anat,sub-chuv211_ses-01_acq-haste_run-4_echo-3_T2w,0.7394168972969055,0.5865674018859863,15,3,2,12,0.16666666666666666
AttUNet_checkpoint-48,otherscanners,ses-01,anat,sub-chuv211_ses-01_acq-haste_run-4_echo-4_T2w,0.7172686457633972,0.5591729283332825,15,3,2,12,0.16666666666666666
AttUNet_checkpoint-48,otherscanners,ses-01,anat,sub-chuv211_ses-01_acq-haste_run-4_echo-5_T2w,0.6873107552528381,0.5235898494720459,14,2,2,12,0.16666666666666666
AttUNet_checkpoint-48,otherscanners,ses-01,anat,sub-chuv211_ses-01_acq-haste_run-4_echo-6_T2w,0.6493819355964661,0.4808034896850586,20,4,4,12,0.3333333333333333
AttUNet_checkpoint-48,otherscanners,ses-01,anat,sub-chuv211_ses-01_acq-haste_run-5_echo-1_T2w,0.49782243371009827,0.3314005434513092,21,4,5,10,0.5
AttUNet_checkpoint-48,otherscanners,ses-01,anat,sub-chuv211_ses-01_acq-haste_run-5_echo-2_T2w,0.5100546479225159,0.3423311114311218,32,11,6,10,0.6
AttUNet_checkpoint-48,otherscanners,ses-01,anat,sub-chuv211_ses-01_acq-haste_run-5_echo-3_T2w,0.5066362619400024,0.33925843238830566,15,3,5,9,0.5555555555555556
AttUNet_checkpoint-48,otherscanners,ses-01,anat,sub-chuv211_ses-01_acq-haste_run-5_echo-4_T2w,0.4946717619895935,0.32861390709877014,20,4,6,9,0.6666666666666666
AttUNet_checkpoint-48,otherscanners,ses-01,anat,sub-chuv211_ses-01_acq-haste_run-5_echo-5_T2w,0.4898865520954132,0.3244038224220276,19,4,5,9,0.5555555555555556
AttUNet_checkpoint-48,otherscanners,ses-01,anat,sub-chuv211_ses-01_acq-haste_run-5_echo-6_T2w,0.49643105268478394,0.3301684856414795,16,3,6,9,0.6666666666666666
AttUNet_checkpoint-48,otherscanners,ses-01,anat,sub-chuv211_ses-01_acq-haste_run-6_echo-1_T2w,0.7739545106887817,0.631260871887207,32,4,7,19,0.3684210526315789
AttUNet_checkpoint-48,otherscanners,ses-01,anat,sub-chuv211_ses-01_acq-haste_run-6_echo-2_T2w,0.7819788455963135,0.6420076489448547,35,4,9,19,0.47368421052631576
AttUNet_checkpoint-48,otherscanners,ses-01,anat,sub-chuv211_ses-01_acq-haste_run-6_echo-3_T2w,0.7879152894020081,0.6500496864318848,28,3,6,18,0.3333333333333333
AttUNet_checkpoint-48,otherscanners,ses-01,anat,sub-chuv211_ses-01_acq-haste_run-6_echo-4_T2w,0.7961049675941467,0.6612743735313416,35,6,6,20,0.3
AttUNet_checkpoint-48,otherscanners,ses-01,anat,sub-chuv211_ses-01_acq-haste_run-6_echo-5_T2w,0.7967153787612915,0.6621171236038208,36,5,9,19,0.47368421052631576
AttUNet_checkpoint-48,otherscanners,ses-01,anat,sub-chuv211_ses-01_acq-haste_run-6_echo-6_T2w,0.7937079071998596,0.6579732894897461,39,8,7,18,0.3888888888888889
AttUNet_checkpoint-48,otherscanners,ses-01,anat,sub-chuv211_ses-01_acq-haste_run-7_echo-1_T2w,0.7978248596191406,0.6636511087417603,77,14,16,28,0.5714285714285714
AttUNet_checkpoint-48,otherscanners,ses-01,anat,sub-chuv211_ses-01_acq-haste_run-7_echo-2_T2w,0.7894936800003052,0.6522011756896973,67,14,12,27,0.4444444444444444
AttUNet_checkpoint-48,otherscanners,ses-01,anat,sub-chuv211_ses-01_acq-haste_run-7_echo-3_T2w,0.7829564213752747,0.6433265209197998,75,14,10,27,0.37037037037037035
AttUNet_checkpoint-48,otherscanners,ses-01,anat,sub-chuv211_ses-01_acq-haste_run-7_echo-4_T2w,0.763867199420929,0.6179491281509399,60,9,10,28,0.35714285714285715
AttUNet_checkpoint-48,otherscanners,ses-01,anat,sub-chuv211_ses-01_acq-haste_run-7_echo-5_T2w,0.7572154998779297,0.6092894673347473,64,13,10,29,0.3448275862068966
AttUNet_checkpoint-48,otherscanners,ses-01,anat,sub-chuv211_ses-01_acq-haste_run-7_echo-6_T2w,0.7530861496925354,0.6039600372314453,62,12,10,29,0.3448275862068966
AttUNet_checkpoint-48,otherscanners,ses-01,anat,sub-chuv211_ses-01_acq-haste_run-8_echo-1_T2w,0.9709447026252747,0.9435301423072815,22,2,1,21,0.047619047619047616
AttUNet_checkpoint-48,otherscanners,ses-01,anat,sub-chuv211_ses-01_acq-haste_run-8_echo-2_T2w,0.9691267013549805,0.9401026964187622,21,1,0,21,0.0
AttUNet_checkpoint-48,otherscanners,ses-01,anat,sub-chuv211_ses-01_acq-haste_run-8_echo-3_T2w,0.9678792953491211,0.9377577900886536,21,1,0,21,0.0
AttUNet_checkpoint-48,otherscanners,ses-01,anat,sub-chuv211_ses-01_acq-haste_run-8_echo-4_T2w,0.9664696455001831,0.9351149201393127,21,1,0,21,0.0
AttUNet_checkpoint-48,otherscanners,ses-01,anat,sub-chuv211_ses-01_acq-haste_run-8_echo-5_T2w,0.9656519889831543,0.9335851669311523,23,2,2,21,0.09523809523809523
AttUNet_checkpoint-48,otherscanners,ses-01,anat,sub-chuv211_ses-01_acq-haste_run-8_echo-6_T2w,0.9641268253326416,0.9307382702827454,22,2,1,21,0.047619047619047616
AttUNet_checkpoint-48,otherscanners,ses-01,anat,sub-chuv211_ses-01_acq-haste_run-9_echo-1_T2w,0.972983181476593,0.9473877549171448,22,1,0,22,0.0
AttUNet_checkpoint-48,otherscanners,ses-01,anat,sub-chuv211_ses-01_acq-haste_run-9_echo-2_T2w,0.9710171222686768,0.943666934967041,22,1,0,22,0.0
AttUNet_checkpoint-48,otherscanners,ses-01,anat,sub-chuv211_ses-01_acq-haste_run-9_echo-3_T2w,0.9696386456489563,0.941066563129425,22,1,0,22,0.0
AttUNet_checkpoint-48,otherscanners,ses-01,anat,sub-chuv211_ses-01_acq-haste_run-9_echo-4_T2w,0.9673413038253784,0.9367483258247375,22,1,0,22,0.0
AttUNet_checkpoint-48,otherscanners,ses-01,anat,sub-chuv211_ses-01_acq-haste_run-9_echo-5_T2w,0.9656361937522888,0.9335557222366333,22,1,0,22,0.0
AttUNet_checkpoint-48,otherscanners,ses-01,anat,sub-chuv211_ses-01_acq-haste_run-9_echo-6_T2w,0.9632593989372253,0.929122805595398,22,1,0,22,0.0
AttUNet_checkpoint-48,otherscanners,ses-01,anat,sub-chuv224_ses-01_acq-haste_run-10_echo-1_T2w,0.8643984198570251,0.761181116104126,37,16,4,15,0.26666666666666666
AttUNet_checkpoint-48,otherscanners,ses-01,anat,sub-chuv224_ses-01_acq-haste_run-10_echo-2_T2w,0.8787510395050049,0.7837252020835876,31,8,4,15,0.26666666666666666
AttUNet_checkpoint-48,otherscanners,ses-01,anat,sub-chuv224_ses-01_acq-haste_run-10_echo-3_T2w,0.8842347264289856,0.7924916744232178,26,9,4,15,0.26666666666666666
AttUNet_checkpoint-48,otherscanners,ses-01,anat,sub-chuv224_ses-01_acq-haste_run-10_echo-4_T2w,0.8825892806053162,0.7898522019386292,23,5,4,15,0.26666666666666666
AttUNet_checkpoint-48,otherscanners,ses-01,anat,sub-chuv224_ses-01_acq-haste_run-10_echo-5_T2w,0.8582166433334351,0.7516457438468933,29,7,4,15,0.26666666666666666
AttUNet_checkpoint-48,otherscanners,ses-01,anat,sub-chuv224_ses-01_acq-haste_run-10_echo-6_T2w,0.7956373691558838,0.6606294512748718,43,13,7,17,0.4117647058823529
AttUNet_checkpoint-48,otherscanners,ses-01,anat,sub-chuv224_ses-01_acq-haste_run-11_echo-1_T2w,0.9495980143547058,0.9040329456329346,21,3,1,19,0.05263157894736842
AttUNet_checkpoint-48,otherscanners,ses-01,anat,sub-chuv224_ses-01_acq-haste_run-11_echo-2_T2w,0.9491711258888245,0.9032594561576843,21,3,1,19,0.05263157894736842
AttUNet_checkpoint-48,otherscanners,ses-01,anat,sub-chuv224_ses-01_acq-haste_run-11_echo-3_T2w,0.9492575526237488,0.9034160375595093,21,3,1,19,0.05263157894736842
AttUNet_checkpoint-48,otherscanners,ses-01,anat,sub-chuv224_ses-01_acq-haste_run-11_echo-4_T2w,0.9497501254081726,0.9043087959289551,21,3,1,19,0.05263157894736842
AttUNet_checkpoint-48,otherscanners,ses-01,anat,sub-chuv224_ses-01_acq-haste_run-11_echo-5_T2w,0.9409297704696655,0.8884488940238953,24,3,3,20,0.15
AttUNet_checkpoint-48,otherscanners,ses-01,anat,sub-chuv224_ses-01_acq-haste_run-11_echo-6_T2w,0.9283331632614136,0.8662516474723816,28,3,3,22,0.13636363636363635
AttUNet_checkpoint-48,otherscanners,ses-01,anat,sub-chuv224_ses-01_acq-haste_run-12_echo-1_T2w,0.950663149356842,0.9059656262397766,21,2,2,19,0.10526315789473684
AttUNet_checkpoint-48,otherscanners,ses-01,anat,sub-chuv224_ses-01_acq-haste_run-12_echo-2_T2w,0.9508358240127563,0.9062793254852295,21,2,2,19,0.10526315789473684
AttUNet_checkpoint-48,otherscanners,ses-01,anat,sub-chuv224_ses-01_acq-haste_run-12_echo-3_T2w,0.9499178528785706,0.9046129584312439,22,2,3,19,0.15789473684210525
AttUNet_checkpoint-48,otherscanners,ses-01,anat,sub-chuv224_ses-01_acq-haste_run-12_echo-4_T2w,0.9468364119529724,0.8990402221679688,22,2,3,19,0.15789473684210525
AttUNet_checkpoint-48,otherscanners,ses-01,anat,sub-chuv224_ses-01_acq-haste_run-12_echo-5_T2w,0.9430071711540222,0.8921604156494141,21,2,2,19,0.10526315789473684
AttUNet_checkpoint-48,otherscanners,ses-01,anat,sub-chuv224_ses-01_acq-haste_run-12_echo-6_T2w,0.9386608600616455,0.8844118118286133,20,2,1,19,0.05263157894736842
AttUNet_checkpoint-48,otherscanners,ses-01,anat,sub-chuv224_ses-01_acq-haste_run-13_echo-1_T2w,0.9736169576644897,0.9485902786254883,18,1,0,18,0.0
AttUNet_checkpoint-48,otherscanners,ses-01,anat,sub-chuv224_ses-01_acq-haste_run-13_echo-2_T2w,0.9720630645751953,0.9456446170806885,19,2,1,18,0.05555555555555555
AttUNet_checkpoint-48,otherscanners,ses-01,anat,sub-chuv224_ses-01_acq-haste_run-13_echo-3_T2w,0.9698354005813599,0.9414372444152832,20,2,2,18,0.1111111111111111
AttUNet_checkpoint-48,otherscanners,ses-01,anat,sub-chuv224_ses-01_acq-haste_run-13_echo-4_T2w,0.9608948826789856,0.92473304271698,19,2,1,18,0.05555555555555555
AttUNet_checkpoint-48,otherscanners,ses-01,anat,sub-chuv224_ses-01_acq-haste_run-13_echo-5_T2w,0.951659083366394,0.907776415348053,25,5,2,19,0.10526315789473684
AttUNet_checkpoint-48,otherscanners,ses-01,anat,sub-chuv224_ses-01_acq-haste_run-13_echo-6_T2w,0.9396002888679504,0.8860812187194824,19,1,0,19,0.0
AttUNet_checkpoint-48,otherscanners,ses-01,anat,sub-chuv224_ses-01_acq-haste_run-14_echo-1_T2w,0.9713260531425476,0.9442506432533264,22,1,0,22,0.0
AttUNet_checkpoint-48,otherscanners,ses-01,anat,sub-chuv224_ses-01_acq-haste_run-14_echo-2_T2w,0.9710111021995544,0.9436555504798889,22,1,0,22,0.0
AttUNet_checkpoint-48,otherscanners,ses-01,anat,sub-chuv224_ses-01_acq-haste_run-14_echo-3_T2w,0.9704363942146301,0.9425706267356873,22,1,0,22,0.0
AttUNet_checkpoint-48,otherscanners,ses-01,anat,sub-chuv224_ses-01_acq-haste_run-14_echo-4_T2w,0.9686954617500305,0.9392914175987244,22,1,0,22,0.0
AttUNet_checkpoint-48,otherscanners,ses-01,anat,sub-chuv224_ses-01_acq-haste_run-14_echo-5_T2w,0.9662896990776062,0.9347780346870422,22,1,0,22,0.0
AttUNet_checkpoint-48,otherscanners,ses-01,anat,sub-chuv224_ses-01_acq-haste_run-14_echo-6_T2w,0.9640807509422302,0.9306524395942688,22,1,0,22,0.0
AttUNet_checkpoint-48,otherscanners,ses-01,anat,sub-chuv224_ses-01_acq-haste_run-15_echo-1_T2w,0.8503882884979248,0.7397178411483765,39,6,9,19,0.47368421052631576
AttUNet_checkpoint-48,otherscanners,ses-01,anat,sub-chuv224_ses-01_acq-haste_run-15_echo-2_T2w,0.8542905449867249,0.7456432580947876,44,6,10,19,0.5263157894736842
AttUNet_checkpoint-48,otherscanners,ses-01,anat,sub-chuv224_ses-01_acq-haste_run-15_echo-3_T2w,0.8593764305114746,0.7534268498420715,50,10,10,20,0.5
AttUNet_checkpoint-48,otherscanners,ses-01,anat,sub-chuv224_ses-01_acq-haste_run-15_echo-4_T2w,0.8616291880607605,0.7568967938423157,56,9,9,20,0.45
AttUNet_checkpoint-48,otherscanners,ses-01,anat,sub-chuv224_ses-01_acq-haste_run-15_echo-5_T2w,0.8473623991012573,0.7351507544517517,43,6,10,21,0.47619047619047616
AttUNet_checkpoint-48,otherscanners,ses-01,anat,sub-chuv224_ses-01_acq-haste_run-15_echo-6_T2w,0.8487006425857544,0.7371675968170166,55,8,11,21,0.5238095238095238
AttUNet_checkpoint-48,otherscanners,ses-01,anat,sub-chuv224_ses-01_acq-haste_run-16_echo-1_T2w,0.9555919170379639,0.9149603247642517,21,2,1,20,0.05
AttUNet_checkpoint-48,otherscanners,ses-01,anat,sub-chuv224_ses-01_acq-haste_run-16_echo-2_T2w,0.9504647254943848,0.9056053161621094,21,2,1,20,0.05
AttUNet_checkpoint-48,otherscanners,ses-01,anat,sub-chuv224_ses-01_acq-haste_run-16_echo-3_T2w,0.9358683228492737,0.8794666528701782,22,2,2,20,0.1
AttUNet_checkpoint-48,otherscanners,ses-01,anat,sub-chuv224_ses-01_acq-haste_run-16_echo-4_T2w,0.9169822931289673,0.8466918468475342,20,1,0,20,0.0
AttUNet_checkpoint-48,otherscanners,ses-01,anat,sub-chuv224_ses-01_acq-haste_run-16_echo-5_T2w,0.9073337912559509,0.830385148525238,21,2,1,20,0.05
AttUNet_checkpoint-48,otherscanners,ses-01,anat,sub-chuv224_ses-01_acq-haste_run-16_echo-6_T2w,0.9033774733543396,0.8237816691398621,26,4,2,22,0.09090909090909091
AttUNet_checkpoint-48,otherscanners,ses-01,anat,sub-chuv224_ses-01_acq-haste_run-17_echo-1_T2w,0.9455693960189819,0.8967583179473877,27,5,4,18,0.2222222222222222
AttUNet_checkpoint-48,otherscanners,ses-01,anat,sub-chuv224_ses-01_acq-haste_run-17_echo-2_T2w,0.9438577890396118,0.8936843872070312,26,4,4,19,0.21052631578947367
AttUNet_checkpoint-48,otherscanners,ses-01,anat,sub-chuv224_ses-01_acq-haste_run-17_echo-3_T2w,0.9421011805534363,0.8905399441719055,33,8,6,19,0.3157894736842105
AttUNet_checkpoint-48,otherscanners,ses-01,anat,sub-chuv224_ses-01_acq-haste_run-17_echo-4_T2w,0.9410211443901062,0.8886118531227112,28,5,5,19,0.2631578947368421
AttUNet_checkpoint-48,otherscanners,ses-01,anat,sub-chuv224_ses-01_acq-haste_run-17_echo-5_T2w,0.9421570301055908,0.8906398415565491,24,3,4,19,0.21052631578947367
AttUNet_checkpoint-48,otherscanners,ses-01,anat,sub-chuv224_ses-01_acq-haste_run-17_echo-6_T2w,0.9397286176681519,0.8863095045089722,22,2,2,20,0.1
AttUNet_checkpoint-48,otherscanners,ses-01,anat,sub-chuv224_ses-01_acq-haste_run-18_echo-1_T2w,0.9550110697746277,0.913895845413208,23,1,0,23,0.0
AttUNet_checkpoint-48,otherscanners,ses-01,anat,sub-chuv224_ses-01_acq-haste_run-18_echo-2_T2w,0.9544843435287476,0.9129316806793213,23,1,0,23,0.0
AttUNet_checkpoint-48,otherscanners,ses-01,anat,sub-chuv224_ses-01_acq-haste_run-18_echo-3_T2w,0.9539042115211487,0.9118708372116089,23,1,0,23,0.0
AttUNet_checkpoint-48,otherscanners,ses-01,anat,sub-chuv224_ses-01_acq-haste_run-18_echo-4_T2w,0.9514550566673279,0.9074051380157471,26,3,2,23,0.08695652173913043
AttUNet_checkpoint-48,otherscanners,ses-01,anat,sub-chuv224_ses-01_acq-haste_run-18_echo-5_T2w,0.9432873725891113,0.8926621675491333,34,8,3,23,0.13043478260869565
AttUNet_checkpoint-48,otherscanners,ses-01,anat,sub-chuv224_ses-01_acq-haste_run-18_echo-6_T2w,0.9372789859771729,0.8819615244865417,31,5,2,23,0.08695652173913043
AttUNet_checkpoint-48,otherscanners,ses-01,anat,sub-chuv224_ses-01_acq-haste_run-19_echo-1_T2w,0.9677622318267822,0.9375381469726562,24,3,1,22,0.045454545454545456
AttUNet_checkpoint-48,otherscanners,ses-01,anat,sub-chuv224_ses-01_acq-haste_run-19_echo-2_T2w,0.9687550663948059,0.9394034147262573,23,2,1,22,0.045454545454545456
AttUNet_checkpoint-48,otherscanners,ses-01,anat,sub-chuv224_ses-01_acq-haste_run-19_echo-3_T2w,0.9685111045837402,0.9389447569847107,23,2,1,22,0.045454545454545456
AttUNet_checkpoint-48,otherscanners,ses-01,anat,sub-chuv224_ses-01_acq-haste_run-19_echo-4_T2w,0.9667832851409912,0.9357022643089294,26,3,3,22,0.13636363636363635
AttUNet_checkpoint-48,otherscanners,ses-01,anat,sub-chuv224_ses-01_acq-haste_run-19_echo-5_T2w,0.9617026448249817,0.9262304306030273,27,4,3,22,0.13636363636363635
AttUNet_checkpoint-48,otherscanners,ses-01,anat,sub-chuv224_ses-01_acq-haste_run-19_echo-6_T2w,0.9568494558334351,0.9172688126564026,33,5,5,22,0.22727272727272727
AttUNet_checkpoint-48,otherscanners,ses-01,anat,sub-chuv224_ses-01_acq-haste_run-1_echo-1_T2w,0.5714849233627319,0.4000552296638489,17,2,1,16,0.0625
AttUNet_checkpoint-48,otherscanners,ses-01,anat,sub-chuv224_ses-01_acq-haste_run-1_echo-2_T2w,0.5741182565689087,0.4026408791542053,17,2,1,16,0.0625
AttUNet_checkpoint-48,otherscanners,ses-01,anat,sub-chuv224_ses-01_acq-haste_run-1_echo-3_T2w,0.575989842414856,0.4044843912124634,15,2,1,14,0.07142857142857142
AttUNet_checkpoint-48,otherscanners,ses-01,anat,sub-chuv224_ses-01_acq-haste_run-1_echo-4_T2w,0.573498010635376,0.40203097462654114,15,2,1,14,0.07142857142857142
AttUNet_checkpoint-48,otherscanners,ses-01,anat,sub-chuv224_ses-01_acq-haste_run-1_echo-5_T2w,0.5716016292572021,0.40016961097717285,15,2,1,14,0.07142857142857142
AttUNet_checkpoint-48,otherscanners,ses-01,anat,sub-chuv224_ses-01_acq-haste_run-1_echo-6_T2w,0.5587077140808105,0.38764357566833496,25,8,2,15,0.13333333333333333
AttUNet_checkpoint-48,otherscanners,ses-01,anat,sub-chuv224_ses-01_acq-haste_run-20_echo-1_T2w,0.949853241443634,0.9044956564903259,23,2,1,22,0.045454545454545456
AttUNet_checkpoint-48,otherscanners,ses-01,anat,sub-chuv224_ses-01_acq-haste_run-20_echo-2_T2w,0.9486715793609619,0.9023551344871521,22,1,0,22,0.0
AttUNet_checkpoint-48,otherscanners,ses-01,anat,sub-chuv224_ses-01_acq-haste_run-20_echo-3_T2w,0.9455417990684509,0.896708607673645,24,3,1,22,0.045454545454545456
AttUNet_checkpoint-48,otherscanners,ses-01,anat,sub-chuv224_ses-01_acq-haste_run-20_echo-4_T2w,0.9354353547096252,0.8787022829055786,24,2,1,23,0.043478260869565216
AttUNet_checkpoint-48,otherscanners,ses-01,anat,sub-chuv224_ses-01_acq-haste_run-20_echo-5_T2w,0.9041779637336731,0.8251138925552368,30,3,5,23,0.21739130434782608
AttUNet_checkpoint-48,otherscanners,ses-01,anat,sub-chuv224_ses-01_acq-haste_run-20_echo-6_T2w,0.8963136076927185,0.8121089935302734,30,5,4,21,0.19047619047619047
AttUNet_checkpoint-48,otherscanners,ses-01,anat,sub-chuv224_ses-01_acq-haste_run-21_echo-1_T2w,0.92751145362854,0.86482173204422,20,3,2,17,0.11764705882352941
AttUNet_checkpoint-48,otherscanners,ses-01,anat,sub-chuv224_ses-01_acq-haste_run-21_echo-2_T2w,0.9247863292694092,0.8600953817367554,20,4,1,17,0.058823529411764705
AttUNet_checkpoint-48,otherscanners,ses-01,anat,sub-chuv224_ses-01_acq-haste_run-21_echo-3_T2w,0.9198527932167053,0.8515994548797607,19,3,1,17,0.058823529411764705
AttUNet_checkpoint-48,otherscanners,ses-01,anat,sub-chuv224_ses-01_acq-haste_run-21_echo-4_T2w,0.8812500834465027,0.7877095937728882,23,5,3,17,0.17647058823529413
AttUNet_checkpoint-48,otherscanners,ses-01,anat,sub-chuv224_ses-01_acq-haste_run-21_echo-5_T2w,0.8421063423156738,0.7272742986679077,34,11,5,17,0.29411764705882354
AttUNet_checkpoint-48,otherscanners,ses-01,anat,sub-chuv224_ses-01_acq-haste_run-21_echo-6_T2w,0.827693521976471,0.7060385346412659,38,7,5,18,0.2777777777777778
AttUNet_checkpoint-48,otherscanners,ses-01,anat,sub-chuv224_ses-01_acq-haste_run-22_echo-1_T2w,0.9716365933418274,0.9448378086090088,22,1,0,22,0.0
AttUNet_checkpoint-48,otherscanners,ses-01,anat,sub-chuv224_ses-01_acq-haste_run-22_echo-2_T2w,0.9711948037147522,0.944002628326416,22,1,0,22,0.0
AttUNet_checkpoint-48,otherscanners,ses-01,anat,sub-chuv224_ses-01_acq-haste_run-22_echo-3_T2w,0.9703902006149292,0.9424834251403809,22,1,0,22,0.0
AttUNet_checkpoint-48,otherscanners,ses-01,anat,sub-chuv224_ses-01_acq-haste_run-22_echo-4_T2w,0.9683710336685181,0.9386815428733826,22,1,0,22,0.0
AttUNet_checkpoint-48,otherscanners,ses-01,anat,sub-chuv224_ses-01_acq-haste_run-22_echo-5_T2w,0.9660407304763794,0.9343121647834778,22,1,0,22,0.0
AttUNet_checkpoint-48,otherscanners,ses-01,anat,sub-chuv224_ses-01_acq-haste_run-22_echo-6_T2w,0.9629381895065308,0.9285253882408142,22,1,0,22,0.0
AttUNet_checkpoint-48,otherscanners,ses-01,anat,sub-chuv224_ses-01_acq-haste_run-23_echo-1_T2w,0.9702339172363281,0.9421886801719666,19,1,0,19,0.0
AttUNet_checkpoint-48,otherscanners,ses-01,anat,sub-chuv224_ses-01_acq-haste_run-23_echo-2_T2w,0.9685493111610413,0.9390165209770203,19,1,0,19,0.0
AttUNet_checkpoint-48,otherscanners,ses-01,anat,sub-chuv224_ses-01_acq-haste_run-23_echo-3_T2w,0.9669479131698608,0.9360107779502869,19,1,0,19,0.0
AttUNet_checkpoint-48,otherscanners,ses-01,anat,sub-chuv224_ses-01_acq-haste_run-23_echo-4_T2w,0.9616854786872864,0.9261986613273621,23,2,2,21,0.09523809523809523
AttUNet_checkpoint-48,otherscanners,ses-01,anat,sub-chuv224_ses-01_acq-haste_run-23_echo-5_T2w,0.9558591842651367,0.9154504537582397,22,2,1,21,0.047619047619047616
AttUNet_checkpoint-48,otherscanners,ses-01,anat,sub-chuv224_ses-01_acq-haste_run-23_echo-6_T2w,0.9451272487640381,0.8959632515907288,30,5,4,22,0.18181818181818182
AttUNet_checkpoint-48,otherscanners,ses-01,anat,sub-chuv224_ses-01_acq-haste_run-24_echo-1_T2w,0.8420370221138,0.7271709442138672,43,6,8,20,0.4
AttUNet_checkpoint-48,otherscanners,ses-01,anat,sub-chuv224_ses-01_acq-haste_run-24_echo-2_T2w,0.8285537958145142,0.7072913646697998,40,5,10,20,0.5
AttUNet_checkpoint-48,otherscanners,ses-01,anat,sub-chuv224_ses-01_acq-haste_run-24_echo-3_T2w,0.8220891356468201,0.6979213953018188,40,5,9,20,0.45
AttUNet_checkpoint-48,otherscanners,ses-01,anat,sub-chuv224_ses-01_acq-haste_run-24_echo-4_T2w,0.8163939714431763,0.6897514462471008,41,4,10,20,0.5
AttUNet_checkpoint-48,otherscanners,ses-01,anat,sub-chuv224_ses-01_acq-haste_run-24_echo-5_T2w,0.8218144774436951,0.6975255608558655,45,6,10,22,0.45454545454545453
AttUNet_checkpoint-48,otherscanners,ses-01,anat,sub-chuv224_ses-01_acq-haste_run-24_echo-6_T2w,0.8435185551643372,0.7293835878372192,47,5,11,22,0.5
AttUNet_checkpoint-48,otherscanners,ses-01,anat,sub-chuv224_ses-01_acq-haste_run-25_echo-1_T2w,0.8504584431648254,0.7398239970207214,41,5,11,22,0.5
AttUNet_checkpoint-48,otherscanners,ses-01,anat,sub-chuv224_ses-01_acq-haste_run-25_echo-2_T2w,0.8291981816291809,0.7082310318946838,46,7,10,22,0.45454545454545453
AttUNet_checkpoint-48,otherscanners,ses-01,anat,sub-chuv224_ses-01_acq-haste_run-25_echo-3_T2w,0.8205674886703491,0.6957307457923889,48,8,9,22,0.4090909090909091
AttUNet_checkpoint-48,otherscanners,ses-01,anat,sub-chuv224_ses-01_acq-haste_run-25_echo-4_T2w,0.8114028573036194,0.6826558709144592,38,5,10,22,0.45454545454545453
AttUNet_checkpoint-48,otherscanners,ses-01,anat,sub-chuv224_ses-01_acq-haste_run-25_echo-5_T2w,0.8265560269355774,0.7043847441673279,51,7,12,22,0.5454545454545454
AttUNet_checkpoint-48,otherscanners,ses-01,anat,sub-chuv224_ses-01_acq-haste_run-25_echo-6_T2w,0.8648554086685181,0.7618901133537292,49,6,13,22,0.5909090909090909
AttUNet_checkpoint-48,otherscanners,ses-01,anat,sub-chuv224_ses-01_acq-haste_run-26_echo-1_T2w,0.9688896536827087,0.9396565556526184,23,2,1,22,0.045454545454545456
AttUNet_checkpoint-48,otherscanners,ses-01,anat,sub-chuv224_ses-01_acq-haste_run-26_echo-2_T2w,0.9686985015869141,0.939297080039978,23,2,1,22,0.045454545454545456
AttUNet_checkpoint-48,otherscanners,ses-01,anat,sub-chuv224_ses-01_acq-haste_run-26_echo-3_T2w,0.9680805802345276,0.9381358027458191,23,2,1,22,0.045454545454545456
AttUNet_checkpoint-48,otherscanners,ses-01,anat,sub-chuv224_ses-01_acq-haste_run-26_echo-4_T2w,0.9642737507820129,0.9310121536254883,24,3,1,22,0.045454545454545456
AttUNet_checkpoint-48,otherscanners,ses-01,anat,sub-chuv224_ses-01_acq-haste_run-26_echo-5_T2w,0.9603394269943237,0.9237048029899597,25,4,1,22,0.045454545454545456
AttUNet_checkpoint-48,otherscanners,ses-01,anat,sub-chuv224_ses-01_acq-haste_run-26_echo-6_T2w,0.958778440952301,0.9208207130432129,25,2,3,22,0.13636363636363635
AttUNet_checkpoint-48,otherscanners,ses-01,anat,sub-chuv224_ses-01_acq-haste_run-2_echo-1_T2w,0.8751786947250366,0.7780601978302002,24,6,1,19,0.05263157894736842
AttUNet_checkpoint-48,otherscanners,ses-01,anat,sub-chuv224_ses-01_acq-haste_run-2_echo-2_T2w,0.8735552430152893,0.7754976749420166,23,5,1,19,0.05263157894736842
AttUNet_checkpoint-48,otherscanners,ses-01,anat,sub-chuv224_ses-01_acq-haste_run-2_echo-3_T2w,0.8711631298065186,0.7717352509498596,24,4,2,19,0.10526315789473684
AttUNet_checkpoint-48,otherscanners,ses-01,anat,sub-chuv224_ses-01_acq-haste_run-2_echo-4_T2w,0.8622491955757141,0.757854163646698,29,7,3,20,0.15
AttUNet_checkpoint-48,otherscanners,ses-01,anat,sub-chuv224_ses-01_acq-haste_run-2_echo-5_T2w,0.8592355847358704,0.7532103657722473,31,9,4,20,0.2
AttUNet_checkpoint-48,otherscanners,ses-01,anat,sub-chuv224_ses-01_acq-haste_run-2_echo-6_T2w,0.85515296459198,0.746958315372467,25,3,3,20,0.15
AttUNet_checkpoint-48,otherscanners,ses-01,anat,sub-chuv224_ses-01_acq-haste_run-3_echo-1_T2w,0.9446268081665039,0.8950642347335815,20,3,1,18,0.05555555555555555
AttUNet_checkpoint-48,otherscanners,ses-01,anat,sub-chuv224_ses-01_acq-haste_run-3_echo-2_T2w,0.9438496232032776,0.8936697244644165,20,3,1,18,0.05555555555555555
AttUNet_checkpoint-48,otherscanners,ses-01,anat,sub-chuv224_ses-01_acq-haste_run-3_echo-3_T2w,0.943682849407196,0.8933707475662231,20,3,1,18,0.05555555555555555
AttUNet_checkpoint-48,otherscanners,ses-01,anat,sub-chuv224_ses-01_acq-haste_run-3_echo-4_T2w,0.9428579211235046,0.8918932676315308,21,3,2,18,0.1111111111111111
AttUNet_checkpoint-48,otherscanners,ses-01,anat,sub-chuv224_ses-01_acq-haste_run-3_echo-5_T2w,0.9254754185676575,0.86128830909729,25,3,2,21,0.09523809523809523
AttUNet_checkpoint-48,otherscanners,ses-01,anat,sub-chuv224_ses-01_acq-haste_run-3_echo-6_T2w,0.9216695427894592,0.8547190427780151,32,6,4,21,0.19047619047619047
AttUNet_checkpoint-48,otherscanners,ses-01,anat,sub-chuv224_ses-01_acq-haste_run-4_echo-1_T2w,0.9277411103248596,0.8652212023735046,20,2,1,19,0.05263157894736842
AttUNet_checkpoint-48,otherscanners,ses-01,anat,sub-chuv224_ses-01_acq-haste_run-4_echo-2_T2w,0.9228590130805969,0.8567671179771423,21,2,2,19,0.10526315789473684
AttUNet_checkpoint-48,otherscanners,ses-01,anat,sub-chuv224_ses-01_acq-haste_run-4_echo-3_T2w,0.9180755615234375,0.8485578894615173,18,1,0,18,0.0
AttUNet_checkpoint-48,otherscanners,ses-01,anat,sub-chuv224_ses-01_acq-haste_run-4_echo-4_T2w,0.910917341709137,0.8364078998565674,19,2,1,18,0.05555555555555555
AttUNet_checkpoint-48,otherscanners,ses-01,anat,sub-chuv224_ses-01_acq-haste_run-4_echo-5_T2w,0.903640627861023,0.8242194056510925,20,3,1,18,0.05555555555555555
AttUNet_checkpoint-48,otherscanners,ses-01,anat,sub-chuv224_ses-01_acq-haste_run-4_echo-6_T2w,0.8991488218307495,0.8167759776115417,19,2,1,18,0.05555555555555555
AttUNet_checkpoint-48,otherscanners,ses-01,anat,sub-chuv224_ses-01_acq-haste_run-5_echo-1_T2w,0.7371394634246826,0.5837061405181885,13,2,1,12,0.08333333333333333
AttUNet_checkpoint-48,otherscanners,ses-01,anat,sub-chuv224_ses-01_acq-haste_run-5_echo-2_T2w,0.7334187626838684,0.5790538787841797,14,3,1,12,0.08333333333333333
AttUNet_checkpoint-48,otherscanners,ses-01,anat,sub-chuv224_ses-01_acq-haste_run-5_echo-3_T2w,0.7300372123718262,0.5748493075370789,17,5,2,12,0.16666666666666666
AttUNet_checkpoint-48,otherscanners,ses-01,anat,sub-chuv224_ses-01_acq-haste_run-5_echo-4_T2w,0.7210670113563538,0.5638036131858826,17,5,2,12,0.16666666666666666
AttUNet_checkpoint-48,otherscanners,ses-01,anat,sub-chuv224_ses-01_acq-haste_run-5_echo-5_T2w,0.7153623104095459,0.5568591952323914,19,6,3,12,0.25
AttUNet_checkpoint-48,otherscanners,ses-01,anat,sub-chuv224_ses-01_acq-haste_run-5_echo-6_T2w,0.7140852212905884,0.5553130507469177,18,6,2,12,0.16666666666666666
AttUNet_checkpoint-48,otherscanners,ses-01,anat,sub-chuv224_ses-01_acq-haste_run-6_echo-1_T2w,0.9184026718139648,0.8491169810295105,22,1,0,22,0.0
AttUNet_checkpoint-48,otherscanners,ses-01,anat,sub-chuv224_ses-01_acq-haste_run-6_echo-2_T2w,0.9176207184791565,0.8477811217308044,24,2,2,22,0.09090909090909091
AttUNet_checkpoint-48,otherscanners,ses-01,anat,sub-chuv224_ses-01_acq-haste_run-6_echo-3_T2w,0.9171727299690247,0.8470166921615601,25,3,2,22,0.09090909090909091
AttUNet_checkpoint-48,otherscanners,ses-01,anat,sub-chuv224_ses-01_acq-haste_run-6_echo-4_T2w,0.9134771227836609,0.8407343626022339,24,2,2,22,0.09090909090909091
AttUNet_checkpoint-48,otherscanners,ses-01,anat,sub-chuv224_ses-01_acq-haste_run-6_echo-5_T2w,0.9104313850402832,0.835588812828064,22,1,0,22,0.0
AttUNet_checkpoint-48,otherscanners,ses-01,anat,sub-chuv224_ses-01_acq-haste_run-6_echo-6_T2w,0.9097955226898193,0.8345182538032532,23,2,1,22,0.045454545454545456
AttUNet_checkpoint-48,otherscanners,ses-01,anat,sub-chuv224_ses-01_acq-haste_run-7_echo-1_T2w,0.9321248531341553,0.8728780746459961,19,1,0,19,0.0
AttUNet_checkpoint-48,otherscanners,ses-01,anat,sub-chuv224_ses-01_acq-haste_run-7_echo-2_T2w,0.9304409027099609,0.8699294328689575,21,3,1,19,0.05263157894736842
AttUNet_checkpoint-48,otherscanners,ses-01,anat,sub-chuv224_ses-01_acq-haste_run-7_echo-3_T2w,0.9259797930717468,0.8621622920036316,26,5,2,19,0.10526315789473684
AttUNet_checkpoint-48,otherscanners,ses-01,anat,sub-chuv224_ses-01_acq-haste_run-7_echo-4_T2w,0.9167318344116211,0.8462648987770081,19,2,1,18,0.05555555555555555
AttUNet_checkpoint-48,otherscanners,ses-01,anat,sub-chuv224_ses-01_acq-haste_run-7_echo-5_T2w,0.915664792060852,0.8444480895996094,19,2,1,18,0.05555555555555555
AttUNet_checkpoint-48,otherscanners,ses-01,anat,sub-chuv224_ses-01_acq-haste_run-7_echo-6_T2w,0.9114949107170105,0.8373823165893555,24,3,3,19,0.15789473684210525
AttUNet_checkpoint-48,otherscanners,ses-01,anat,sub-chuv224_ses-01_acq-haste_run-8_echo-5_T2w,0.9059203863143921,0.8280205130577087,10,1,0,10,0.0
AttUNet_checkpoint-48,otherscanners,ses-01,anat,sub-chuv224_ses-01_acq-haste_run-8_echo-6_T2w,0.904136598110199,0.8250449299812317,10,1,0,10,0.0
AttUNet_checkpoint-48,otherscanners,ses-01,anat,sub-chuv224_ses-01_acq-haste_run-9_echo-1_T2w,0.950753390789032,0.9061295986175537,24,2,1,23,0.043478260869565216
AttUNet_checkpoint-48,otherscanners,ses-01,anat,sub-chuv224_ses-01_acq-haste_run-9_echo-2_T2w,0.9496707916259766,0.9041648507118225,25,3,1,23,0.043478260869565216
AttUNet_checkpoint-48,otherscanners,ses-01,anat,sub-chuv224_ses-01_acq-haste_run-9_echo-3_T2w,0.949238657951355,0.9033817648887634,25,3,1,23,0.043478260869565216
AttUNet_checkpoint-48,otherscanners,ses-01,anat,sub-chuv224_ses-01_acq-haste_run-9_echo-4_T2w,0.9486088752746582,0.9022416472434998,25,3,1,23,0.043478260869565216
AttUNet_checkpoint-48,otherscanners,ses-01,anat,sub-chuv224_ses-01_acq-haste_run-9_echo-5_T2w,0.9476075768470764,0.900431752204895,23,1,0,23,0.0
AttUNet_checkpoint-48,otherscanners,ses-01,anat,sub-chuv224_ses-01_acq-haste_run-9_echo-6_T2w,0.9463303089141846,0.8981280326843262,23,1,0,23,0.0
AttUNet_checkpoint-48,otherscanners,ses-01,anat,sub-chuv256_ses-01_acq-haste_run-1_echo-1_T2w,0.971805214881897,0.9451567530632019,26,2,1,25,0.04
AttUNet_checkpoint-48,otherscanners,ses-01,anat,sub-chuv256_ses-01_acq-haste_run-1_echo-2_T2w,0.9706118106842041,0.942901611328125,26,2,1,25,0.04
AttUNet_checkpoint-48,otherscanners,ses-01,anat,sub-chuv256_ses-01_acq-haste_run-1_echo-3_T2w,0.9700989127159119,0.9419341087341309,26,2,1,25,0.04
AttUNet_checkpoint-48,otherscanners,ses-01,anat,sub-chuv256_ses-01_acq-haste_run-1_echo-4_T2w,0.9693893194198608,0.9405969977378845,26,2,1,25,0.04
AttUNet_checkpoint-48,otherscanners,ses-01,anat,sub-chuv256_ses-01_acq-haste_run-1_echo-5_T2w,0.9685128927230835,0.9389481544494629,26,2,1,25,0.04
AttUNet_checkpoint-48,otherscanners,ses-01,anat,sub-chuv256_ses-01_acq-haste_run-1_echo-6_T2w,0.967709481716156,0.9374390840530396,26,2,1,25,0.04
AttUNet_checkpoint-48,otherscanners,ses-01,anat,sub-chuv256_ses-01_acq-haste_run-3_echo-1_T2w,0.9721534848213196,0.9458158016204834,24,1,0,24,0.0
AttUNet_checkpoint-48,otherscanners,ses-01,anat,sub-chuv256_ses-01_acq-haste_run-3_echo-2_T2w,0.9712176322937012,0.9440457820892334,24,1,0,24,0.0
AttUNet_checkpoint-48,otherscanners,ses-01,anat,sub-chuv256_ses-01_acq-haste_run-3_echo-3_T2w,0.9704644083976746,0.942623496055603,24,1,0,24,0.0
AttUNet_checkpoint-48,otherscanners,ses-01,anat,sub-chuv256_ses-01_acq-haste_run-3_echo-4_T2w,0.9694575071334839,0.9407253861427307,24,1,0,24,0.0
AttUNet_checkpoint-48,otherscanners,ses-01,anat,sub-chuv256_ses-01_acq-haste_run-3_echo-5_T2w,0.9686806201934814,0.9392634034156799,24,1,0,24,0.0
AttUNet_checkpoint-48,otherscanners,ses-01,anat,sub-chuv256_ses-01_acq-haste_run-3_echo-6_T2w,0.9678788781166077,0.937757134437561,24,1,0,24,0.0
AttUNet_checkpoint-48,otherscanners,ses-01,anat,sub-chuv256_ses-01_acq-haste_run-4_echo-1_T2w,0.9689478278160095,0.9397660493850708,31,3,1,29,0.034482758620689655
AttUNet_checkpoint-48,otherscanners,ses-01,anat,sub-chuv256_ses-01_acq-haste_run-4_echo-2_T2w,0.9683133363723755,0.9385730028152466,30,2,1,29,0.034482758620689655
AttUNet_checkpoint-48,otherscanners,ses-01,anat,sub-chuv256_ses-01_acq-haste_run-4_echo-3_T2w,0.9680237174034119,0.9380290508270264,30,2,1,29,0.034482758620689655
AttUNet_checkpoint-48,otherscanners,ses-01,anat,sub-chuv256_ses-01_acq-haste_run-4_echo-4_T2w,0.9675048589706421,0.9370551109313965,30,2,1,29,0.034482758620689655
AttUNet_checkpoint-48,otherscanners,ses-01,anat,sub-chuv256_ses-01_acq-haste_run-4_echo-5_T2w,0.9673006534576416,0.9366720914840698,29,1,0,29,0.0
AttUNet_checkpoint-48,otherscanners,ses-01,anat,sub-chuv256_ses-01_acq-haste_run-4_echo-6_T2w,0.9671805500984192,0.9364469051361084,29,1,0,29,0.0
AttUNet_checkpoint-48,otherscanners,ses-01,anat,sub-chuv256_ses-01_acq-haste_run-5_echo-5_T2w,0.8892108798027039,0.800521731376648,3,1,0,3,0.0
AttUNet_checkpoint-48,otherscanners,ses-01,anat,sub-chuv256_ses-01_acq-haste_run-5_echo-6_T2w,0.8894798159599304,0.8009577989578247,3,1,0,3,0.0
AttUNet_checkpoint-48,otherscanners,ses-01,anat,sub-chuv256_ses-01_acq-haste_run-6_echo-1_T2w,0.9747216701507568,0.9506898522377014,27,3,3,23,0.13043478260869565
AttUNet_checkpoint-48,otherscanners,ses-01,anat,sub-chuv256_ses-01_acq-haste_run-6_echo-2_T2w,0.9747314453125,0.9507084488868713,26,3,2,23,0.08695652173913043
AttUNet_checkpoint-48,otherscanners,ses-01,anat,sub-chuv256_ses-01_acq-haste_run-6_echo-3_T2w,0.973587691783905,0.9485347270965576,29,3,4,23,0.17391304347826086
AttUNet_checkpoint-48,otherscanners,ses-01,anat,sub-chuv256_ses-01_acq-haste_run-6_echo-4_T2w,0.9712072014808655,0.9440260529518127,28,3,3,24,0.125
AttUNet_checkpoint-48,otherscanners,ses-01,anat,sub-chuv256_ses-01_acq-haste_run-6_echo-5_T2w,0.970363438129425,0.9424329996109009,28,3,3,24,0.125
AttUNet_checkpoint-48,otherscanners,ses-01,anat,sub-chuv256_ses-01_acq-haste_run-6_echo-6_T2w,0.9698390960693359,0.9414442777633667,26,3,2,23,0.08695652173913043
AttUNet_checkpoint-48,otherscanners,ses-01,anat,sub-chuv256_ses-01_acq-haste_run-7_echo-1_T2w,0.9743016958236694,0.9498910903930664,29,1,0,29,0.0
AttUNet_checkpoint-48,otherscanners,ses-01,anat,sub-chuv256_ses-01_acq-haste_run-7_echo-2_T2w,0.9738588929176331,0.949049711227417,29,1,0,29,0.0
AttUNet_checkpoint-48,otherscanners,ses-01,anat,sub-chuv256_ses-01_acq-haste_run-7_echo-3_T2w,0.9736682176589966,0.9486876130104065,29,1,0,29,0.0
AttUNet_checkpoint-48,otherscanners,ses-01,anat,sub-chuv256_ses-01_acq-haste_run-7_echo-4_T2w,0.9735103845596313,0.9483879804611206,29,1,0,29,0.0
AttUNet_checkpoint-48,otherscanners,ses-01,anat,sub-chuv256_ses-01_acq-haste_run-7_echo-5_T2w,0.9736714959144592,0.9486937522888184,29,1,0,29,0.0
AttUNet_checkpoint-48,otherscanners,ses-01,anat,sub-chuv256_ses-01_acq-haste_run-7_echo-6_T2w,0.9713776707649231,0.9443482756614685,31,2,1,30,0.03333333333333333
AttUNet_checkpoint-48,otherscanners,ses-01,anat,sub-chuv256_ses-01_acq-haste_run-8_echo-1_T2w,0.9755666851997375,0.9522988796234131,28,3,3,24,0.125
AttUNet_checkpoint-48,otherscanners,ses-01,anat,sub-chuv256_ses-01_acq-haste_run-8_echo-2_T2w,0.9751433730125427,0.951492428779602,28,2,3,25,0.12
AttUNet_checkpoint-48,otherscanners,ses-01,anat,sub-chuv256_ses-01_acq-haste_run-8_echo-3_T2w,0.9749793410301208,0.9511802196502686,26,2,1,25,0.04
AttUNet_checkpoint-48,otherscanners,ses-01,anat,sub-chuv256_ses-01_acq-haste_run-8_echo-4_T2w,0.9747083783149719,0.9506645798683167,25,2,1,24,0.041666666666666664
AttUNet_checkpoint-48,otherscanners,ses-01,anat,sub-chuv256_ses-01_acq-haste_run-8_echo-5_T2w,0.9739089608192444,0.9491448402404785,28,2,3,25,0.12
AttUNet_checkpoint-48,otherscanners,ses-01,anat,sub-chuv256_ses-01_acq-haste_run-8_echo-6_T2w,0.9730051159858704,0.947429358959198,27,2,2,25,0.08
AttUNet_checkpoint-48,otherscanners,ses-01,anat,sub-chuv256_ses-01_acq-haste_run-9_echo-5_T2w,0.9596155881881714,0.9223663210868835,8,1,0,8,0.0
AttUNet_checkpoint-48,otherscanners,ses-01,anat,sub-chuv256_ses-01_acq-haste_run-9_echo-6_T2w,0.9592523574829102,0.9216954708099365,8,1,0,8,0.0
AttUNet_checkpoint-48,otherscanners,ses-01,anat,sub-chuv258_ses-01_acq-haste_run-1_echo-1_T2w,0.9796271920204163,0.9600679874420166,24,1,0,24,0.0
AttUNet_checkpoint-48,otherscanners,ses-01,anat,sub-chuv258_ses-01_acq-haste_run-1_echo-2_T2w,0.9779224991798401,0.956798791885376,25,2,1,24,0.041666666666666664
AttUNet_checkpoint-48,otherscanners,ses-01,anat,sub-chuv258_ses-01_acq-haste_run-1_echo-3_T2w,0.9659207463264465,0.9340876936912537,25,1,0,25,0.0
AttUNet_checkpoint-48,otherscanners,ses-01,anat,sub-chuv258_ses-01_acq-haste_run-1_echo-4_T2w,0.9052140712738037,0.8268411159515381,30,4,3,25,0.12
AttUNet_checkpoint-48,otherscanners,ses-01,anat,sub-chuv258_ses-01_acq-haste_run-1_echo-5_T2w,0.9133483171463013,0.8405161499977112,29,3,3,25,0.12
AttUNet_checkpoint-48,otherscanners,ses-01,anat,sub-chuv258_ses-01_acq-haste_run-1_echo-6_T2w,0.9116382598876953,0.8376243114471436,39,5,7,24,0.2916666666666667
AttUNet_checkpoint-48,otherscanners,ses-01,anat,sub-chuv258_ses-01_acq-haste_run-2_echo-1_T2w,0.9470028281211853,0.8993403911590576,37,16,1,22,0.045454545454545456
AttUNet_checkpoint-48,otherscanners,ses-01,anat,sub-chuv258_ses-01_acq-haste_run-2_echo-2_T2w,0.9544934630393982,0.9129483103752136,22,1,0,22,0.0
AttUNet_checkpoint-48,otherscanners,ses-01,anat,sub-chuv258_ses-01_acq-haste_run-2_echo-3_T2w,0.944388210773468,0.8946359157562256,22,1,0,22,0.0
AttUNet_checkpoint-48,otherscanners,ses-01,anat,sub-chuv258_ses-01_acq-haste_run-2_echo-4_T2w,0.8466929793357849,0.7341436147689819,56,8,10,25,0.4
AttUNet_checkpoint-48,otherscanners,ses-01,anat,sub-chuv258_ses-01_acq-haste_run-2_echo-5_T2w,0.8438735008239746,0.7299145460128784,43,6,8,25,0.32
AttUNet_checkpoint-48,otherscanners,ses-01,anat,sub-chuv258_ses-01_acq-haste_run-2_echo-6_T2w,0.8526461720466614,0.7431414127349854,51,5,10,25,0.4
AttUNet_checkpoint-48,otherscanners,ses-01,anat,sub-chuv258_ses-01_acq-haste_run-3_echo-1_T2w,0.9762225151062012,0.9535495042800903,22,1,0,22,0.0
AttUNet_checkpoint-48,otherscanners,ses-01,anat,sub-chuv258_ses-01_acq-haste_run-3_echo-2_T2w,0.9726347327232361,0.9467272758483887,22,1,0,22,0.0
AttUNet_checkpoint-48,otherscanners,ses-01,anat,sub-chuv258_ses-01_acq-haste_run-3_echo-3_T2w,0.95041823387146,0.9055209159851074,23,1,0,23,0.0
AttUNet_checkpoint-48,otherscanners,ses-01,anat,sub-chuv258_ses-01_acq-haste_run-3_echo-4_T2w,0.8913618922233582,0.8040151596069336,39,6,8,25,0.32
AttUNet_checkpoint-48,otherscanners,ses-01,anat,sub-chuv258_ses-01_acq-haste_run-3_echo-5_T2w,0.8520804643630981,0.7422823905944824,74,10,16,25,0.64
AttUNet_checkpoint-48,otherscanners,ses-01,anat,sub-chuv258_ses-01_acq-haste_run-3_echo-6_T2w,0.7810294032096863,0.6407287120819092,45,4,9,24,0.375
AttUNet_checkpoint-48,otherscanners,ses-01,anat,sub-chuv258_ses-01_acq-haste_run-4_echo-1_T2w,0.9753325581550598,0.9518527388572693,22,3,2,19,0.10526315789473684
AttUNet_checkpoint-48,otherscanners,ses-01,anat,sub-chuv258_ses-01_acq-haste_run-4_echo-2_T2w,0.9712486863136292,0.9441044330596924,22,3,2,19,0.10526315789473684
AttUNet_checkpoint-48,otherscanners,ses-01,anat,sub-chuv258_ses-01_acq-haste_run-4_echo-3_T2w,0.9582232236862183,0.9197971224784851,23,3,2,20,0.1
AttUNet_checkpoint-48,otherscanners,ses-01,anat,sub-chuv258_ses-01_acq-haste_run-4_echo-4_T2w,0.82884281873703,0.7077127695083618,25,5,2,19,0.10526315789473684
AttUNet_checkpoint-48,otherscanners,ses-01,anat,sub-chuv258_ses-01_acq-haste_run-4_echo-5_T2w,0.8388352990150452,0.7224085330963135,37,8,6,19,0.3157894736842105
AttUNet_checkpoint-48,otherscanners,ses-01,anat,sub-chuv258_ses-01_acq-haste_run-4_echo-6_T2w,0.7322003245353699,0.5775362849235535,42,8,8,15,0.5333333333333333
AttUNet_checkpoint-48,otherscanners,ses-01,anat,sub-chuv258_ses-01_acq-haste_run-5_echo-1_T2w,0.9797952771186829,0.9603908061981201,25,1,0,25,0.0
AttUNet_checkpoint-48,otherscanners,ses-01,anat,sub-chuv258_ses-01_acq-haste_run-5_echo-2_T2w,0.9790475964546204,0.9589552283287048,25,1,0,25,0.0
AttUNet_checkpoint-48,otherscanners,ses-01,anat,sub-chuv258_ses-01_acq-haste_run-5_echo-3_T2w,0.9714048504829407,0.9443995356559753,25,1,0,25,0.0
AttUNet_checkpoint-48,otherscanners,ses-01,anat,sub-chuv258_ses-01_acq-haste_run-5_echo-4_T2w,0.9364241361618042,0.8804488182067871,26,2,1,25,0.04
AttUNet_checkpoint-48,otherscanners,ses-01,anat,sub-chuv258_ses-01_acq-haste_run-5_echo-5_T2w,0.9403365850448608,0.8873918056488037,26,2,1,25,0.04
AttUNet_checkpoint-48,otherscanners,ses-01,anat,sub-chuv258_ses-01_acq-haste_run-5_echo-6_T2w,0.9100355505943298,0.8349222540855408,32,5,3,25,0.12
AttUNet_checkpoint-48,otherscanners,ses-01,anat,sub-chuv258_ses-01_acq-haste_run-7_echo-1_T2w,0.9731509685516357,0.9477059841156006,22,3,2,19,0.10526315789473684
AttUNet_checkpoint-48,otherscanners,ses-01,anat,sub-chuv258_ses-01_acq-haste_run-7_echo-2_T2w,0.9523912668228149,0.9091097712516785,24,3,3,20,0.15
AttUNet_checkpoint-48,otherscanners,ses-01,anat,sub-chuv258_ses-01_acq-haste_run-7_echo-3_T2w,0.9359404444694519,0.879594087600708,24,3,3,20,0.15
AttUNet_checkpoint-48,otherscanners,ses-01,anat,sub-chuv258_ses-01_acq-haste_run-7_echo-4_T2w,0.8303864002227783,0.7099664211273193,42,15,6,20,0.3
AttUNet_checkpoint-48,otherscanners,ses-01,anat,sub-chuv258_ses-01_acq-haste_run-7_echo-5_T2w,0.8750967979431152,0.777930736541748,30,4,5,20,0.25
AttUNet_checkpoint-48,otherscanners,ses-01,anat,sub-chuv258_ses-01_acq-haste_run-7_echo-6_T2w,0.8364776372909546,0.7189183831214905,30,3,8,19,0.42105263157894735
AttUNet_checkpoint-48,otherscanners,ses-01,anat,sub-chuv266_ses-01_acq-haste_run-1_echo-1_T2w,0.9629074335098267,0.9284682273864746,20,1,0,20,0.0
AttUNet_checkpoint-48,otherscanners,ses-01,anat,sub-chuv266_ses-01_acq-haste_run-1_echo-2_T2w,0.9625273942947388,0.9277617335319519,20,1,0,20,0.0
AttUNet_checkpoint-48,otherscanners,ses-01,anat,sub-chuv266_ses-01_acq-haste_run-1_echo-3_T2w,0.96235191822052,0.9274357557296753,20,1,0,20,0.0
AttUNet_checkpoint-48,otherscanners,ses-01,anat,sub-chuv266_ses-01_acq-haste_run-1_echo-4_T2w,0.961992084980011,0.9267675876617432,20,1,0,20,0.0
AttUNet_checkpoint-48,otherscanners,ses-01,anat,sub-chuv266_ses-01_acq-haste_run-1_echo-5_T2w,0.9615249037742615,0.9259008169174194,20,1,0,20,0.0
AttUNet_checkpoint-48,otherscanners,ses-01,anat,sub-chuv266_ses-01_acq-haste_run-1_echo-6_T2w,0.9613836407661438,0.9256388545036316,20,1,0,20,0.0
AttUNet_checkpoint-48,otherscanners,ses-01,anat,sub-chuv266_ses-01_acq-haste_run-2_echo-1_T2w,0.9338037967681885,0.8758273124694824,19,4,1,16,0.0625
AttUNet_checkpoint-48,otherscanners,ses-01,anat,sub-chuv266_ses-01_acq-haste_run-2_echo-2_T2w,0.9374491572380066,0.8822628855705261,16,1,0,16,0.0
AttUNet_checkpoint-48,otherscanners,ses-01,anat,sub-chuv266_ses-01_acq-haste_run-2_echo-3_T2w,0.9381400942802429,0.8834875822067261,16,1,0,16,0.0
AttUNet_checkpoint-48,otherscanners,ses-01,anat,sub-chuv266_ses-01_acq-haste_run-2_echo-4_T2w,0.9364814758300781,0.8805502653121948,16,1,0,16,0.0
AttUNet_checkpoint-48,otherscanners,ses-01,anat,sub-chuv266_ses-01_acq-haste_run-2_echo-5_T2w,0.9341986179351807,0.8765222430229187,17,2,1,16,0.0625
AttUNet_checkpoint-48,otherscanners,ses-01,anat,sub-chuv266_ses-01_acq-haste_run-2_echo-6_T2w,0.9316992163658142,0.8721319437026978,17,2,1,16,0.0625
AttUNet_checkpoint-48,otherscanners,ses-01,anat,sub-chuv266_ses-01_acq-haste_run-3_echo-1_T2w,0.9054864048957825,0.8272956609725952,40,12,3,18,0.16666666666666666
AttUNet_checkpoint-48,otherscanners,ses-01,anat,sub-chuv266_ses-01_acq-haste_run-3_echo-2_T2w,0.9034027457237244,0.8238236904144287,39,16,4,18,0.2222222222222222
AttUNet_checkpoint-48,otherscanners,ses-01,anat,sub-chuv266_ses-01_acq-haste_run-3_echo-3_T2w,0.9030863642692566,0.8232976198196411,28,10,2,18,0.1111111111111111
AttUNet_checkpoint-48,otherscanners,ses-01,anat,sub-chuv266_ses-01_acq-haste_run-3_echo-4_T2w,0.9044750928878784,0.8256088495254517,30,13,2,17,0.11764705882352941
AttUNet_checkpoint-48,otherscanners,ses-01,anat,sub-chuv266_ses-01_acq-haste_run-3_echo-5_T2w,0.9020349383354187,0.8215516209602356,31,10,4,18,0.2222222222222222
AttUNet_checkpoint-48,otherscanners,ses-01,anat,sub-chuv266_ses-01_acq-haste_run-3_echo-6_T2w,0.8969529867172241,0.8131593465805054,28,6,4,18,0.2222222222222222
AttUNet_checkpoint-48,otherscanners,ses-01,anat,sub-chuv266_ses-01_acq-haste_run-4_echo-1_T2w,0.9178771376609802,0.8482189774513245,21,3,2,18,0.1111111111111111
AttUNet_checkpoint-48,otherscanners,ses-01,anat,sub-chuv266_ses-01_acq-haste_run-4_echo-2_T2w,0.9156304597854614,0.8443897366523743,18,2,1,17,0.058823529411764705
AttUNet_checkpoint-48,otherscanners,ses-01,anat,sub-chuv266_ses-01_acq-haste_run-4_echo-3_T2w,0.9147394299507141,0.8428753614425659,18,2,1,17,0.058823529411764705
AttUNet_checkpoint-48,otherscanners,ses-01,anat,sub-chuv266_ses-01_acq-haste_run-4_echo-4_T2w,0.9126186966896057,0.8392812609672546,22,5,2,17,0.11764705882352941
AttUNet_checkpoint-48,otherscanners,ses-01,anat,sub-chuv266_ses-01_acq-haste_run-4_echo-5_T2w,0.9108557105064392,0.8363040089607239,19,3,1,17,0.058823529411764705
AttUNet_checkpoint-48,otherscanners,ses-01,anat,sub-chuv266_ses-01_acq-haste_run-4_echo-6_T2w,0.9080893993377686,0.8316518068313599,24,5,2,18,0.1111111111111111
AttUNet_checkpoint-48,otherscanners,ses-01,anat,sub-chuv266_ses-01_acq-haste_run-5_echo-1_T2w,0.9695361256599426,0.9408735036849976,25,3,1,23,0.043478260869565216
AttUNet_checkpoint-48,otherscanners,ses-01,anat,sub-chuv266_ses-01_acq-haste_run-5_echo-2_T2w,0.9690625667572021,0.939981997013092,25,3,1,23,0.043478260869565216
AttUNet_checkpoint-48,otherscanners,ses-01,anat,sub-chuv266_ses-01_acq-haste_run-5_echo-3_T2w,0.9684967994689941,0.938917875289917,25,3,1,23,0.043478260869565216
AttUNet_checkpoint-48,otherscanners,ses-01,anat,sub-chuv266_ses-01_acq-haste_run-5_echo-4_T2w,0.9678935408592224,0.9377845525741577,25,3,1,23,0.043478260869565216
AttUNet_checkpoint-48,otherscanners,ses-01,anat,sub-chuv266_ses-01_acq-haste_run-5_echo-5_T2w,0.9670901894569397,0.936277449131012,24,2,1,23,0.043478260869565216
AttUNet_checkpoint-48,otherscanners,ses-01,anat,sub-chuv266_ses-01_acq-haste_run-5_echo-6_T2w,0.9660704731941223,0.934367835521698,25,2,2,23,0.08695652173913043
AttUNet_checkpoint-48,otherscanners,ses-01,anat,sub-chuv266_ses-01_acq-haste_run-6_echo-1_T2w,0.9269875884056091,0.8639112710952759,28,5,3,20,0.15
AttUNet_checkpoint-48,otherscanners,ses-01,anat,sub-chuv266_ses-01_acq-haste_run-6_echo-2_T2w,0.9252317547798157,0.8608663082122803,28,5,3,20,0.15
AttUNet_checkpoint-48,otherscanners,ses-01,anat,sub-chuv266_ses-01_acq-haste_run-6_echo-3_T2w,0.9269835948944092,0.8639044165611267,29,5,4,20,0.2
AttUNet_checkpoint-48,otherscanners,ses-01,anat,sub-chuv266_ses-01_acq-haste_run-6_echo-4_T2w,0.9348112940788269,0.8776016235351562,25,3,3,21,0.14285714285714285
AttUNet_checkpoint-48,otherscanners,ses-01,anat,sub-chuv266_ses-01_acq-haste_run-6_echo-5_T2w,0.9370671510696411,0.8815864324569702,37,15,2,22,0.09090909090909091
AttUNet_checkpoint-48,otherscanners,ses-01,anat,sub-chuv266_ses-01_acq-haste_run-6_echo-6_T2w,0.9484379291534424,0.901932418346405,24,3,1,22,0.045454545454545456
AttUNet_checkpoint-48,otherscanners,ses-01,anat,sub-chuv266_ses-01_acq-haste_run-7_echo-1_T2w,0.9679891467094421,0.9379640817642212,22,2,1,21,0.047619047619047616
AttUNet_checkpoint-48,otherscanners,ses-01,anat,sub-chuv266_ses-01_acq-haste_run-7_echo-2_T2w,0.9676811099052429,0.9373857975006104,22,2,1,21,0.047619047619047616
AttUNet_checkpoint-48,otherscanners,ses-01,anat,sub-chuv266_ses-01_acq-haste_run-7_echo-3_T2w,0.9673687815666199,0.9367998838424683,22,2,1,21,0.047619047619047616
AttUNet_checkpoint-48,otherscanners,ses-01,anat,sub-chuv266_ses-01_acq-haste_run-7_echo-4_T2w,0.9667214155197144,0.9355864524841309,22,2,1,21,0.047619047619047616
AttUNet_checkpoint-48,otherscanners,ses-01,anat,sub-chuv266_ses-01_acq-haste_run-7_echo-5_T2w,0.9660993814468384,0.934421956539154,22,2,1,21,0.047619047619047616
AttUNet_checkpoint-48,otherscanners,ses-01,anat,sub-chuv266_ses-01_acq-haste_run-7_echo-6_T2w,0.9657779932022095,0.9338207244873047,22,2,1,21,0.047619047619047616
